# Quad UV tiled atlas
v 0.5939207 9.3000984 6.6945052
vt 0 0
vn -4.6817713 -2.5651679 2.9683051
v 0.7405542 8.6403589 6.6979284
vt 31 0
vn -4.7529974 -0.4374526 3.7511599
v 1.1965193 8.3070898 6.9905396
vt 31 31
vn -0.5201836 -0.0453871 5.5356884
v 1.0294914 8.8824196 6.9543691
vt 0 31
vn -2.4748807 -1.040123 5.474834
f 1/1/1 2/2/2 3/3/3 4/4/4
v 1.403482 11.243824 10.6195965
vt 32 0
vn 0.4062445 4.0723462 2.9630799
v 1.2542537 11.2434769 5.1932297
vt 63 0
vn -0.1636839 4.0287976 -3.0082901
v -0.1291358 11.2438231 5.2218757
vt 63 31
vn 0.0810893 4.4458046 -2.8545709
v 0.0187843 11.2437611 10.674159
vt 32 31
vn -0.0157338 3.8972194 3.0462792
f 5/5/5 6/6/6 7/7/7 8/8/8
v 2.4700067 5.5343065 10.744298
vt 64 0
vn 4.5909977 -1.5624859 3.2781017
v 2.1207356 6.1021657 11.1518259
vt 95 0
vn 3.479676 0.6438718 4.702558
v 1.0599459 5.3065166 11.4759569
vt 95 31
vn 0.8197986 -1.2241209 5.7963486
v 1.8641528 5.4495788 11.2383375
vt 64 31
vn 2.9311695 -1.5430486 5.0547996
f 9/9/9 10/10/10 11/11/11 12/12/12
v 1.4935538 -2.6717498 6.9400787
vt 96 0
vn 3.0399108 -2.7805736 0.9708156
v 0.8663933 -2.9614742 6.6924849
vt 127 0
vn 1.2780849 -4.6192708 -1.3019443
v 1.21513 -2.4710884 6.3955317
vt 127 31
vn 3.0382249 -3.5182912 -3.6041915
v 1.3302191 -2.6825333 6.4982076
vt 96 31
vn 2.3669679 -2.3242869 -2.9144316
f 13/13/13 14/14/14 15/15/15 16/16/16
v -2.2117488 11.2430048 6.0252771
vt 128 0
vn -2.9245784 3.8431671 0.1220604
v -2.3616428 11.2428331 6.7112784
vt 159 0
vn -3.0621405 3.6786928 -0.440222
v -0.1291358 11.2438231 5.2218757
vt 159 31
vn 0.0810893 4.4458046 -2.8545709
v -1.8330982 11.2441425 5.2991867
vt 128 31
vn -0.2859316 4.8638539 -2.5485957
f 17/17/17 18/18/18 19/19/19 20/20/20
v -1.5961969 4.9394155 10.6416235
vt 160 0
vn -3.8636367 -4.3255839 1.7736619
v -1.081682 4.4285793 10.2669582
vt 191 0
vn -3.2797976 -4.9153123 0.5397025
v -0.6704236 4.3613739 10.7611504
vt 191 31
vn -1.7785062 -4.9772229 2.5246749
v -1.3642857 4.9836116 11.0563173
vt 160 31
vn -3.1965647 -3.4478374 3.5581796
f 21/21/21 22/22/22 23/23/23 24/24/24
v -1.904598 9.4341097 8.9796915
vt 192 0
vn -3.3718729 -1.9216355 -2.2560964
v -1.661285 9.6356497 8.8161707
vt 223 0
vn -1.8119786 -3.6605389 -2.6660669
v -1.5788527 9.3390903 8.748601
vt 223 31
vn -2.1787429 -2.1530969 -3.0507357
v -1.6492144 9.2447395 9.0334549
vt 192 31
vn -2.7952561 -4.420289 -3.2947407
f 25/25/25 26/26/26 27/27/27 28/28/28
v -0.7535881 6.3570552 11.4531088
vt 224 0
vn 0.1158636 1.6532385 5.2353082
v -1.0674857 7.077527 10.8738565
vt 255 0
vn -1.0783471 0.410025 4.9366026
v -2.0358391 6.819654 10.2342663
vt 255 31
vn -4.9457145 2.3180325 3.0043685
v -1.4945551 6.6195636 11.1541767
vt 224 31
vn -2.5267017 2.4635952 4.2277594
f 29/29/29 30/30/30 31/31/31 32/32/32
v 1.2564873 9.3295574 10.4071636
vt 256 0
vn -4.1245461 -0.2973964 4.4243507
v 1.1721839 9.6645765 10.4477901
vt 287 0
vn -1.9472895 -4.5076895 2.4448342
v 0.8115607 9.6933651 9.968277
vt 287 31
vn -2.6169882 -4.5516934 0.9656029
v 0.9474071 9.2304316 9.8774996
vt 256 31
vn -5.6785622 -1.4911777 2.0973847
f 33/33/33 34/34/34 35/35/35 36/36/36
v -0.6715243 4.9176145 11.3745842
vt 288 0
vn -1.208536 -2.8702235 4.9082518
v 0.178081 5.3496771 11.5329714
vt 319 0
vn 0.1062829 -0.478034 5.9471412
v -0.172938 5.719347 11.4405823
vt 319 31
vn 0.070641 1.4099579 6.0734401
v -0.7182596 5.4071798 11.4687557
vt 288 31
vn -0.9552231 -0.4019079 6.0614829
f 37/37/37 38/38/38 39/39/39 40/40/40
v 0.8663933 -2.9614742 6.6924849
vt 320 0
vn 1.2780849 -4.6192708 -1.3019443
v 1.4935538 -2.6717498 6.9400787
vt 351 0
vn 3.0399108 -2.7805736 0.9708156
v 0.7993363 -2.9270132 6.8392911
vt 351 31
vn 2.5075743 -5.0912657 1.8013666
v 0.3048024 -3.0197473 6.6527624
vt 320 31
vn -0.8747485 -4.7800865 -3.3222818
f 41/41/41 42/42/42 43/43/43 44/44/44
v 1.6252351 0.7632064 6.7004547
vt 352 0
vn 3.4927595 0.5990512 -4.2089348
v 1.3044606 0.5682266 6.2896552
vt 383 0
vn 3.7257864 1.4432673 -4.4737029
v 0.9316832 0.784041 5.9967084
vt 383 31
vn 3.014667 -0.9862826 -5.108006
v 1.4986247 1.0862128 6.3598804
vt 352 31
vn 4.4622793 -2.4849198 -3.5519855
f 45/45/45 46/46/46 47/47/47 48/48/48
v 1.8450209 -0.7034159 6.551692
vt 384 0
vn 6.1274714 -0.4661081 -1.0884265
v 1.8522041 -0.7466826 6.8022923
vt 415 0
vn 5.0757518 -0.4809753 -2.1884241
v 1.9275669 -1.0878932 6.9910297
vt 415 31
vn 4.9095612 -0.3407529 -3.2006505
v 1.8900769 -1.0089505 6.8241234
vt 384 31
vn 5.9333568 -0.1411169 -1.6916665
f 49/49/49 50/50/50 51/51/51 52/52/52
v 0.9399669 -0.031468 5.4653616
vt 416 0
vn 4.1601391 1.7026976 -3.8857918
v 1.1286099 0.177379 5.8659687
vt 447 0
vn 3.7378294 2.9074235 -3.9046161
v 1.5021605 -0.0453919 6.1454501
vt 447 31
vn 3.6302722 1.2217085 -4.9345665
v 1.164451 -0.2278168 5.7557583
vt 416 31
vn 4.0093427 -1.4820625 -3.651402
f 53/53/53 54/54/54 55/55/55 56/56/56
v -0.6632663 -2.3856189 6.5453362
vt 448 0
vn -4.3487463 -3.2856717 -2.4775155
v -0.4280065 -2.50966 6.5531201
vt 479 0
vn -1.8584417 -4.5523224 -3.5067506
v -0.4438263 -2.7875116 7.0190849
vt 479 31
vn -1.1024172 -5.2584019 2.2267075
v -0.4983022 -2.8212736 6.7819729
vt 448 31
vn -0.5451912 -4.17314 -1.784736
f 57/57/57 58/58/58 59/59/59 60/60/60
v 0.0616551 -1.6454318 4.7679496
vt 480 0
vn -0.9896978 -2.034971 -1.8591251
v 0.2985592 -1.6381383 5.1553187
vt 511 0
vn 0.4125881 -5.3550968 0.8533768
v -0.37614 -1.3944002 4.9856915
vt 511 31
vn -1.3636818 -1.6853163 -1.2948239
v -0.1307013 -1.3436469 5.1282716
vt 480 31
vn -0.4849483 -0.0814815 -2.0566597
f 61/61/61 62/62/62 63/63/63 64/64/64
v -0.6379573 -1.3075832 6.0491157
vt 512 0
vn -3.9401178 -2.2466285 -2.5718496
v -0.8880043 -1.8791348 6.5816884
vt 543 0
vn -5.8850598 -1.240225 -1.1321852
v -0.9739276 -1.5906215 6.7791219
vt 543 31
vn -4.5250025 -1.1907078 -3.338979
v -0.9802535 -1.4148511 6.7062325
vt 512 31
vn -4.7665796 -1.7493064 -3.2227201
f 65/65/65 66/66/66 67/67/67 68/68/68
v 1.21513 -2.4710884 6.3955317
vt 544 0
vn 3.0382249 -3.5182912 -3.6041915
v 1.159947 -2.3546813 6.033381
vt 575 0
vn 2.360666 -4.4640837 -2.6595418
v 1.5689868 -1.9042776 6.1746602
vt 575 31
vn 5.2444658 -1.1287961 -1.4353834
v 1.496455 -2.1932118 6.692246
vt 544 31
vn 4.4468751 -2.1343689 -3.1400254
f 69/69/69 70/70/70 71/71/71 72/72/72
v -1.6149651 -0.2806806 7.3723121
vt 576 0
vn -5.7122197 0.2316604 0.3908033
v -1.5130701 -0.4400691 7.0829515
vt 607 0
vn -4.9010811 -0.6731592 -3.4024503
v -1.4244915 -0.6652537 7.0782385
vt 607 31
vn -4.8197594 -0.9119445 -3.8727677
v -1.5995666 -0.7388551 7.331471
vt 576 31
vn -5.3302917 -0.8936278 -0.326634
f 73/73/73 74/74/74 75/75/75 76/76/76
v -1.6492144 9.2447395 9.0334549
vt 608 0
vn -2.7952561 -4.420289 -3.2947407
v -1.3934928 9.0534449 9.0979795
vt 639 0
vn -1.1514165 -4.6297359 -3.5629945
v -1.6856735 9.0684738 9.38235
vt 639 31
vn -4.625967 -3.3139822 -2.0981743
v -1.904598 9.4341097 8.9796915
vt 608 31
vn -3.3718729 -1.9216355 -2.2560964
f 77/77/77 78/78/78 79/79/79 80/80/80
v -0.8880043 -1.8791348 6.5816884
vt 640 0
vn -5.8850598 -1.240225 -1.1321852
v -0.6379573 -1.3075832 6.0491157
vt 671 0
vn -3.9401178 -2.2466285 -2.5718496
v -0.6251901 -1.8061054 5.766212
vt 671 31
vn -3.8220189 -0.2529834 -3.9892328
v -0.8024246 -2.0234263 5.9993415
vt 640 31
vn -4.0098777 -1.5095774 -2.1517155
f 81/81/81 82/82/82 83/83/83 84/84/84
v 0.2094641 0.5752348 5.794559
vt 672 0
vn 0.2430514 3.2063892 -4.0030479
v 0.9316832 0.784041 5.9967084
vt 703 0
vn 3.014667 -0.9862826 -5.108006
v 0.5942052 0.3744515 5.6777906
vt 703 31
vn 1.8309617 4.5413594 -3.8494656
v 0.7900872 0.4657796 5.8356228
vt 672 31
vn 2.5983069 1.8492455 -5.198565
f 85/85/85 86/86/86 87/87/87 88/88/88
v -2.1913517 10.8023682 5.9939799
vt 704 0
vn -5.5029254 0.9167875 0.229073
v -2.3861246 10.5586576 5.5098348
vt 735 0
vn -3.5704532 -0.5658408 -0.576023
v -2.1915586 10.3712387 7.1826315
vt 735 31
vn -5.7198939 0.7812891 0.2815378
v -2.3278267 10.5824432 6.5470357
vt 704 31
vn -4.5108252 -0.1110022 0.0838156
f 89/89/89 90/90/90 91/91/91 92/92/92
v -0.5328038 1.7046527 8.1711397
vt 736 0
vn -2.4676223 0.3424181 5.7186337
v -0.9007212 2.0731456 7.9431534
vt 767 0
vn -3.4214721 0.570557 5.1966338
v -1.037149 1.6705198 7.8646469
vt 767 31
vn -4.0166016 -0.4940187 4.650465
v -0.5764898 1.2129443 8.1954317
vt 736 31
vn -2.8249483 0.8965482 5.4338923
f 93/93/93 94/94/94 95/95/95 96/96/96
v 0.3290911 10.4089203 5.3486986
vt 768 0
vn 0.051999 0.0210249 -3.838973
v 0.5518577 10.2844315 5.2021556
vt 799 0
vn -0.1785696 3.5884006 -4.9611378
v 0.0773562 10.0813293 5.0890136
vt 799 31
vn -0.0014021 2.116946 -5.7259622
v -0.0814279 10.4106922 5.3226976
vt 768 31
vn -0.0054868 -0.4436722 -4.6734233
f 97/97/97 98/98/98 99/99/99 100/100/100
v 0.8917028 9.6638517 7.946044
vt 800 0
vn -0.1399271 -6.2771916 0.0304363
v 1.3707013 9.652626 7.9721355
vt 831 0
vn -0.0705482 -6.2717242 -0.2247944
v 1.2172902 9.6202259 8.582408
vt 831 31
vn -1.1451399 -5.2232094 -2.1675096
v 0.4534553 9.6119251 8.9685497
vt 800 31
vn -0.7170019 -6.0202417 -0.1674086
f 101/101/101 102/102/102 103/103/103 104/104/104
v 0.0865034 2.664063 4.6754842
vt 832 0
vn -0.2289244 -1.547842 -5.8281431
v 0.5558227 2.743917 4.738399
vt 863 0
vn 1.6008812 -1.4277568 -5.8248682
v 0.4679124 2.1036599 4.9250412
vt 863 31
vn 1.2575336 -2.3047211 -5.6265502
v 0.0226585 2.1747408 4.8501377
vt 832 31
vn -0.8708083 -2.2808034 -5.5144715
f 105/105/105 106/106/106 107/107/107 108/108/108
v 1.6764359 9.6491089 5.4652085
vt 864 0
vn 1.6801196 -4.6781821 -2.6589601
v 1.3318908 9.5333643 5.4720297
vt 895 0
vn 1.3644822 -3.4282289 -3.770592
v 0.9131269 9.6787405 5.1035728
vt 895 31
vn -0.1381631 -3.1009948 -4.9072909
v 1.5254872 9.7569256 5.0426397
vt 864 31
vn 0.0594151 -2.5504711 -4.2854247
f 109/109/109 110/110/110 111/111/111 112/112/112
v 0.6963899 9.3996964 5.5348964
vt 896 0
vn -2.9735408 -4.619031 -2.5382104
v 0.9431259 9.3333368 5.4838243
vt 927 0
vn -2.5286295 -4.7180734 -3.2508655
v 1.1352725 9.1230478 5.68891
vt 927 31
vn 0.1482681 -2.759295 -5.0828447
v 0.7702338 9.2026529 5.815402
vt 896 31
vn -3.9266355 -2.9669285 -3.4819417
f 113/113/113 114/114/114 115/115/115 116/116/116
v -1.0353884 -1.0590802 6.1028352
vt 928 0
vn -5.8536625 0.5035093 -2.1934602
v -0.9228174 -0.7567344 5.8721051
vt 959 0
vn -4.9847155 1.9159563 -2.5140054
v -0.7287021 -0.3919527 6.0537472
vt 959 31
vn -3.5272567 1.8784 -4.2064238
v -0.8701866 -1.0456959 5.7126155
vt 928 31
vn -4.1748548 -1.855942 -2.553412
f 117/117/117 118/118/118 119/119/119 120/120/120
v -0.5815852 9.2015457 9.3555832
vt 960 0
vn 4.5786085 -3.4299779 -2.206413
v -0.7462617 8.9640598 9.3542118
vt 991 0
vn 3.4044507 -2.2950706 -4.4404893
v -1.3697149 8.9357634 9.250783
vt 991 31
vn -1.4952652 -3.6716464 -4.5702472
v -0.9741753 9.1171474 9.1051807
vt 960 31
vn 1.7111099 -4.3469033 -4.0433149
f 121/121/121 122/122/122 123/123/123 124/124/124
v 0.8940693 -2.0938752 5.6536551
vt 992 0
vn 0.0001281 -2.6683071 -4.779829
v 1.3479837 -2.0411384 5.8039603
vt 1023 0
vn 3.6089916 -2.3817484 -3.1630144
v 1.5689868 -1.9042776 6.1746602
vt 1023 31
vn 5.2444658 -1.1287961 -1.4353834
v 1.159947 -2.3546813 6.033381
vt 992 31
vn 2.360666 -4.4640837 -2.6595418
f 125/125/125 126/126/126 127/127/127 128/128/128
v 2.49352 10.4443789 9.8055992
vt 0 32
vn 6.1407166 0.0173029 1.3193043
v 2.319593 11.2352247 10.4274683
vt 31 32
vn 2.6502388 3.0657089 1.3803985
v 2.2399094 11.0946102 10.6390657
vt 31 63
vn 2.2137749 1.8497607 3.7754736
v 2.3039167 10.5340843 10.6700888
vt 0 63
vn 3.2368956 0.214792 3.7371922
f 129/129/129 130/130/130 131/131/131 132/132/132
v -0.5879263 3.7530088 8.3972807
vt 32 32
vn -2.9004326 -4.0520177 3.5587671
v -0.8410676 4.3209219 9.2506323
vt 63 32
vn -4.201488 -4.4414473 0.7374034
v -1.1427996 5.2087879 8.3528967
vt 63 63
vn -5.9272451 1.4881877 0.4130636
v -1.0670993 4.2987452 8.3064728
vt 32 63
vn -5.493279 -2.044044 1.8762816
f 133/133/133 134/134/134 135/135/135 136/136/136
v -1.5341055 -1.8189958 7.2652864
vt 64 32
vn -3.0518038 -0.5466555 0.4531999
v -1.4101386 -1.4334651 7.4103732
vt 95 32
vn -4.8678756 -1.7440646 3.2275479
v -1.7227868 -1.3126962 7.1914902
vt 95 63
vn -0.6046506 0.0111112 -0.24929
v -1.4237187 -1.3805952 7.1366415
vt 64 63
vn -4.9883003 -0.1895874 -3.2149229
f 137/137/137 138/138/138 139/139/139 140/140/140
v 1.0921702 -0.4304393 6.0087914
vt 96 32
vn -0.1034992 0.0792279 -1.8309892
v 0.6905646 -0.4644384 5.598177
vt 127 32
vn 2.8016779 -3.6007123 -3.4037068
v 0.9399669 -0.031468 5.4653616
vt 127 63
vn 4.1601391 1.7026976 -3.8857918
v 1.164451 -0.2278168 5.7557583
vt 96 63
vn 4.0093427 -1.4820625 -3.651402
f 141/141/141 142/142/142 143/143/143 144/144/144
v 0.091033 -0.6043884 8.580184
vt 128 32
vn -1.366987 -0.3431538 6.0585136
v -0.2615512 -0.7754563 8.4774914
vt 159 32
vn -1.7960021 -0.9522947 5.8222146
v -0.2559122 -1.0317925 8.4072142
vt 159 63
vn -1.8514465 -1.5601267 5.7810211
v 0.0816895 -0.8763002 8.5124559
vt 128 63
vn -2.0454586 -1.0523696 5.7149129
f 145/145/145 146/146/146 147/147/147 148/148/148
v -0.5203976 9.4228077 9.001194
vt 160 32
vn 3.7909737 -4.0102882 -2.1883392
v -0.5815852 9.2015457 9.3555832
vt 191 32
vn 4.5786085 -3.4299779 -2.206413
v -0.9741753 9.1171474 9.1051807
vt 191 63
vn 1.7111099 -4.3469033 -4.0433149
v -0.7281585 9.3136902 9.036377
vt 160 63
vn 2.0548716 -5.0333047 -3.0599134
f 149/149/149 150/150/150 151/151/151 152/152/152
v 1.5909963 -1.5251173 6.4209256
vt 192 32
vn 5.6374345 -1.4517872 -1.8958515
v 1.5689868 -1.9042776 6.1746602
vt 223 32
vn 5.2444658 -1.1287961 -1.4353834
v 1.2357076 -1.7361577 5.5981312
vt 223 63
vn 2.5069251 -0.0058051 -4.2411733
v 1.4008635 -1.3295362 6.0323505
vt 192 63
vn 3.0834622 -2.4161954 -3.1086783
f 153/153/153 154/154/154 155/155/155 156/156/156
v 2.7540355 9.6922426 6.190959
vt 224 32
vn 3.2653902 -2.6851051 -0.0636414
v 2.1469436 9.6621571 6.5103092
vt 255 32
vn 0.8572376 -6.1868773 0.0905563
v 2.0209684 9.6496305 5.9833879
vt 255 63
vn 2.7936082 -4.8009648 -0.5135505
v 2.4334784 9.7072916 4.9898734
vt 224 63
vn 0.6562477 -2.7500319 -2.8940775
f 157/157/157 158/158/158 159/159/159 160/160/160
v 1.8215096 8.9998684 9.0834217
vt 256 32
vn 1.6623918 -4.4876184 -3.8357751
v 1.538146 8.6846867 9.2052841
vt 287 32
vn -0.4635336 -2.1749206 -5.2684922
v 1.4114213 9.0052691 8.9991035
vt 287 63
vn -0.8755011 -3.9585979 -4.5186296
v 1.7773294 9.2191858 8.8512411
vt 256 63
vn -0.7938854 -4.1076417 -4.6068673
f 161/161/161 162/162/162 163/163/163 164/164/164
v -0.8701866 -1.0456959 5.7126155
vt 288 32
vn -4.1748548 -1.855942 -2.553412
v -0.595474 -0.8305284 5.3080802
vt 319 32
vn -4.2467642 1.9353641 -3.6496506
v -0.5537177 -1.1793394 5.1779699
vt 319 63
vn -3.5196738 -1.9026171 -2.0845795
v -0.3054976 -1.3080076 5.7124519
vt 288 63
vn -3.0628209 -1.6625233 -2.5605803
f 165/165/165 166/166/166 167/167/167 168/168/168
v -0.5705459 -0.4363656 5.7736001
vt 320 32
vn -0.4958162 4.7417817 -1.305958
v -0.3998626 -0.5079306 6.052639
vt 351 32
vn -0.4093586 0.5714488 -1.5863019
v 0.0945862 -0.876982 5.4627609
vt 351 63
vn 0.2008002 3.5446491 -0.9947082
v -0.3394015 -0.4882895 5.3180256
vt 320 63
vn 0.0758208 3.2754376 -1.4728585
f 169/169/169 170/170/170 171/171/171 172/172/172
v -0.1291358 11.2438231 5.2218757
vt 352 32
vn 0.0810893 4.4458046 -2.8545709
v -2.3479958 11.2417755 8.4964228
vt 383 32
vn -3.1371558 3.4516387 -0.0787318
v -2.3741369 11.0382748 8.8651476
vt 383 63
vn -5.7847104 -1.796393 0.0455415
v -2.4177713 11.2429972 9.2105036
vt 352 63
vn -2.9716568 2.2198498 0.040523
f 173/173/173 174/174/174 175/175/175 176/176/176
v 0.5395677 -1.384315 5.4068942
vt 384 32
vn 2.3779442 -4.2145977 -1.4295788
v 0.8809294 -1.4781747 5.5448375
vt 415 32
vn 1.4887655 0.0005104 -5.6604347
v 0.563645 -1.7042028 5.6401429
vt 415 63
vn 0.3664081 -2.5070207 -5.5331545
v 0.2729014 -1.6193513 5.5166512
vt 384 63
vn 0.2145558 -4.0590706 -3.9604282
f 177/177/177 178/178/178 179/179/179 180/180/180
v 1.7467508 -0.2417219 7.8809805
vt 416 32
vn 4.3701806 0.3966221 4.2579937
v 1.7006679 -0.6560661 7.8717947
vt 447 32
vn 4.3945994 -0.4477114 4.4549079
v 1.9765977 -0.7680916 7.5704994
vt 447 63
vn 4.8503957 -0.6226225 3.7909606
v 1.9595025 -0.3573636 7.6000943
vt 416 63
vn 4.8143973 0.0972116 4.0229158
f 181/181/181 182/182/182 183/183/183 184/184/184
v 1.0673643 -1.6402568 8.0120621
vt 448 32
vn 2.7225261 -2.7802391 4.9014645
v 1.2622963 -1.8757921 7.7505622
vt 479 32
vn 3.1208916 -3.1833007 4.3330374
v 1.9002632 -1.1498021 7.5429368
vt 479 63
vn 4.3342648 -1.7552335 4.1775789
v 1.4051425 -1.4755504 7.867106
vt 448 63
vn 3.6995358 -2.4453807 4.4300804
f 185/185/185 186/186/186 187/187/187 188/188/188
v 0.1408952 -2.3363512 7.7614589
vt 480 32
vn -1.9253995 -3.780956 4.572721
v -0.0567995 -2.6210432 7.3613558
vt 511 32
vn -2.8326683 -3.5859761 3.9804955
v 0.2921142 -2.6584468 7.6359415
vt 511 63
vn 0.0379116 -3.1225328 4.2835817
v 0.3854974 -2.2770343 7.9078479
vt 480 63
vn 0.4340144 -3.8864138 4.3726344
f 189/189/189 190/190/190 191/191/191 192/192/192
v -1.0670993 4.2987452 8.3064728
vt 512 32
vn -5.493279 -2.044044 1.8762816
v -1.1427996 5.2087879 8.3528967
vt 543 32
vn -5.9272451 1.4881877 0.4130636
v -1.4503205 4.9996858 7.0948677
vt 543 63
vn -5.2868118 1.5108345 2.8112323
v -1.3460523 4.5562067 7.6893163
vt 512 63
vn -5.77354 0.055606 2.3209417
f 193/193/193 194/194/194 195/195/195 196/196/196
v -0.1982963 -2.0553088 7.9505944
vt 544 32
vn -1.3982229 -3.627516 4.7505498
v -0.4389219 -2.3145313 7.5923452
vt 575 32
vn -1.9469794 -4.4002914 3.94489
v 0.1408952 -2.3363512 7.7614589
vt 575 63
vn -1.9253995 -3.780956 4.572721
v 0.1293611 -1.9630965 8.0485649
vt 544 63
vn -2.0200453 -3.5056314 4.5748925
f 197/197/197 198/198/198 199/199/199 200/200/200
v -1.2182442 0.6591604 6.7546406
vt 576 32
vn -1.7327232 2.7253063 -2.4449778
v -1.007658 0.5508037 6.5954394
vt 607 32
vn -4.2423096 1.3214363 -4.2217231
v -1.3342793 0.3901164 6.8723059
vt 607 63
vn -4.8155446 0.6268277 -3.8554108
v -1.4718252 0.5114745 7.0216637
vt 576 63
vn -5.1632543 0.6180125 -2.6380436
f 201/201/201 202/202/202 203/203/203 204/204/204
v -1.0258549 2.6546121 5.2601352
vt 608 32
vn -3.7841768 -1.3545774 -4.7786584
v -0.6337277 3.1243432 4.8602276
vt 639 32
vn -3.2922337 -0.1269557 -5.1035275
v -0.6557755 2.2674012 5.121798
vt 639 63
vn -3.0514557 -2.2000761 -4.937355
v -1.0014415 2.082675 5.4640813
vt 608 63
vn -3.7634258 -2.4853818 -4.2395282
f 205/205/205 206/206/206 207/207/207 208/208/208
v 1.6855316 8.6721039 6.3448939
vt 640 32
vn 5.8620338 -0.8558646 0.2830827
v 1.4036626 8.7129354 6.9085779
vt 671 32
vn 3.4386692 -0.8088332 4.6253877
v 1.1185989 7.824409 6.9783564
vt 671 63
vn -1.1791757 0.3662509 5.6394458
v 1.3917459 8.1124668 6.9124794
vt 640 63
vn 3.6426554 0.0451286 4.6254635
f 209/209/209 210/210/210 211/211/211 212/212/212
v 1.5327439 4.6922383 8.7457895
vt 672 32
vn 5.8499112 -1.9119102 -0.0228716
v 1.7381948 4.7877965 9.3537722
vt 703 32
vn 4.9647102 -2.8343735 -2.0525162
v 1.6038773 4.4369297 10.0536261
vt 703 63
vn 3.5153041 -4.9334154 0.0608528
v 1.3759007 4.3850851 9.3504019
vt 672 63
vn 4.1969304 -4.5941219 -0.4226854
f 213/213/213 214/214/214 215/215/215 216/216/216
v 1.4501567 0.696579 8.0471487
vt 704 32
vn 3.6595032 1.073132 4.717802
v 1.157804 0.5721596 8.1946907
vt 735 32
vn 2.6277754 1.0600555 5.5779419
v 1.1895468 0.1492107 8.2623634
vt 735 63
vn 3.2250381 0.4958729 5.3517213
v 1.3254523 0.4389196 8.1634998
vt 704 63
vn 2.8775229 0.8502426 5.3911495
f 217/217/217 218/218/218 219/219/219 220/220/220
v 2.0557365 4.9307961 9.7023516
vt 736 32
vn 3.2131162 -4.9644566 -1.5218794
v 2.5016968 5.1696897 10.1213961
vt 767 32
vn 4.204895 -4.1240821 0.924921
v 2.1193776 4.9169364 10.2223959
vt 767 63
vn 3.8755739 -4.8934107 0.3313534
v 1.6038773 4.4369297 10.0536261
vt 736 63
vn 3.5153041 -4.9334154 0.0608528
f 221/221/221 222/222/222 223/223/223 224/224/224
v -1.4965099 0.4653306 7.534812
vt 768 32
vn -5.5680213 0.7139383 2.0062363
v -1.4718252 0.5114745 7.0216637
vt 799 32
vn -5.1632543 0.6180125 -2.6380436
v -1.4918048 0.2235941 7.0357504
vt 799 63
vn -5.3387156 0.182021 -2.6094346
v -1.5560189 0.1103846 7.5055881
vt 768 63
vn -5.5742464 0.4830293 1.5976021
f 225/225/225 226/226/226 227/227/227 228/228/228
v 1.9364496 -1.8923683 7.1905069
vt 800 32
vn 4.4636307 -2.024142 1.4634535
v 2.131808 -1.4516894 7.1331162
vt 831 32
vn 4.1405334 -1.0289912 -0.5037495
v 1.9002632 -1.1498021 7.5429368
vt 831 63
vn 4.3342648 -1.7552335 4.1775789
v 1.674921 -1.7784606 7.4765296
vt 800 63
vn 3.8276353 -2.4511197 4.2731705
f 229/229/229 230/230/230 231/231/231 232/232/232
v 1.1912304 9.0035133 9.1726151
vt 832 32
vn -3.7372246 -4.2427244 -2.456044
v 0.9297174 9.2690716 9.2664928
vt 863 32
vn -5.1750278 -3.1879284 -0.4739927
v 0.7903621 9.6716537 9.2572803
vt 863 63
vn -2.6197088 -4.3311925 -0.1888965
v 1.0158211 9.1996098 8.9192772
vt 832 63
vn -3.121115 -2.5849113 -2.5884972
f 233/233/233 234/234/234 235/235/235 236/236/236
v 0.7911156 8.8314238 5.8543115
vt 864 32
vn -3.704994 -0.4170832 -4.6156201
v 0.5746207 8.6825209 6.2233591
vt 895 32
vn -5.7466712 -0.1542217 -0.7788576
v 0.5085245 9.2533312 6.2686396
vt 895 63
vn -5.515882 -2.4882925 -0.4957566
v 0.7702338 9.2026529 5.815402
vt 864 63
vn -3.9266355 -2.9669285 -3.4819417
f 237/237/237 238/238/238 239/239/239 240/240/240
v -1.3083642 7.1920466 6.8142157
vt 896 32
vn -4.4259415 0.2340508 4.3877125
v -1.5748161 6.7721944 6.4829931
vt 927 32
vn -5.6560783 0.3159889 1.4888309
v -1.2270828 6.0351944 6.9885073
vt 927 63
vn -4.4101667 0.7908964 4.3691163
v -1.2653784 6.6940861 6.9223623
vt 896 63
vn -4.1093054 0.4047426 4.5091524
f 241/241/241 242/242/242 243/243/243 244/244/244
v 1.37133 7.7636466 10.6623516
vt 928 32
vn -4.4917035 0.7189015 4.3270655
v 1.6050775 8.0355549 10.8820391
vt 959 32
vn -0.0492803 0.6140744 4.3153186
v 1.470961 8.4145737 10.7041836
vt 959 63
vn -3.5221868 0.7751808 4.8516822
v 1.1998558 8.2195101 10.4065247
vt 928 63
vn -5.1934929 0.688625 3.3619006
f 245/245/245 246/246/246 247/247/247 248/248/248
v 0.0226585 2.1747408 4.8501377
vt 960 32
vn -0.8708083 -2.2808034 -5.5144715
v -0.4101831 2.7595057 4.7945085
vt 991 32
vn -2.575017 -1.3438486 -5.3877473
v 0.0149915 3.2573111 4.5860701
vt 991 63
vn -0.8761541 -0.2644362 -5.9039197
v 0.0865034 2.664063 4.6754842
vt 960 63
vn -0.2289244 -1.547842 -5.8281431
f 249/249/249 250/250/250 251/251/251 252/252/252
v 0.8680703 7.1862121 10.0580254
vt 992 32
vn -5.185482 2.869421 0.3188432
v 0.86103 7.0255513 9.6906958
vt 1023 32
vn -5.2273526 1.863063 -2.6727195
v 1.0868367 6.403605 9.2048731
vt 1023 63
vn -1.1607244 2.8194234 -3.4269857
v 0.5118565 6.9512882 10.3524523
vt 992 63
vn -1.6633636 5.7566967 1.0782316
f 253/253/253 254/254/254 255/255/255 256/256/256
v -0.2042149 1.7816583 8.2697582
vt 0 64
vn -1.6039884 0.7188681 6.0121274
v -0.0038174 1.2333388 8.4290371
vt 31 64
vn -1.5189712 1.1068832 5.7660294
v 0.8083784 1.3902309 8.2110214
vt 31 95
vn 2.6467252 1.2770283 5.5070539
v 0.3605995 1.6847346 8.3663025
vt 0 95
vn 0.9122931 0.3414928 5.9925542
f 257/257/257 258/258/258 259/259/259 260/260/260
v 1.1191126 2.2608695 7.980011
vt 32 64
vn 3.1485825 0.9006235 5.3313961
v 0.7232741 2.0269649 8.2301989
vt 63 64
vn 2.2323422 0.6283507 5.7001057
v 1.4559971 2.043937 7.782608
vt 63 95
vn 3.9989054 0.5122554 4.7439737
v 1.4493843 2.4590156 7.719521
vt 32 95
vn 3.6546397 0.4457414 5.0651298
f 261/261/261 262/262/262 263/263/263 264/264/264
v -2.4100764 9.7152596 5.1246719
vt 64 64
vn -1.749984 -1.5222578 -1.89941
v -1.8405075 9.5992355 5.7155704
vt 95 64
vn -3.2793112 -4.4368625 -1.1000155
v -2.4213271 9.6988945 6.4937453
vt 95 95
vn -3.5602317 -2.7126038 0.1460681
v -2.4840822 9.7187281 5.6637049
vt 64 95
vn -3.5885992 -2.2755249 -0.0251622
f 265/265/265 266/266/266 267/267/267 268/268/268
v -1.4101386 -1.4334651 7.4103732
vt 96 64
vn -4.8678756 -1.7440646 3.2275479
v -1.5341055 -1.8189958 7.2652864
vt 127 64
vn -3.0518038 -0.5466555 0.4531999
v -1.5090693 -2.1092498 7.2096796
vt 127 95
vn -2.6228211 -0.8350766 0.5638371
v -1.2187011 -1.8783623 7.3724442
vt 96 95
vn -3.1623831 -2.2906938 4.7069325
f 269/269/269 270/270/270 271/271/271 272/272/272
v 0.8339563 0.3761266 8.4447155
vt 128 64
vn 2.3116724 1.3308315 5.4421902
v 0.3602766 0.1267013 8.6257391
vt 159 64
vn 0.6483039 0.3061719 5.9571118
v 0.2315299 -0.1889162 8.6375132
vt 159 95
vn -0.1171236 -0.1085095 6.0542736
v 0.6004251 -0.0649056 8.5354643
vt 128 95
vn 2.0516062 0.0789118 5.9338274
f 273/273/273 274/274/274 275/275/275 276/276/276
v 0.1581303 -3.1588364 7.3361793
vt 160 64
vn -1.225451 -2.9711583 2.4176903
v 0.5448304 -3.2815356 7.0756831
vt 191 64
vn 1.3646517 -2.9767165 0.3858085
v 0.5802208 -2.5991874 7.4368696
vt 191 95
vn 3.1347876 -3.7225542 3.889528
v 0.2921142 -2.6584468 7.6359415
vt 160 95
vn 0.0379116 -3.1225328 4.2835817
f 277/277/277 278/278/278 279/279/279 280/280/280
v -1.9449686 5.7450042 8.3217554
vt 192 64
vn -0.6688774 -2.2792857 -4.0425858
v -1.8047059 5.1882334 9.0085325
vt 223 64
vn -0.5885809 -4.7651539 -2.4931972
v -1.6022496 4.9852176 9.5861588
vt 223 95
vn -1.5743921 -5.5182705 -1.9187089
v -2.3777645 5.513401 8.9822121
vt 192 95
vn -3.9981718 -3.382514 -1.3312237
f 281/281/281 282/282/282 283/283/283 284/284/284
v 0.7702338 9.2026529 5.815402
vt 224 64
vn -3.9266355 -2.9669285 -3.4819417
v 0.5085245 9.2533312 6.2686396
vt 255 64
vn -5.515882 -2.4882925 -0.4957566
v 0.2204607 9.6524744 6.2787981
vt 255 95
vn -2.2891099 -5.3337989 0.0525583
v 0.418326 9.6086483 5.8016462
vt 224 95
vn -2.8949084 -4.996139 -1.0742218
f 285/285/285 286/286/286 287/287/287 288/288/288
v 1.0876253 4.166503 9.8527956
vt 256 64
vn 2.1757216 -5.7533836 0.2954232
v 0.8801453 4.0181279 8.879878
vt 287 64
vn 2.4381139 -5.3405118 1.9561906
v 1.3759007 4.3850851 9.3504019
vt 287 95
vn 4.1969304 -4.5941219 -0.4226854
v 1.6038773 4.4369297 10.0536261
vt 256 95
vn 3.5153041 -4.9334154 0.0608528
f 289/289/289 290/290/290 291/291/291 292/292/292
v 0.5351284 0.8363273 8.4811764
vt 288 64
vn 2.1406035 0.5690229 5.778739
v 0.197573 0.8561366 8.4704599
vt 319 64
vn -1.1533995 0.5247422 5.8738585
v 0.3113469 0.6113014 8.6433296
vt 319 95
vn -0.3804555 0.8666261 4.6231065
v 0.640698 0.5559661 8.4355183
vt 288 95
vn 2.5879712 0.9302506 5.5387464
f 293/293/293 294/294/294 295/295/295 296/296/296
v -1.4742858 -1.135759 7.4354291
vt 320 64
vn -5.5437441 -0.7861619 1.6565214
v -1.4101386 -1.4334651 7.4103732
vt 351 64
vn -4.8678756 -1.7440646 3.2275479
v -1.1763526 -1.2910016 7.7975221
vt 351 95
vn -4.2873473 -1.8426478 4.1113577
v -1.3692995 -0.9264985 7.7462411
vt 320 95
vn -4.87046 -1.3718907 3.4711967
f 297/297/297 298/298/298 299/299/299 300/300/300
v -0.5970426 0.1754886 5.929956
vt 352 64
vn -4.6000929 1.9455298 -3.5035121
v -0.3055941 -0.0481977 5.3248944
vt 383 64
vn -3.3231583 0.72281 -3.7933707
v -0.441927 -0.2644987 5.6268635
vt 383 95
vn -4.7970047 -2.3448098 -2.3679166
v -0.5687036 -0.1679843 5.8734784
vt 352 95
vn -4.9381118 -1.2231476 -3.3703945
f 301/301/301 302/302/302 303/303/303 304/304/304
v 2.1225512 -0.7895964 7.0362821
vt 384 64
vn 4.8482113 -1.1343552 -2.5900517
v 2.295728 -0.5071592 7.2428427
vt 415 64
vn 4.1790886 -0.5544248 0.2161328
v 1.9595025 -0.3573636 7.6000943
vt 415 95
vn 4.8143973 0.0972116 4.0229158
v 1.9765977 -0.7680916 7.5704994
vt 384 95
vn 4.8503957 -0.6226225 3.7909606
f 305/305/305 306/306/306 307/307/307 308/308/308
v -0.441927 -0.2644987 5.6268635
vt 416 64
vn -4.7970047 -2.3448098 -2.3679166
v -0.3055941 -0.0481977 5.3248944
vt 447 64
vn -3.3231583 0.72281 -3.7933707
v -0.0494224 -0.3073368 5.278883
vt 447 95
vn -1.8302183 -3.3172553 -4.613049
v -0.2480418 -0.3282507 5.3927498
vt 416 95
vn -2.9911373 -3.3015873 -3.3139408
f 309/309/309 310/310/310 311/311/311 312/312/312
v 1.1197672 10.1565971 5.0457721
vt 448 64
vn 0.1172368 2.1132028 -5.149384
v 0.6289862 9.8106089 5.0387745
vt 479 64
vn -0.2587776 -1.5378453 -5.1254354
v 0.0773562 10.0813293 5.0890136
vt 479 95
vn -0.0014021 2.116946 -5.7259622
v 0.5518577 10.2844315 5.2021556
vt 448 95
vn -0.1785696 3.5884006 -4.9611378
f 313/313/313 314/314/314 315/315/315 316/316/316
v 0.9339305 -0.3995436 8.4301662
vt 480 64
vn 2.5515413 -0.1376304 5.6843328
v 0.6784472 -0.8475407 8.4786615
vt 511 64
vn 2.736299 -0.8184657 5.5812516
v 1.1138725 -1.0120759 8.2784882
vt 511 95
vn 2.7863045 -1.234921 5.3901925
v 1.3670162 -0.7672268 8.1576138
vt 480 95
vn 3.5951326 -0.6016166 5.0614262
f 317/317/317 318/318/318 319/319/319 320/320/320
v 2.2515066 4.159976 6.1425924
vt 512 64
vn 5.7969933 0.8205271 -0.6996372
v 2.2927637 2.7105222 6.2517943
vt 543 64
vn 5.5789623 -1.0930232 -1.3325969
v 1.8969966 2.2071919 5.8884444
vt 543 95
vn 4.7284117 -2.0717468 -3.348948
v 2.1047018 3.4308853 5.602838
vt 512 95
vn 4.8026776 -0.3638418 -3.311677
f 321/321/321 322/322/322 323/323/323 324/324/324
v 0.563645 -1.7042028 5.6401429
vt 544 64
vn 0.3664081 -2.5070207 -5.5331545
v 0.9765083 -1.3020148 5.6575246
vt 575 64
vn 2.7401087 -1.8719114 -3.2118831
v 1.4008635 -1.3295362 6.0323505
vt 575 95
vn 3.0834622 -2.4161954 -3.1086783
v 1.2357076 -1.7361577 5.5981312
vt 544 95
vn 2.5069251 -0.0058051 -4.2411733
f 325/325/325 326/326/326 327/327/327 328/328/328
v -0.1291358 11.2438231 5.2218757
vt 576 64
vn 0.0810893 4.4458046 -2.8545709
v -2.4177713 11.2429972 9.2105036
vt 607 64
vn -2.9716568 2.2198498 0.040523
v -2.1614296 11.2450733 10.2360344
vt 607 95
vn -2.9416361 3.495734 0.7897298
v -1.033446 11.2428942 10.7446308
vt 576 95
vn -0.0589846 3.2440076 3.1336877
f 329/329/329 330/330/330 331/331/331 332/332/332
v 0.3048024 -3.0197473 6.6527624
vt 608 64
vn -0.8747485 -4.7800865 -3.3222818
v 0.3810242 -2.8514996 6.402379
vt 639 64
vn -0.1608853 -3.7987409 -3.8636811
v 0.5915576 -2.5969982 6.3827891
vt 639 95
vn 1.8432662 -3.871177 -4.0354452
v 0.8663933 -2.9614742 6.6924849
vt 608 95
vn 1.2780849 -4.6192708 -1.3019443
f 333/333/333 334/334/334 335/335/335 336/336/336
v 0.9599241 8.8877573 9.6357079
vt 640 64
vn -5.44875 -0.9811605 -1.1535496
v 1.0767761 8.1330805 9.5163784
vt 671 64
vn -4.436873 0.2991045 -4.0618076
v 0.86103 7.0255513 9.6906958
vt 671 95
vn -5.2273526 1.863063 -2.6727195
v 0.8680703 7.1862121 10.0580254
vt 640 95
vn -5.185482 2.869421 0.3188432
f 337/337/337 338/338/338 339/339/339 340/340/340
v -0.3149407 1.5311927 5.3453093
vt 672 64
vn -2.6164639 -3.2218649 -4.6306272
v -0.2783193 1.1780266 5.6425447
vt 703 64
vn -2.3721094 -4.2110701 -3.9346237
v -0.8221772 1.1911376 6.0002146
vt 703 95
vn -3.2017398 -4.013515 -3.2312963
v -0.6365531 1.5646168 5.537693
vt 672 95
vn -3.2087622 -3.2535558 -4.2522898
f 341/341/341 342/342/342 343/343/343 344/344/344
v 0.2339423 -2.3865983 5.9404812
vt 704 64
vn -0.1028401 -4.4991517 -4.0818105
v -0.2840125 -2.4459677 6.1750522
vt 735 64
vn -1.8996339 -5.1177435 -2.6696022
v -0.2944016 -2.1407585 5.7567201
vt 735 95
vn -1.406755 -3.3923333 -4.4561028
v 0.1521023 -2.0492618 5.7047348
vt 704 95
vn 0.2624848 -2.8282139 -5.527463
f 345/345/345 346/346/346 347/347/347 348/348/348
v 2.5398571 9.5475302 9.7129898
vt 736 64
vn 5.5296636 -1.8113351 1.0765184
v 2.3242514 9.2557869 9.9157972
vt 767 64
vn 5.3402967 -2.3867252 1.9169003
v 2.257925 8.9249821 9.7396545
vt 767 95
vn 6.0775485 -1.1815724 0.0666867
v 2.3051574 9.1376219 9.4396553
vt 736 95
vn 5.0642066 -3.185107 -1.0906036
f 349/349/349 350/350/350 351/351/351 352/352/352
v -1.1132717 9.5302172 5.3571625
vt 768 64
vn 1.1103506 -3.1603811 -3.8596778
v -1.1136544 9.1727552 5.564456
vt 799 64
vn 0.3313871 -3.8936377 -4.779582
v -1.4306961 9.3216124 5.5008874
vt 799 95
vn -2.5968153 -3.9458437 -3.9499793
v -1.2850853 9.398531 5.2249365
vt 768 95
vn -0.4974381 -1.8355135 -2.8757606
f 353/353/353 354/354/354 355/355/355 356/356/356
v 0.1714268 6.3603458 6.2867742
vt 800 64
vn -0.1634682 3.9265954 -0.6144813
v -0.0614582 6.2054162 6.5373263
vt 831 64
vn 1.8791364 4.5061145 0.2437119
v 0.3832998 6.2599502 6.4261975
vt 831 95
vn -2.4306533 4.3320675 -0.8234653
v 0.5085476 5.9540815 5.9537101
vt 800 95
vn -1.7514588 2.6368275 -4.2180071
f 357/357/357 358/358/358 359/359/359 360/360/360
v -1.4632496 1.2308605 7.0741878
vt 832 64
vn -5.5109167 -1.5876123 0.1222591
v -1.3232021 1.3853191 6.4996829
vt 863 64
vn -4.7631626 -3.1269014 -2.5644014
v -1.1335492 1.2055802 6.4005895
vt 863 95
vn -3.9127731 -3.9676795 -2.6142101
v -1.3120775 1.0664783 6.9484434
vt 832 95
vn -4.7747455 -1.7082026 -3.2923951
f 361/361/361 362/362/362 363/363/363 364/364/364
v 0.4360122 9.6624279 6.9211044
vt 864 64
vn -1.59507 -5.3823981 1.3797646
v 0.5939207 9.3000984 6.6945052
vt 895 64
vn -4.6817713 -2.5651679 2.9683051
v 0.9814779 9.3250599 6.9966917
vt 895 95
vn -2.1315196 -0.7079641 5.7014804
v 1.1685638 9.4637089 7.0252409
vt 864 95
vn 0.183271 -2.5768611 5.0671945
f 365/365/365 366/366/366 367/367/367 368/368/368
v 2.4334784 9.7072916 4.9898734
vt 896 64
vn 0.6562477 -2.7500319 -2.8940775
v 2.7542865 9.8955517 5.0091553
vt 927 64
vn 2.3993726 -0.5421277 -1.8579425
v 2.4684331 10.4274874 5.4897914
vt 927 95
vn 4.9045525 -0.6767769 -0.0875528
v 2.7540355 9.6922426 6.190959
vt 896 95
vn 3.2653902 -2.6851051 -0.0636414
f 369/369/369 370/370/370 371/371/371 372/372/372
v 1.6764359 9.6491089 5.4652085
vt 928 64
vn 1.6801196 -4.6781821 -2.6589601
v 1.5756335 9.2219744 5.8841043
vt 959 64
vn 2.8513675 -2.6030352 -3.956084
v 1.4997673 9.2973719 5.4266887
vt 959 95
vn -0.0396718 -1.4549903 -1.3326349
v 1.3318908 9.5333643 5.4720297
vt 928 95
vn 1.3644822 -3.4282289 -3.770592
f 373/373/373 374/374/374 375/375/375 376/376/376
v -0.2783193 1.1780266 5.6425447
vt 960 64
vn -2.3721094 -4.2110701 -3.9346237
v -0.650422 0.9899484 6.1910033
vt 991 64
vn -3.5117109 -2.8346798 -3.8073697
v -1.1335492 1.2055802 6.4005895
vt 991 95
vn -3.9127731 -3.9676795 -2.6142101
v -0.8221772 1.1911376 6.0002146
vt 960 95
vn -3.2017398 -4.013515 -3.2312963
f 377/377/377 378/378/378 379/379/379 380/380/380
v 1.5689868 -1.9042776 6.1746602
vt 992 64
vn 5.2444658 -1.1287961 -1.4353834
v 1.5909963 -1.5251173 6.4209256
vt 1023 64
vn 5.6374345 -1.4517872 -1.8958515
v 1.7495652 -1.5985535 6.761035
vt 1023 95
vn 5.1050549 -0.8959483 -3.470448
v 1.496455 -2.1932118 6.692246
vt 992 95
vn 4.4468751 -2.1343689 -3.1400254
f 381/381/381 382/382/382 383/383/383 384/384/384
v 0.722725 -1.2226905 8.3751125
vt 0 96
vn 2.3351271 -1.9427232 5.476047
v 0.3534673 -0.8498608 8.6774569
vt 31 96
vn 0.1429768 -0.5601619 5.0523629
v 0.0816895 -0.8763002 8.5124559
vt 31 127
vn -2.0454586 -1.0523696 5.7149129
v 0.2559226 -1.1490488 8.5515966
vt 0 127
vn -0.5757676 -1.7864957 5.6602254
f 385/385/385 386/386/386 387/387/387 388/388/388
v 2.1546113 8.1316204 9.5307226
vt 32 96
vn 4.3205614 1.1041963 -3.9472563
v 2.169488 8.8164339 9.5041428
vt 63 96
vn 4.6878438 -1.6074075 -3.4513831
v 2.3051574 9.1376219 9.4396553
vt 63 127
vn 5.0642066 -3.185107 -1.0906036
v 2.257925 8.9249821 9.7396545
vt 32 127
vn 6.0775485 -1.1815724 0.0666867
f 389/389/389 390/390/390 391/391/391 392/392/392
v -1.1335492 1.2055802 6.4005895
vt 64 96
vn -3.9127731 -3.9676795 -2.6142101
v -1.0405208 1.4932895 5.9780655
vt 95 96
vn -4.1439104 -3.1255379 -3.4957299
v -0.6365531 1.5646168 5.537693
vt 95 127
vn -3.2087622 -3.2535558 -4.2522898
v -0.8221772 1.1911376 6.0002146
vt 64 127
vn -3.2017398 -4.013515 -3.2312963
f 393/393/393 394/394/394 395/395/395 396/396/396
v -0.0405518 6.8771801 10.485486
vt 96 96
vn 1.8269002 5.445365 1.8338068
v 0.1117783 6.9576163 10.0052633
vt 127 96
vn -0.8675978 5.4747519 -0.9021751
v 0.4047287 6.813684 9.6323442
vt 127 127
vn 0.7151984 5.9128962 -1.7359785
v -0.1578207 6.8193412 9.8998241
vt 96 127
vn 1.8666877 4.2586145 -1.8672713
f 397/397/397 398/398/398 399/399/399 400/400/400
v -1.6209793 9.2342262 10.3714228
vt 128 96
vn -4.2430325 -2.1494653 4.0409756
v -1.9097611 9.5186224 10.2895088
vt 159 96
vn -2.7301779 -4.9591622 1.7687477
v -1.95795 9.2996607 9.6841192
vt 159 127
vn -4.0390015 -4.1949568 -0.9767964
v -1.7875878 9.1945791 10.0908298
vt 128 127
vn -5.0108795 -3.1531208 1.8932867
f 401/401/401 402/402/402 403/403/403 404/404/404
v -0.4990519 3.642421 4.8627152
vt 160 96
vn -3.282546 0.9667239 -5.2256093
v -0.8810748 3.3598185 5.0888715
vt 191 96
vn -3.382333 0.2573652 -5.2506022
v -1.2286862 4.2377944 5.2893867
vt 191 127
vn -2.7635703 0.649886 -5.3845496
v -0.7057173 4.3615289 5.173676
vt 160 127
vn -1.9422998 1.6172109 -5.7088647
f 405/405/405 406/406/406 407/407/407 408/408/408
v 0.4534553 9.6119251 8.9685497
vt 192 96
vn -0.7170019 -6.0202417 -0.1674086
v 0.5217074 9.6855268 8.4841156
vt 223 96
vn -0.374848 -6.2323728 -0.2104218
v 0.4133098 9.6623001 8.0760765
vt 223 127
vn -0.0019081 -6.2768435 0.1947693
v 0.8917028 9.6638517 7.946044
vt 192 127
vn -0.1399271 -6.2771916 0.0304363
f 409/409/409 410/410/410 411/411/411 412/412/412
v -2.1207969 10.3838358 8.0646715
vt 224 96
vn -4.6901903 -0.4000166 0.014211
v -2.1120269 10.4010887 8.8424835
vt 255 96
vn -4.2592235 -0.9396238 -0.2051636
v -2.1665721 10.3707247 9.443429
vt 255 127
vn -2.2206197 -0.437146 -1.8435308
v -2.3053966 10.5365944 8.7295065
vt 224 127
vn -4.088872 -0.2924671 -0.0315438
f 413/413/413 414/414/414 415/415/415 416/416/416
v -0.4438263 -2.7875116 7.0190849
vt 256 96
vn -1.1024172 -5.2584019 2.2267075
v -0.2170011 -2.7079532 6.6788311
vt 287 96
vn -1.7519672 -4.4993048 -3.8600349
v 0.3048024 -3.0197473 6.6527624
vt 287 127
vn -0.8747485 -4.7800865 -3.3222818
v -0.0237539 -3.0872927 6.9574409
vt 256 127
vn -2.8631866 -4.2617383 -0.6605225
f 417/417/417 418/418/418 419/419/419 420/420/420
v 1.157804 0.5721596 8.1946907
vt 288 96
vn 2.6277754 1.0600555 5.5779419
v 1.1475153 0.9558646 8.1486235
vt 319 96
vn 3.1588831 1.4230464 5.2015519
v 0.8083784 1.3902309 8.2110214
vt 319 127
vn 2.6467252 1.2770283 5.5070539
v 0.8837773 0.9162911 8.3062
vt 288 127
vn 2.9417577 0.8115298 5.4545455
f 421/421/421 422/422/422 423/423/423 424/424/424
v 1.5088542 7.0223751 10.8895273
vt 320 96
vn -0.1671395 2.3647056 5.5037017
v 1.6170613 7.5603294 10.9375019
vt 351 96
vn 0.0468336 0.4841409 4.5448756
v 1.37133 7.7636466 10.6623516
vt 351 127
vn -4.4917035 0.7189015 4.3270655
v 1.2336193 7.1473188 10.6735687
vt 320 127
vn -3.3545973 2.9083815 3.925432
f 425/425/425 426/426/426 427/427/427 428/428/428
v -1.7943202 9.5774755 10.7596321
vt 352 96
vn -0.4502278 -3.0634665 3.5853498
v -1.5616814 9.5106525 10.5630169
vt 383 96
vn -1.5245959 -4.1875682 3.6043315
v -0.9380537 9.5008602 10.6340351
vt 383 127
vn 1.4869531 -1.9499049 4.9878411
v -0.8872251 9.6286621 10.7696533
vt 352 127
vn 0.5896072 -2.5906827 4.7387023
f 429/429/429 430/430/430 431/431/431 432/432/432
v -1.4063419 4.8251624 9.7836475
vt 384 96
vn -3.5357168 -4.6687722 -1.7206312
v -1.8371121 5.0199275 10.0931492
vt 415 96
vn -3.5800936 -4.83284 0.2800821
v -2.3777645 5.513401 8.9822121
vt 415 127
vn -3.9981718 -3.382514 -1.3312237
v -1.6022496 4.9852176 9.5861588
vt 384 127
vn -1.5743921 -5.5182705 -1.9187089
f 433/433/433 434/434/434 435/435/435 436/436/436
v 0.8162653 -0.9321076 4.9391103
vt 416 96
vn 2.3230147 2.5058475 -4.9248371
v 1.2688855 -0.9990348 5.2716994
vt 447 96
vn 3.9011805 -0.4433318 -2.8099306
v 1.0699539 -1.1949663 5.0144448
vt 447 127
vn 3.1768417 -1.5574758 -2.2618544
v 0.8988553 -1.2940068 4.897398
vt 416 127
vn 3.0158353 -1.817013 -3.6619129
f 437/437/437 438/438/438 439/439/439 440/440/440
v -0.2042149 1.7816583 8.2697582
vt 448 96
vn -1.6039884 0.7188681 6.0121274
v 0.0280534 2.3888896 8.2295399
vt 479 96
vn -0.7752452 1.019815 6.0954995
v -0.5834776 2.1470964 8.121047
vt 479 127
vn -2.3955667 0.7606915 5.6542368
v -0.5328038 1.7046527 8.1711397
vt 448 127
vn -2.4676223 0.3424181 5.7186337
f 441/441/441 442/442/442 443/443/443 444/444/444
v 0.6958553 -1.5284785 8.247324
vt 480 96
vn 2.5474455 -2.7046909 5.048821
v 0.722725 -1.2226905 8.3751125
vt 511 96
vn 2.3351271 -1.9427232 5.476047
v 0.2559226 -1.1490488 8.5515966
vt 511 127
vn -0.5757676 -1.7864957 5.6602254
v 0.3229637 -1.447794 8.4632578
vt 480 127
vn 0.1969837 -2.0481071 5.4046836
f 445/445/445 446/446/446 447/447/447 448/448/448
v -2.2428086 10.2204647 8.1622257
vt 512 96
vn -5.1769052 3.5499067 0.0023546
v -2.1207969 10.3838358 8.0646715
vt 543 96
vn -4.6901903 -0.4000166 0.014211
v -2.389179 10.0429659 7.0727453
vt 543 127
vn -5.8135171 1.6129109 0.1479813
v -2.3657115 10.0343847 7.7170877
vt 512 127
vn -5.8454208 1.4627328 0.1865121
f 449/449/449 450/450/450 451/451/451 452/452/452
v -0.5293183 0.5765483 8.3513918
vt 544 96
vn -2.4249728 1.1044817 5.6526179
v -0.9386582 0.4800442 8.1719427
vt 575 96
vn -3.46984 0.8916986 4.996604
v -0.9979711 0.0847734 8.1565037
vt 575 127
vn -3.6487777 0.5438191 5.0340571
v -0.6762748 -0.027533 8.3547812
vt 544 127
vn -2.8835306 0.0861724 5.5446501
f 453/453/453 454/454/454 455/455/455 456/456/456
v -0.397787 4.9283071 5.350462
vt 576 96
vn -0.7011815 2.5819831 -5.5109854
v -0.19942 4.6065578 5.0566912
vt 607 96
vn -1.9470407 2.9037743 -5.1344695
v -0.2677985 4.0479312 4.8525467
vt 607 127
vn -2.9944005 2.1255896 -5.0717635
v -0.7057173 4.3615289 5.173676
vt 576 127
vn -1.9422998 1.6172109 -5.7088647
f 457/457/457 458/458/458 459/459/459 460/460/460
v 2.669667 10.9540939 8.3142271
vt 608 96
vn 5.060111 -2.2396903 0.253898
v 2.6957335 11.0758238 8.8425951
vt 639 96
vn 5.106411 -0.4181692 -0.3245525
v 2.645376 11.2439251 9.087471
vt 639 127
vn 3.0870714 3.1219182 0.4998778
v 2.6055505 10.8017054 9.3157434
vt 608 127
vn 6.1105413 -0.2947946 0.4532343
f 461/461/461 462/462/462 463/463/463 464/464/464
v 1.0921702 -0.4304393 6.0087914
vt 640 96
vn -0.1034992 0.0792279 -1.8309892
v 1.164451 -0.2278168 5.7557583
vt 671 96
vn 4.0093427 -1.4820625 -3.651402
v 1.5021605 -0.0453919 6.1454501
vt 671 127
vn 3.6302722 1.2217085 -4.9345665
v 1.2365189 -0.4064962 5.8765507
vt 640 127
vn 1.6691439 1.8289648 -4.3081317
f 465/465/465 466/466/466 467/467/467 468/468/468
v 1.1185989 7.824409 6.9783564
vt 672 96
vn -1.1791757 0.3662509 5.6394458
v 1.4036626 8.7129354 6.9085779
vt 703 96
vn 3.4386692 -0.8088332 4.6253877
v 1.0294914 8.8824196 6.9543691
vt 703 127
vn -2.4748807 -1.040123 5.474834
v 1.1965193 8.3070898 6.9905396
vt 672 127
vn -0.5201836 -0.0453871 5.5356884
f 469/469/469 470/470/470 471/471/471 472/472/472
v -2.3053966 10.5365944 8.7295065
vt 704 96
vn -4.088872 -0.2924671 -0.0315438
v -2.3826749 10.48666 9.4986334
vt 735 96
vn -5.4340515 -0.2053437 -1.0953072
v -2.1340489 10.6980181 8.8576603
vt 735 127
vn -4.5533199 0.3727804 -0.0009658
v -2.1678884 10.7336321 7.5415764
vt 704 127
vn -4.7957101 -0.0388334 -0.0133276
f 473/473/473 474/474/474 475/475/475 476/476/476
v 1.5756335 9.2219744 5.8841043
vt 736 96
vn 2.8513675 -2.6030352 -3.956084
v 1.6764359 9.6491089 5.4652085
vt 767 96
vn 1.6801196 -4.6781821 -2.6589601
v 1.811965 9.4074802 5.6499887
vt 767 127
vn 2.2491241 -2.3992651 -2.9386528
v 1.8109777 9.2482901 6.0158143
vt 736 127
vn 4.5031219 -3.4626563 -1.6406703
f 477/477/477 478/478/478 479/479/479 480/480/480
v 1.7761593 -1.0380633 6.1958628
vt 768 96
vn 5.6417909 -0.5840425 -1.5887986
v 1.8450209 -0.7034159 6.551692
vt 799 96
vn 6.1274714 -0.4661081 -1.0884265
v 1.8900769 -1.0089505 6.8241234
vt 799 127
vn 5.9333568 -0.1411169 -1.6916665
v 1.8058797 -1.1584716 6.7105446
vt 768 127
vn 5.6561079 -1.2448403 -2.19818
f 481/481/481 482/482/482 483/483/483 484/484/484
v 1.159947 -2.3546813 6.033381
vt 800 96
vn 2.360666 -4.4640837 -2.6595418
v 0.5915576 -2.5969982 6.3827891
vt 831 96
vn 1.8432662 -3.871177 -4.0354452
v 0.5852232 -2.2761736 5.8586383
vt 831 127
vn 0.0822607 -4.1437621 -4.4313054
v 0.8940693 -2.0938752 5.6536551
vt 800 127
vn 0.0001281 -2.6683071 -4.779829
f 485/485/485 486/486/486 487/487/487 488/488/488
v 1.7508558 1.0295582 7.3285022
vt 832 96
vn 4.1662002 1.4722935 3.406357
v 1.9581097 1.1780664 7.1098714
vt 863 96
vn 5.4835443 0.7010753 1.7602123
v 1.9893363 1.4757363 7.1561837
vt 863 127
vn 5.5130558 -0.8574573 1.9166336
v 1.6946858 1.5908445 7.5744157
vt 832 127
vn 4.5559063 -0.4605723 4.1768112
f 489/489/489 490/490/490 491/491/491 492/492/492
v 1.614204 9.2436981 10.8448153
vt 864 96
vn -0.042694 0.6251829 2.6851773
v 1.2564873 9.3295574 10.4071636
vt 895 96
vn -4.1245461 -0.2973964 4.4243507
v 1.4226304 8.9795189 10.5438871
vt 895 127
vn -4.6721787 -0.1428125 4.1318302
v 1.6545081 8.9046593 10.7722378
vt 864 127
vn 0.5208012 0.0571364 4.4320421
f 493/493/493 494/494/494 495/495/495 496/496/496
v 1.0767761 8.1330805 9.5163784
vt 896 96
vn -4.436873 0.2991045 -4.0618076
v 1.9479016 7.8755865 9.2940407
vt 927 96
vn 1.7321278 3.4238148 -4.714334
v 2.3420067 7.6894956 9.5640326
vt 927 127
vn 5.1351461 2.8531015 -1.6190464
v 2.4475043 7.0964732 8.6530333
vt 896 127
vn 1.3804443 4.0631647 -3.8654935
f 497/497/497 498/498/498 499/499/499 500/500/500
v -0.7892779 9.4103651 8.7579527
vt 928 96
vn 0.3827201 -3.2271774 -3.6122079
v -0.5203976 9.4228077 9.001194
vt 959 96
vn 3.7909737 -4.0102882 -2.1883392
v -0.7281585 9.3136902 9.036377
vt 959 127
vn 2.0548716 -5.0333047 -3.0599134
v -1.0003899 9.4001589 8.8582191
vt 928 127
vn 0.6493219 -3.8276634 -4.6777163
f 501/501/501 502/502/502 503/503/503 504/504/504
v -1.4306961 9.3216124 5.5008874
vt 960 96
vn -2.5968153 -3.9458437 -3.9499793
v -1.3072579 9.137598 5.4664235
vt 991 96
vn -0.0125584 -1.3849193 -2.2232347
v -1.464416 9.0957222 5.766304
vt 991 127
vn -3.7880883 -3.3797112 -3.4197748
v -1.7045646 9.3704729 5.6161098
vt 960 127
vn -4.0161061 -3.5034595 -2.4279847
f 505/505/505 506/506/506 507/507/507 508/508/508
v -1.2910845 1.0389718 7.3449225
vt 992 96
vn -4.7032585 1.5204687 2.7325885
v -1.2459973 1.2842181 7.5112739
vt 1023 96
vn -5.1608462 -0.9470112 3.3693209
v -1.3295109 1.5560086 7.5216827
vt 1023 127
vn -4.9380374 -1.1770959 3.501415
v -1.4632496 1.2308605 7.0741878
vt 992 127
vn -5.5109167 -1.5876123 0.1222591
f 509/509/509 510/510/510 511/511/511 512/512/512
v -1.2620075 5.486517 7.1067023
vt 0 128
vn -4.9633365 1.9218045 3.1707451
v -1.6478422 5.7903638 6.5032783
vt 31 128
vn -5.653378 0.8351051 1.6037071
v -1.6407139 5.16113 6.8173537
vt 31 159
vn -5.2875223 1.1645687 2.6335175
v -1.4503205 4.9996858 7.0948677
vt 0 159
vn -5.2868118 1.5108345 2.8112323
f 513/513/513 514/514/514 515/515/515 516/516/516
v 0.7237884 6.110518 7.2360945
vt 32 128
vn 1.7309878 5.1689935 1.8571912
v 1.4367099 6.611845 6.9995289
vt 63 128
vn 2.7850723 0.8821993 5.0666518
v 1.112743 6.2602139 7.1219144
vt 63 159
vn 0.066478 2.0804451 5.8483348
v 0.4745872 6.2973919 6.8860865
vt 32 159
vn -1.780929 4.8250127 2.0449216
f 517/517/517 518/518/518 519/519/519 520/520/520
v -0.0146127 0.2438526 5.3614326
vt 64 128
vn -1.9908903 4.2353892 -3.164392
v 0.0179361 0.3594832 5.6075969
vt 95 128
vn -1.8174 2.1858473 -4.4854674
v 0.2377155 0.527546 5.4981956
vt 95 159
vn 0.4477817 0.9978569 -2.2470467
v 0.5942052 0.3744515 5.6777906
vt 64 159
vn 1.8309617 4.5413594 -3.8494656
f 521/521/521 522/522/522 523/523/523 524/524/524
v -2.3741369 11.0382748 8.8651476
vt 96 128
vn -5.7847104 -1.796393 0.0455415
v -2.1920443 10.7297535 9.3436899
vt 127 128
vn -3.5319405 -0.3036835 -2.1325605
v -2.3826749 10.48666 9.4986334
vt 127 159
vn -5.4340515 -0.2053437 -1.0953072
v -2.4177713 11.2429972 9.2105036
vt 96 159
vn -2.9716568 2.2198498 0.040523
f 525/525/525 526/526/526 527/527/527 528/528/528
v -1.6241899 4.2711887 5.6097426
vt 128 128
vn -4.7542491 0.6288702 -3.6470056
v -1.220981 3.2525067 5.2740574
vt 159 128
vn -3.5843878 -0.5878229 -4.972887
v -1.8579268 3.5414398 5.8340578
vt 159 159
vn -5.1080089 -0.1308811 -2.5839615
v -1.7739084 4.7945409 6.2888799
vt 128 159
vn -6.135736 0.669776 -0.2603381
f 529/529/529 530/530/530 531/531/531 532/532/532
v -0.19942 4.6065578 5.0566912
vt 160 128
vn -1.9470407 2.9037743 -5.1344695
v -0.397787 4.9283071 5.350462
vt 191 128
vn -0.7011815 2.5819831 -5.5109854
v 0.22394 5.3871398 5.3895779
vt 191 159
vn -0.0333375 3.3854027 -4.8219752
v 0.3025613 4.7415185 5.0057135
vt 160 159
vn 0.4579698 2.8948746 -5.2020602
f 533/533/533 534/534/534 535/535/535 536/536/536
v 0.9474071 9.2304316 9.8774996
vt 192 128
vn -5.6785622 -1.4911777 2.0973847
v 0.8701451 9.3303328 9.6277971
vt 223 128
vn -5.9077249 -1.7787943 -0.0327998
v 0.9599241 8.8877573 9.6357079
vt 223 159
vn -5.44875 -0.9811605 -1.1535496
v 1.1318012 8.9694481 10.2101679
vt 192 159
vn -5.4132719 -0.1320374 3.018862
f 537/537/537 538/538/538 539/539/539 540/540/540
v -1.2286862 4.2377944 5.2893867
vt 224 128
vn -2.7635703 0.649886 -5.3845496
v -0.8810748 3.3598185 5.0888715
vt 255 128
vn -3.382333 0.2573652 -5.2506022
v -1.0258549 2.6546121 5.2601352
vt 255 159
vn -3.7841768 -1.3545774 -4.7786584
v -1.220981 3.2525067 5.2740574
vt 224 159
vn -3.5843878 -0.5878229 -4.972887
f 541/541/541 542/542/542 543/543/543 544/544/544
v 2.5016968 5.1696897 10.1213961
vt 256 128
vn 4.204895 -4.1240821 0.924921
v 2.4700067 5.5343065 10.744298
vt 287 128
vn 4.5909977 -1.5624859 3.2781017
v 1.8641528 5.4495788 11.2383375
vt 287 159
vn 2.9311695 -1.5430486 5.0547996
v 2.0666349 5.0160508 10.8631926
vt 256 159
vn 3.5552342 -3.4246783 2.9962575
f 545/545/545 546/546/546 547/547/547 548/548/548
v -0.7892779 9.4103651 8.7579527
vt 288 128
vn 0.3827201 -3.2271774 -3.6122079
v -1.0003899 9.4001589 8.8582191
vt 319 128
vn 0.6493219 -3.8276634 -4.6777163
v -1.003618 9.6597157 8.7096863
vt 319 159
vn 0.0402384 -4.3661723 -3.0229743
v -0.5100005 9.673604 8.7333517
vt 288 159
vn 1.6668537 -5.2897134 -1.6172861
f 549/549/549 550/550/550 551/551/551 552/552/552
v 0.7993363 -2.9270132 6.8392911
vt 320 128
vn 2.5075743 -5.0912657 1.8013666
v 1.4935538 -2.6717498 6.9400787
vt 351 128
vn 3.0399108 -2.7805736 0.9708156
v 1.1401659 -2.3231974 7.3811817
vt 351 159
vn 2.4313376 -4.1542354 4.0204434
v 0.5802208 -2.5991874 7.4368696
vt 320 159
vn 3.1347876 -3.7225542 3.889528
f 553/553/553 554/554/554 555/555/555 556/556/556
v 1.2060742 -1.2712266 8.1400671
vt 352 128
vn 3.0431395 -2.1986206 4.9230824
v 1.1138725 -1.0120759 8.2784882
vt 383 128
vn 2.7863045 -1.234921 5.3901925
v 0.6784472 -0.8475407 8.4786615
vt 383 159
vn 2.736299 -0.8184657 5.5812516
v 0.722725 -1.2226905 8.3751125
vt 352 159
vn 2.3351271 -1.9427232 5.476047
f 557/557/557 558/558/558 559/559/559 560/560/560
v -1.2351441 -1.1447117 6.9266734
vt 384 128
vn -4.8991303 -0.8336018 -3.542563
v -0.9802535 -1.4148511 6.7062325
vt 415 128
vn -4.7665796 -1.7493064 -3.2227201
v -1.3278104 -1.5490314 7.0024056
vt 415 159
vn -4.035121 -0.9407125 -4.3870482
v -1.4237187 -1.3805952 7.1366415
vt 384 159
vn -4.9883003 -0.1895874 -3.2149229
f 561/561/561 562/562/562 563/563/563 564/564/564
v -0.8014895 8.0357037 7.0034304
vt 416 128
vn 1.7252208 0.1796633 5.3419838
v -1.0044596 7.5263705 7.0367675
vt 447 128
vn -1.4964275 0.2610066 5.6580901
v -0.7293493 7.2173991 7.0136733
vt 447 159
vn 2.5114219 0.5455445 5.4643192
v -0.4267973 7.2159395 6.7380295
vt 416 159
vn 5.073638 0.7490232 3.3681297
f 565/565/565 566/566/566 567/567/567 568/568/568
v 0.8638358 7.0733929 6.91608
vt 448 128
vn -3.0119452 0.4247835 5.2693758
v 0.4965602 6.7810993 6.5696812
vt 479 128
vn -5.4744921 0.9484593 1.8182302
v 0.4745872 6.2973919 6.8860865
vt 479 159
vn -1.780929 4.8250127 2.0449216
v 0.9262017 6.6342587 7.0110979
vt 448 159
vn -1.9200077 1.1740745 5.5936003
f 569/569/569 570/570/570 571/571/571 572/572/572
v 2.6227303 10.5597296 5.8356056
vt 480 128
vn 4.1057158 -0.8141608 0.1870903
v 2.4264205 10.790307 5.2273993
vt 511 128
vn 3.5758722 0.0277636 -4.0336413
v 2.4848893 10.7706537 5.9899688
vt 511 159
vn 5.5449281 -0.1341558 0.097325
v 2.4584129 10.7072306 6.3284054
vt 480 159
vn 5.7001495 -1.0108333 -0.1859441
f 573/573/573 574/574/574 575/575/575 576/576/576
v -0.7057173 4.3615289 5.173676
vt 512 128
vn -1.9422998 1.6172109 -5.7088647
v -0.6052607 5.1925488 5.4047408
vt 543 128
vn 0.7429719 1.842147 -5.8442659
v -0.2974375 5.32937 5.5604849
vt 543 159
vn -0.1130924 2.8894734 -5.2756343
v -0.397787 4.9283071 5.350462
vt 512 159
vn -0.7011815 2.5819831 -5.5109854
f 577/577/577 578/578/578 579/579/579 580/580/580
v -0.9334763 9.1770277 10.8260002
vt 544 128
vn 0.9801224 0.9149505 3.5703192
v -1.2307475 8.7897644 10.6642323
vt 575 128
vn -3.9679987 0.3924905 4.8374791
v -1.0618259 8.665822 10.80443
vt 575 159
vn -0.5790937 0.2265253 5.2910013
v -0.8280192 8.584527 10.6582174
vt 544 159
vn 4.3684421 0.5285163 4.4113865
f 581/581/581 582/582/582 583/583/583 584/584/584
v -1.7875878 9.1945791 10.0908298
vt 576 128
vn -5.0108795 -3.1531208 1.8932867
v -1.5009187 8.8957758 10.3920546
vt 607 128
vn -4.9458928 -0.4798009 3.6928663
v -1.2686625 9.1632118 10.6305199
vt 607 159
vn -3.0301979 0.1449509 5.3484845
v -1.6209793 9.2342262 10.3714228
vt 576 159
vn -4.2430325 -2.1494653 4.0409756
f 585/585/585 586/586/586 587/587/587 588/588/588
v 0.8988553 -1.2940068 4.897398
vt 608 128
vn 3.0158353 -1.817013 -3.6619129
v 1.0699539 -1.1949663 5.0144448
vt 639 128
vn 3.1768417 -1.5574758 -2.2618544
v 0.0616551 -1.6454318 4.7679496
vt 639 159
vn -0.9896978 -2.034971 -1.8591251
v 0.5944185 -1.5403377 4.8912325
vt 608 159
vn 2.2491546 -3.8317652 -1.8326962
f 589/589/589 590/590/590 591/591/591 592/592/592
v 1.7435158 5.3051586 9.2091408
vt 640 128
vn 1.7988814 -2.3611369 -2.8148158
v 2.0557365 4.9307961 9.7023516
vt 671 128
vn 3.2131162 -4.9644566 -1.5218794
v 1.6038773 4.4369297 10.0536261
vt 671 159
vn 3.5153041 -4.9334154 0.0608528
v 1.7381948 4.7877965 9.3537722
vt 640 159
vn 4.9647102 -2.8343735 -2.0525162
f 593/593/593 594/594/594 595/595/595 596/596/596
v 1.4200889 10.1611824 5.1259336
vt 672 128
vn 0.4441569 2.7605259 -5.5214586
v 1.421774 10.4175138 5.3287106
vt 703 128
vn -0.0380286 -0.2940138 -4.3165288
v 2.4508705 10.4222088 5.2482748
vt 703 159
vn 3.9150681 1.6627856 -3.4415514
v 2.1116905 10.1344881 5.0237174
vt 672 159
vn -0.3464006 2.175988 -5.4798036
f 597/597/597 598/598/598 599/599/599 600/600/600
v 1.463582 7.9540358 5.8474088
vt 704 128
vn 3.1766644 0.5687504 -4.7197471
v 1.5425136 8.6745443 5.9761591
vt 735 128
vn 4.6665258 -0.9854602 -3.7927973
v 1.6855316 8.6721039 6.3448939
vt 735 159
vn 5.8620338 -0.8558646 0.2830827
v 1.7539427 7.2922564 6.1967955
vt 704 159
vn 5.8197937 0.611983 -0.9103923
f 601/601/601 602/602/602 603/603/603 604/604/604
v -0.5888251 6.0758433 7.2126212
vt 736 128
vn -0.8088347 4.006062 3.0490334
v -1.094227 5.5521626 7.473022
vt 767 128
vn -5.1200428 3.2958298 1.3311802
v -1.1427996 5.2087879 8.3528967
vt 767 159
vn -5.9272451 1.4881877 0.4130636
v -0.7117216 5.9726324 8.3521652
vt 736 159
vn -4.4674997 4.2530169 -0.2488972
f 605/605/605 606/606/606 607/607/607 608/608/608
v 3.1078455 6.0554271 9.2986832
vt 768 128
vn 5.8612204 -0.2749006 0.3412804
v 2.9339159 6.7494378 9.4348669
vt 799 128
vn 5.5250969 2.2957199 0.8099131
v 2.7416883 6.6724429 10.0167494
vt 799 159
vn 5.3627682 1.9894375 2.4956753
v 2.9055579 5.9104042 10.159482
vt 768 159
vn 5.2113743 -0.5738693 2.1927321
f 609/609/609 610/610/610 611/611/611 612/612/612
v 1.6252351 0.7632064 6.7004547
vt 800 128
vn 3.4927595 0.5990512 -4.2089348
v 1.7723013 1.0884132 6.7738495
vt 831 128
vn 3.9526365 -0.9378833 -3.9841659
v 2.045121 1.1137382 6.8726506
vt 831 159
vn 2.349309 1.8619758 -1.4530096
v 1.8550019 0.6232461 6.7557373
vt 800 159
vn 3.3776145 1.3147994 -5.0241446
f 613/613/613 614/614/614 615/615/615 616/616/616
v 0.1545463 9.6921329 9.5613937
vt 832 128
vn -0.4522038 -6.2547445 0.2419435
v 0.0910722 9.7125959 10.083271
vt 863 128
vn 0.6997601 -6.149694 -0.2232749
v -0.2901676 9.590086 9.7916622
vt 863 159
vn 4.0116014 -4.4051704 -0.2120917
v -0.292598 9.7286282 9.0273685
vt 832 159
vn 2.0358574 -5.1485004 -0.5797781
f 617/617/617 618/618/618 619/619/619 620/620/620
v 1.4751626 -0.0239591 8.0702887
vt 864 128
vn 3.8896072 0.2829351 4.908886
v 1.9417834 -0.0208976 7.594275
vt 895 128
vn 4.8761678 0.3181888 3.9426255
v 1.9477363 0.3162664 7.5705876
vt 895 159
vn 4.8764315 0.6395821 3.8714223
v 1.5926136 0.3105839 8.0028868
vt 864 159
vn 3.9619272 0.539971 4.5587454
f 621/621/621 622/622/622 623/623/623 624/624/624
v -0.5322234 9.2192078 5.888144
vt 896 128
vn 4.5414085 -3.3513205 -1.6044178
v -0.3717157 9.0582743 6.3707633
vt 927 128
vn 5.8767557 -0.2569476 0.0563544
v -0.453526 8.2163687 6.1696272
vt 927 159
vn 5.457027 0.2905065 -2.2113364
v -0.5989407 8.8113184 5.9123569
vt 896 159
vn 4.6698194 -0.7588757 -3.9162691
f 625/625/625 626/626/626 627/627/627 628/628/628
v -1.3561753 9.1104231 6.9098597
vt 928 128
vn -3.8495927 -1.2241451 4.5853887
v -1.1361034 8.4585123 6.9895229
vt 959 128
vn -2.7327003 -0.4990859 5.2653489
v -0.4768795 8.2453394 6.656878
vt 959 159
vn 5.3819427 0.1967286 2.5711935
v -0.8962272 8.7418137 7.0564561
vt 928 159
vn 1.1599075 -0.2136801 5.4051771
f 629/629/629 630/630/630 631/631/631 632/632/632
v 2.1546113 8.1316204 9.5307226
vt 960 128
vn 4.3205614 1.1041963 -3.9472563
v 1.538146 8.6846867 9.2052841
vt 991 128
vn -0.4635336 -2.1749206 -5.2684922
v 1.8215096 8.9998684 9.0834217
vt 991 159
vn 1.6623918 -4.4876184 -3.8357751
v 2.169488 8.8164339 9.5041428
vt 960 159
vn 4.6878438 -1.6074075 -3.4513831
f 633/633/633 634/634/634 635/635/635 636/636/636
v -1.1416475 -0.3472425 6.4509497
vt 992 128
vn -5.0329528 -0.1398982 -3.6200137
v -1.2787204 0.0556001 6.5045505
vt 1023 128
vn -4.3591919 0.5836865 -3.1239223
v -0.824479 0.2617442 6.2555861
vt 1023 159
vn -3.9781907 2.2248986 -4.2422676
v -0.8513927 0.0089383 6.2278404
vt 992 159
vn -4.2071681 0.6133001 -4.553926
f 637/637/637 638/638/638 639/639/639 640/640/640
v -2.4046476 9.6727228 9.1892328
vt 0 160
vn -3.458344 -2.3180325 -0.3403981
v -2.3826749 10.48666 9.4986334
vt 31 160
vn -5.4340515 -0.2053437 -1.0953072
v -2.3053966 10.5365944 8.7295065
vt 31 191
vn -4.088872 -0.2924671 -0.0315438
v -2.1665721 10.3707247 9.443429
vt 0 191
vn -2.2206197 -0.437146 -1.8435308
f 641/641/641 642/642/642 643/643/643 644/644/644
v -0.4121389 0.429222 5.9754782
vt 32 160
vn -3.7642496 2.5872877 -4.0868139
v -0.385563 0.1387181 5.6133518
vt 63 160
vn -3.6434412 3.8099864 -3.2802536
v -0.3055941 -0.0481977 5.3248944
vt 63 191
vn -3.3231583 0.72281 -3.7933707
v -0.5970426 0.1754886 5.929956
vt 32 191
vn -4.6000929 1.9455298 -3.5035121
f 645/645/645 646/646/646 647/647/647 648/648/648
v 0.178081 5.3496771 11.5329714
vt 64 160
vn 0.1062829 -0.478034 5.9471412
v 0.8726748 5.7651901 11.4472189
vt 95 160
vn -0.0286559 1.1906347 6.1290116
v 0.4552396 6.6774697 10.8734217
vt 95 191
vn -1.0391277 4.6960216 3.8787005
v 0.5468125 5.8928609 11.3859777
vt 64 191
vn -0.1311957 2.1591792 5.8555274
f 649/649/649 650/650/650 651/651/651 652/652/652
v 0.6636956 5.0223217 5.3064895
vt 96 160
vn 1.2425011 3.0757179 -5.2938266
v 0.6195915 5.496706 5.6417651
vt 127 160
vn -0.3279333 2.7984939 -5.0515151
v 1.1197946 5.4550605 5.417994
vt 127 191
vn -0.6609487 1.1314217 -5.842083
v 1.1636405 5.0307012 5.3349538
vt 96 191
vn 1.0896308 1.6416361 -5.7943759
f 653/653/653 654/654/654 655/655/655 656/656/656
v -0.9911216 -0.6637969 6.1976037
vt 128 160
vn -5.134304 1.5910665 -3.1109138
v -1.1361779 -0.5894452 6.4483161
vt 159 160
vn -5.6994123 -0.0720944 -2.5783892
v -1.3683766 -0.3304695 6.921886
vt 159 191
vn -5.2693672 -0.5760315 -3.2339082
v -1.1416475 -0.3472425 6.4509497
vt 128 191
vn -5.0329528 -0.1398982 -3.6200137
f 657/657/657 658/658/658 659/659/659 660/660/660
v 1.5889006 5.6599684 7.0714989
vt 160 160
vn 4.5759091 1.631588 3.9071317
v 1.5816731 6.1290188 6.9445386
vt 191 160
vn 4.6672893 0.8757727 3.9918888
v 1.3447889 6.097384 7.137424
vt 191 191
vn 2.3542681 1.5348519 5.4366426
v 1.3278074 5.5609508 7.3370318
vt 160 191
vn 4.1808519 3.1412201 2.1247287
f 661/661/661 662/662/662 663/663/663 664/664/664
v 0.6905646 -0.4644384 5.598177
vt 192 160
vn 2.8016779 -3.6007123 -3.4037068
v 0.0945862 -0.876982 5.4627609
vt 223 160
vn 0.2008002 3.5446491 -0.9947082
v 0.1992213 -0.5453549 5.472517
vt 223 191
vn -0.823494 -2.8057334 -4.9831514
v 0.4650186 -0.353432 5.2453833
vt 192 191
vn 0.5592277 -3.5420339 -4.4253469
f 665/665/665 666/666/666 667/667/667 668/668/668
v 1.8890086 -0.3652249 6.7191553
vt 224 160
vn 5.6686797 -0.5887309 -2.0856605
v 1.8450209 -0.7034159 6.551692
vt 255 160
vn 6.1274714 -0.4661081 -1.0884265
v 1.8600816 -0.308265 6.3103604
vt 255 191
vn 4.617898 -0.0143 -2.8712392
v 1.8644645 0.0639281 6.363378
vt 224 191
vn 4.1959701 1.0965636 -3.3007948
f 669/669/669 670/670/670 671/671/671 672/672/672
v 1.5572207 5.2399898 8.371789
vt 256 160
vn 5.9881616 1.4036967 -0.4447609
v 1.7435158 5.3051586 9.2091408
vt 287 160
vn 1.7988814 -2.3611369 -2.8148158
v 1.7381948 4.7877965 9.3537722
vt 287 191
vn 4.9647102 -2.8343735 -2.0525162
v 1.5327439 4.6922383 8.7457895
vt 256 191
vn 5.8499112 -1.9119102 -0.0228716
f 673/673/673 674/674/674 675/675/675 676/676/676
v -1.3697149 8.9357634 9.250783
vt 288 160
vn -1.4952652 -3.6716464 -4.5702472
v -1.558568 8.5391893 9.6273689
vt 319 160
vn -4.9644728 -0.5816025 -3.4244225
v -1.7702596 9.0807648 9.8286619
vt 319 191
vn -5.5289726 -2.6719313 0.1317254
v -1.6856735 9.0684738 9.38235
vt 288 191
vn -4.625967 -3.3139822 -2.0981743
f 677/677/677 678/678/678 679/679/679 680/680/680
v 1.3956472 10.5871496 5.153018
vt 320 160
vn 0.1059052 -0.966148 -5.2978368
v 1.9094548 10.7207556 5.2448516
vt 351 160
vn -0.2016248 1.2863333 -5.2499075
v 2.4264205 10.790307 5.2273993
vt 351 191
vn 3.5758722 0.0277636 -4.0336413
v 2.2388237 10.5505943 5.0559773
vt 320 191
vn 0.4935037 -0.5430937 -3.6300759
f 681/681/681 682/682/682 683/683/683 684/684/684
v -0.7462617 8.9640598 9.3542118
vt 352 160
vn 3.4044507 -2.2950706 -4.4404893
v -1.1538546 8.5230532 9.3454523
vt 383 160
vn -0.0777688 -0.8900447 -5.7229829
v -1.558568 8.5391893 9.6273689
vt 383 191
vn -4.9644728 -0.5816025 -3.4244225
v -1.3697149 8.9357634 9.250783
vt 352 191
vn -1.4952652 -3.6716464 -4.5702472
f 685/685/685 686/686/686 687/687/687 688/688/688
v 1.1286099 0.177379 5.8659687
vt 384 160
vn 3.7378294 2.9074235 -3.9046161
v 0.729355 0.148228 5.4116402
vt 415 160
vn 2.6724799 3.7883942 -3.7309852
v 0.999936 0.3393609 5.9652138
vt 415 191
vn 2.9524462 2.9223769 -4.1742082
v 1.3044606 0.5682266 6.2896552
vt 384 191
vn 3.7257864 1.4432673 -4.4737029
f 689/689/689 690/690/690 691/691/691 692/692/692
v -0.0100253 -1.6689574 8.2147427
vt 416 160
vn -1.7987405 -3.0477409 5.1802649
v 0.3685624 -1.7719582 8.3264523
vt 447 160
vn 0.5192498 -2.5763426 4.7575684
v 0.6958553 -1.5284785 8.247324
vt 447 191
vn 2.5474455 -2.7046909 5.048821
v 0.3229637 -1.447794 8.4632578
vt 416 191
vn 0.1969837 -2.0481071 5.4046836
f 693/693/693 694/694/694 695/695/695 696/696/696
v 1.7474864 6.0397696 5.8338871
vt 448 160
vn 4.6334176 0.9938191 -3.7674696
v 1.7539427 7.2922564 6.1967955
vt 479 160
vn 5.8197937 0.611983 -0.9103923
v 1.9547986 5.4045324 6.1344967
vt 479 191
vn 6.082406 1.0891136 -0.8143694
v 1.8487684 5.5742683 5.7788644
vt 448 191
vn 4.8362656 1.1475626 -2.9982684
f 697/697/697 698/698/698 699/699/699 700/700/700
v 1.2336193 7.1473188 10.6735687
vt 480 160
vn -3.3545973 2.9083815 3.925432
v 0.5118565 6.9512882 10.3524523
vt 511 160
vn -1.6633636 5.7566967 1.0782316
v 0.4552396 6.6774697 10.8734217
vt 511 191
vn -1.0391277 4.6960216 3.8787005
v 1.0016814 6.7162533 11.1798563
vt 480 191
vn -1.0660771 3.3070769 4.4019961
f 701/701/701 702/702/702 703/703/703 704/704/704
v -2.4772971 11.1951599 5.5269294
vt 512 160
vn -2.545527 1.2341386 -0.1487705
v -2.1931427 10.7453804 5.2846761
vt 543 160
vn -3.8416836 -0.2039901 -3.608269
v -2.3861246 10.5586576 5.5098348
vt 543 191
vn -3.5704532 -0.5658408 -0.576023
v -2.1913517 10.8023682 5.9939799
vt 512 191
vn -5.5029254 0.9167875 0.229073
f 705/705/705 706/706/706 707/707/707 708/708/708
v -0.9594899 -2.0457401 7.5236945
vt 544 160
vn -3.3348131 -3.2758586 4.092267
v -0.6948797 -1.967615 7.7723093
vt 575 160
vn -2.723351 -3.4585593 4.4018955
v -0.9206949 -1.5130373 7.9303923
vt 575 191
vn -3.3679919 -2.2780318 4.6171536
v -1.1457809 -1.6205517 7.6567893
vt 544 191
vn -4.1776147 -2.5139935 3.846535
f 709/709/709 710/710/710 711/711/711 712/712/712
v -1.939693 3.4936404 6.5680256
vt 576 160
vn -5.9710422 0.1718936 0.7634349
v -1.7353045 4.5255651 6.8577476
vt 607 160
vn -5.6088581 1.003949 2.2110543
v -1.6407139 5.16113 6.8173537
vt 607 191
vn -5.2875223 1.1645687 2.6335175
v -1.7739084 4.7945409 6.2888799
vt 576 191
vn -6.135736 0.669776 -0.2603381
f 713/713/713 714/714/714 715/715/715 716/716/716
v -1.5039607 7.3509002 10.6967258
vt 608 160
vn -3.6559777 1.5122541 4.8740058
v -1.2748207 7.2069197 10.9105721
vt 639 160
vn -2.0887573 -1.2370528 4.7004294
v -0.8940806 7.6872821 10.913928
vt 639 191
vn 1.8154317 0.7719237 5.0433683
v -1.2210258 7.6665621 10.8452988
vt 608 191
vn -2.743155 1.0657957 5.3534875
f 717/717/717 718/718/718 719/719/719 720/720/720
v -1.4503205 4.9996858 7.0948677
vt 640 160
vn -5.2868118 1.5108345 2.8112323
v -1.6407139 5.16113 6.8173537
vt 671 160
vn -5.2875223 1.1645687 2.6335175
v -1.7353045 4.5255651 6.8577476
vt 671 191
vn -5.6088581 1.003949 2.2110543
v -1.6825491 4.1093178 7.0826092
vt 640 191
vn -5.6805573 0.7174449 2.5512064
f 721/721/721 722/722/722 723/723/723 724/724/724
v 0.72454 2.5253882 8.1145229
vt 672 160
vn 2.1053772 0.9314655 5.8089581
v 0.9363221 2.9153082 7.9488268
vt 703 160
vn 2.8749809 -0.2269236 5.4660854
v 0.9426506 3.5671461 8.1524916
vt 703 191
vn 2.9703069 -3.0414302 4.3756661
v 0.3537812 3.0146048 8.2249889
vt 672 191
vn 0.6449571 -0.9341075 5.9982314
f 725/725/725 726/726/726 727/727/727 728/728/728
v 2.5269501 10.2737236 7.5892291
vt 704 160
vn 5.152072 3.5012264 0.0499052
v 2.7570465 10.0122547 8.0929031
vt 735 160
vn 5.571959 2.1332023 -0.0124173
v 2.739068 9.6838598 7.4582844
vt 735 191
vn 3.2465966 -3.2607012 -0.0588962
v 2.747328 10.0211658 7.2266998
vt 704 191
vn 5.5988688 1.9527674 0.0561761
f 729/729/729 730/730/730 731/731/731 732/732/732
v -0.3071267 6.4758983 9.5172892
vt 736 160
vn 0.6974087 2.8842268 -2.7858305
v -0.1578207 6.8193412 9.8998241
vt 767 160
vn 1.8666877 4.2586145 -1.8672713
v 0.2649283 6.7315946 9.1532755
vt 767 191
vn -0.5695527 4.8538465 -2.2191575
v 0.1234915 6.5070224 8.9591265
vt 736 191
vn -2.3249419 5.4225206 -1.8187951
f 733/733/733 734/734/734 735/735/735 736/736/736
v -1.6478422 5.7903638 6.5032783
vt 768 160
vn -5.653378 0.8351051 1.6037071
v -1.7074028 5.4003491 6.2740707
vt 799 160
vn -6.1406288 0.925922 0.0287403
v -1.7739084 4.7945409 6.2888799
vt 799 191
vn -6.135736 0.669776 -0.2603381
v -1.6407139 5.16113 6.8173537
vt 768 191
vn -5.2875223 1.1645687 2.6335175
f 737/737/737 738/738/738 739/739/739 740/740/740
v 1.0488949 2.9535499 4.8839684
vt 800 160
vn 2.9909182 -0.4782904 -5.2776318
v 1.8969966 2.2071919 5.8884444
vt 831 160
vn 4.7284117 -2.0717468 -3.348948
v 1.2739623 1.9804562 5.3861847
vt 831 191
vn 3.5172293 -2.5526259 -4.4484668
v 1.3049167 2.4833667 5.1612458
vt 800 191
vn 3.6457529 -1.6056418 -4.6817079
f 741/741/741 742/742/742 743/743/743 744/744/744
v -0.8736831 -2.3639419 6.9093943
vt 832 160
vn -3.5759528 -1.6862506 -4.3481975
v -0.838824 -2.7574296 7.088985
vt 863 160
vn -1.8573016 -2.087801 0.8802856
v -0.6871943 -2.4638488 7.2460985
vt 863 191
vn -1.5237991 -4.0238957 4.4002037
v -0.8563975 -2.5159919 7.162909
vt 832 191
vn -2.1500001 -3.4515412 3.6537662
f 745/745/745 746/746/746 747/747/747 748/748/748
v -0.4267973 7.2159395 6.7380295
vt 864 160
vn 5.073638 0.7490232 3.3681297
v -0.7293493 7.2173991 7.0136733
vt 895 160
vn 2.5114219 0.5455445 5.4643192
v -0.9892552 6.7377157 7.0815978
vt 895 191
vn -1.5057777 0.7418464 5.7521758
v -0.6388968 6.570303 7.0727406
vt 864 191
vn 2.3998623 1.3744711 5.452652
f 749/749/749 750/750/750 751/751/751 752/752/752
v 0.6931432 7.5152607 6.7431874
vt 896 160
vn -4.4811802 0.5586381 3.8845131
v 1.1396034 7.3441401 7.0124331
vt 927 160
vn -0.807534 0.3257559 5.8183708
v 1.1185989 7.824409 6.9783564
vt 927 191
vn -1.1791757 0.3662509 5.6394458
v 0.6277723 8.1038465 6.5792923
vt 896 191
vn -5.0414267 0.3393207 3.1210654
f 753/753/753 754/754/754 755/755/755 756/756/756
v 0.2295149 0.3327681 5.2140784
vt 928 160
vn -0.1373588 2.3767586 -1.1224414
v 0.729355 0.148228 5.4116402
vt 959 160
vn 2.6724799 3.7883942 -3.7309852
v 0.5571769 -0.0621887 5.1889009
vt 959 191
vn 1.9080704 0.7147143 -5.3795266
v 0.117906 -0.1429975 5.1309581
vt 928 191
vn -0.9588346 -0.7084841 -5.1139932
f 757/757/757 758/758/758 759/759/759 760/760/760
v -0.2042149 1.7816583 8.2697582
vt 960 160
vn -1.6039884 0.7188681 6.0121274
v 0.3605995 1.6847346 8.3663025
vt 991 160
vn 0.9122931 0.3414928 5.9925542
v 0.2261199 2.1425757 8.3256207
vt 991 191
vn -0.0507819 1.2684691 5.8687334
v 0.0280534 2.3888896 8.2295399
vt 960 191
vn -0.7752452 1.019815 6.0954995
f 761/761/761 762/762/762 763/763/763 764/764/764
v 2.690618 10.1114864 6.5042572
vt 992 160
vn 5.3546958 2.6897469 -0.1487044
v 2.3867195 10.4145832 6.3253713
vt 1023 160
vn 4.7849164 0.4452308 0.0569477
v 2.5269501 10.2737236 7.5892291
vt 1023 191
vn 5.152072 3.5012264 0.0499052
v 2.55443 10.2798624 6.9990158
vt 992 191
vn 4.2013345 4.5346603 0.1318492
f 765/765/765 766/766/766 767/767/767 768/768/768
v -2.0433869 6.3771353 10.7119074
vt 0 192
vn -4.6605253 1.5783683 3.217227
v -2.4616792 5.8456368 9.9926882
vt 31 192
vn -5.3701148 -0.9830762 1.5255117
v -2.1761847 5.450007 10.3137732
vt 31 223
vn -4.8938251 -2.6705918 1.9423342
v -1.7769905 5.8806086 11.0936489
vt 0 223
vn -3.7470417 -0.2355175 4.4279552
f 769/769/769 770/770/770 771/771/771 772/772/772
v -0.8280192 8.584527 10.6582174
vt 32 192
vn 4.3684421 0.5285163 4.4113865
v -0.6978897 8.0300674 10.6301136
vt 63 192
vn 4.9582891 0.7845902 3.6314766
v -0.3927453 7.5837603 10.1226349
vt 63 223
vn 5.9554062 0.5233779 1.0476024
v -0.4209428 8.3505898 9.9897118
vt 32 223
vn 5.7987165 0.5742427 0.3017739
f 773/773/773 774/774/774 775/775/775 776/776/776
v 0.2204607 9.6524744 6.2787981
vt 64 192
vn -2.2891099 -5.3337989 0.0525583
v 0.4360122 9.6624279 6.9211044
vt 95 192
vn -1.59507 -5.3823981 1.3797646
v 0.2862116 9.6646376 7.4927473
vt 95 223
vn -0.0146699 -6.2814994 0.0254503
v -0.2111288 9.6584282 6.6273379
vt 64 223
vn 2.4245653 -4.9865727 0.6149707
f 777/777/777 778/778/778 779/779/779 780/780/780
v 1.9547986 5.4045324 6.1344967
vt 96 192
vn 6.082406 1.0891136 -0.8143694
v 2.2515066 4.159976 6.1425924
vt 127 192
vn 5.7969933 0.8205271 -0.6996372
v 2.1047018 3.4308853 5.602838
vt 127 223
vn 4.8026776 -0.3638418 -3.311677
v 1.863346 5.1633849 5.7061825
vt 96 223
vn 4.5257387 0.9749251 -3.7072239
f 781/781/781 782/782/782 783/783/783 784/784/784
v 0.5118565 6.9512882 10.3524523
vt 128 192
vn -1.6633636 5.7566967 1.0782316
v 1.0868367 6.403605 9.2048731
vt 159 192
vn -1.1607244 2.8194234 -3.4269857
v 0.6797994 6.813416 9.7568579
vt 159 223
vn -1.7675267 4.6223326 -2.824064
v 0.4047287 6.813684 9.6323442
vt 128 223
vn 0.7151984 5.9128962 -1.7359785
f 785/785/785 786/786/786 787/787/787 788/788/788
v -0.2944016 -2.1407585 5.7567201
vt 160 192
vn -1.406755 -3.3923333 -4.4561028
v -0.2840125 -2.4459677 6.1750522
vt 191 192
vn -1.8996339 -5.1177435 -2.6696022
v -0.8024246 -2.0234263 5.9993415
vt 191 223
vn -4.0098777 -1.5095774 -2.1517155
v -0.6251901 -1.8061054 5.766212
vt 160 223
vn -3.8220189 -0.2529834 -3.9892328
f 789/789/789 790/790/790 791/791/791 792/792/792
v -1.5813402 8.9807453 6.6037636
vt 192 192
vn -5.2080903 0.1730493 2.4349279
v -1.7363863 9.6240749 6.7649441
vt 223 192
vn -2.4094403 -4.721199 1.6997935
v -1.6854883 9.1485987 6.2623639
vt 223 223
vn -5.3149495 -2.669574 0.5602809
v -1.6663206 8.9823284 6.1107912
vt 192 223
vn -5.2111487 -0.6092919 -1.5035161
f 793/793/793 794/794/794 795/795/795 796/796/796
v -0.2042149 1.7816583 8.2697582
vt 224 192
vn -1.6039884 0.7188681 6.0121274
v -0.4074094 1.3261462 8.2207508
vt 255 192
vn -1.9733094 0.7974437 5.8182778
v -0.5764898 1.2129443 8.1954317
vt 255 223
vn -2.8249483 0.8965482 5.4338923
v -0.0038174 1.2333388 8.4290371
vt 224 223
vn -1.5189712 1.1068832 5.7660294
f 797/797/797 798/798/798 799/799/799 800/800/800
v -0.9594899 -2.0457401 7.5236945
vt 256 192
vn -3.3348131 -3.2758586 4.092267
v -1.1457809 -1.6205517 7.6567893
vt 287 192
vn -4.1776147 -2.5139935 3.846535
v -1.4101386 -1.4334651 7.4103732
vt 287 223
vn -4.8678756 -1.7440646 3.2275479
v -1.2187011 -1.8783623 7.3724442
vt 256 223
vn -3.1623831 -2.2906938 4.7069325
f 801/801/801 802/802/802 803/803/803 804/804/804
v -1.4918048 0.2235941 7.0357504
vt 288 192
vn -5.3387156 0.182021 -2.6094346
v -1.3683766 -0.3304695 6.921886
vt 319 192
vn -5.2693672 -0.5760315 -3.2339082
v -1.536688 -0.1315251 7.122705
vt 319 223
vn -5.5707383 0.2356071 -2.4240623
v -1.5560189 0.1103846 7.5055881
vt 288 223
vn -5.5742464 0.4830293 1.5976021
f 805/805/805 806/806/806 807/807/807 808/808/808
v -2.1909523 10.4511518 5.3252163
vt 320 192
vn -3.4567223 -0.2185169 -3.548866
v -1.3843302 10.2899847 5.1918154
vt 351 192
vn 0.361553 3.5561659 -4.9475222
v -1.4401715 10.0318079 5.0767245
vt 351 223
vn 0.1378451 0.9949213 -5.9523654
v -2.3846869 10.2361679 5.1778755
vt 320 223
vn -2.6015716 1.7132657 -2.383281
f 809/809/809 810/810/810 811/811/811 812/812/812
v -0.8280192 8.584527 10.6582174
vt 352 192
vn 4.3684421 0.5285163 4.4113865
v -0.6213395 8.7918234 10.349391
vt 383 192
vn 5.474906 0.340349 3.025811
v -0.4881511 8.9170847 10.0357542
vt 383 223
vn 5.9599838 0.1437897 1.1116444
v -0.6573805 9.0912304 10.39921
vt 352 223
vn 5.0494423 0.1858452 3.548121
f 813/813/813 814/814/814 815/815/815 816/816/816
v 1.4367099 6.611845 6.9995289
vt 384 192
vn 2.7850723 0.8821993 5.0666518
v 0.7237884 6.110518 7.2360945
vt 415 192
vn 1.7309878 5.1689935 1.8571912
v 1.3278074 5.5609508 7.3370318
vt 415 223
vn 4.1808519 3.1412201 2.1247287
v 1.3447889 6.097384 7.137424
vt 384 223
vn 2.3542681 1.5348519 5.4366426
f 817/817/817 818/818/818 819/819/819 820/820/820
v 0.7702338 9.2026529 5.815402
vt 416 192
vn -3.9266355 -2.9669285 -3.4819417
v 0.418326 9.6086483 5.8016462
vt 447 192
vn -2.8949084 -4.996139 -1.0742218
v 0.4578815 9.6751881 5.2505727
vt 447 223
vn -0.8634167 -5.6197596 -2.3246369
v 0.6963899 9.3996964 5.5348964
vt 416 223
vn -2.9735408 -4.619031 -2.5382104
f 821/821/821 822/822/822 823/823/823 824/824/824
v 0.9814779 9.3250599 6.9966917
vt 448 192
vn -2.1315196 -0.7079641 5.7014804
v 1.279066 9.010828 7.0778728
vt 479 192
vn 0.7630007 -0.8183218 4.8824754
v 1.5454214 9.2182503 6.8873286
vt 479 223
vn 3.7931497 -1.4250321 4.4634023
v 1.1685638 9.4637089 7.0252409
vt 448 223
vn 0.183271 -2.5768611 5.0671945
f 825/825/825 826/826/826 827/827/827 828/828/828
v 2.4424384 10.5012321 6.3124399
vt 480 192
vn 5.5573554 -2.5969427 0.0145437
v 2.4684331 10.4274874 5.4897914
vt 511 192
vn 4.9045525 -0.6767769 -0.0875528
v 2.4508705 10.4222088 5.2482748
vt 511 223
vn 3.9150681 1.6627856 -3.4415514
v 2.6227303 10.5597296 5.8356056
vt 480 223
vn 4.1057158 -0.8141608 0.1870903
f 829/829/829 830/830/830 831/831/831 832/832/832
v -0.6052607 5.1925488 5.4047408
vt 512 192
vn 0.7429719 1.842147 -5.8442659
v -0.7057173 4.3615289 5.173676
vt 543 192
vn -1.9422998 1.6172109 -5.7088647
v -1.1964462 5.3805828 5.5128455
vt 543 223
vn -2.2399492 0.9620888 -5.7183504
v -0.8563899 5.4697676 5.4221344
vt 512 223
vn -0.1881696 0.628562 -5.8094897
f 833/833/833 834/834/834 835/835/835 836/836/836
v -2.3297055 9.6155701 9.8078003
vt 544 192
vn -4.544405 -2.7627492 0.3759262
v -1.8472596 9.4003592 9.3700686
vt 575 192
vn -4.7121801 -3.4805365 -1.0187896
v -1.95795 9.2996607 9.6841192
vt 575 223
vn -4.0390015 -4.1949568 -0.9767964
v -1.9097611 9.5186224 10.2895088
vt 544 223
vn -2.7301779 -4.9591622 1.7687477
f 837/837/837 838/838/838 839/839/839 840/840/840
v -1.033446 11.2428942 10.7446308
vt 576 192
vn -0.0589846 3.2440076 3.1336877
v -0.3471948 10.7539425 10.7739067
vt 607 192
vn 0.1184 0.4066218 6.2467475
v 0.0187843 11.2437611 10.674159
vt 607 223
vn -0.0157338 3.8972194 3.0462792
v -0.1291358 11.2438231 5.2218757
vt 576 223
vn 0.0810893 4.4458046 -2.8545709
f 841/841/841 842/842/842 843/843/843 844/844/844
v 1.4559971 2.043937 7.782608
vt 608 192
vn 3.9989054 0.5122554 4.7439737
v 1.6946858 1.5908445 7.5744157
vt 639 192
vn 4.5559063 -0.4605723 4.1768112
v 1.9893363 1.4757363 7.1561837
vt 639 223
vn 5.5130558 -0.8574573 1.9166336
v 1.8973131 1.8759623 7.3423967
vt 608 223
vn 5.0501089 -0.0863852 3.5714562
f 845/845/845 846/846/846 847/847/847 848/848/848
v -0.7117216 5.9726324 8.3521652
vt 640 192
vn -4.4674997 4.2530169 -0.2488972
v -1.1427996 5.2087879 8.3528967
vt 671 192
vn -5.9272451 1.4881877 0.4130636
v -1.0311229 5.5557895 8.9969006
vt 671 223
vn -1.8379428 -0.326755 -2.7977018
v -0.6796842 6.1258168 9.02318
vt 640 223
vn 0.1650196 2.6255929 -3.2222357
f 849/849/849 850/850/850 851/851/851 852/852/852
v -1.6492144 9.2447395 9.0334549
vt 672 192
vn -2.7952561 -4.420289 -3.2947407
v -1.5788527 9.3390903 8.748601
vt 703 192
vn -2.1787429 -2.1530969 -3.0507357
v -1.2517493 9.3941994 8.7148094
vt 703 223
vn 1.5071316 -1.6706194 -4.6263413
v -1.2912626 9.2387905 8.8740177
vt 672 223
vn 0.4604082 -4.6514297 -3.9211369
f 853/853/853 854/854/854 855/855/855 856/856/856
v 1.4986247 1.0862128 6.3598804
vt 704 192
vn 4.4622793 -2.4849198 -3.5519855
v 0.9128847 1.2075851 5.6649389
vt 735 192
vn 2.5718534 -3.6341062 -4.2826252
v 1.2739623 1.9804562 5.3861847
vt 735 223
vn 3.5172293 -2.5526259 -4.4484668
v 1.4489554 1.5000226 5.8431916
vt 704 223
vn 3.8019824 -3.1289849 -3.6905184
f 857/857/857 858/858/858 859/859/859 860/860/860
v -1.4625551 5.4970226 5.6931419
vt 736 192
vn -4.4761114 0.8356288 -4.0167422
v -1.6241899 4.2711887 5.6097426
vt 767 192
vn -4.7542491 0.6288702 -3.6470056
v -1.7186565 5.2483177 6.1031179
vt 767 223
vn -5.854816 0.829129 -1.5278989
v -1.6300114 5.6380792 6.0886016
vt 736 223
vn -5.8950977 0.9448941 -1.7383655
f 861/861/861 862/862/862 863/863/863 864/864/864
v -1.4401715 10.0318079 5.0767245
vt 768 192
vn 0.1378451 0.9949213 -5.9523654
v -1.0653387 10.146102 5.1497765
vt 799 192
vn 0.2588091 2.347908 -5.6441298
v -1.2464603 9.717392 5.0887446
vt 799 223
vn 0.1278345 -1.9378308 -5.3617759
v -1.6159868 9.6896362 5.12042
vt 768 223
vn -0.728895 -3.0517437 -4.5959058
f 865/865/865 866/866/866 867/867/867 868/868/868
v -0.5949098 10.5632229 5.1471534
vt 800 192
vn -0.3944931 -1.1931331 -4.4047995
v -1.1566347 10.7507401 5.3130832
vt 831 192
vn 0.4507797 -0.6230388 -5.7901664
v -0.6404546 11.1290884 5.1396737
vt 831 223
vn -0.2047035 0.6560122 -5.7971988
v -0.6800259 10.7512321 5.2363825
vt 800 223
vn -0.5942652 0.420015 -5.9795504
f 869/869/869 870/870/870 871/871/871 872/872/872
v 1.0767761 8.1330805 9.5163784
vt 832 192
vn -4.436873 0.2991045 -4.0618076
v 0.9599241 8.8877573 9.6357079
vt 863 192
vn -5.44875 -0.9811605 -1.1535496
v 1.4656782 8.0190258 9.2638721
vt 863 223
vn -0.9287001 -2.252121 -2.8907106
v 1.9479016 7.8755865 9.2940407
vt 832 223
vn 1.7321278 3.4238148 -4.714334
f 873/873/873 874/874/874 875/875/875 876/876/876
v 1.1636405 5.0307012 5.3349538
vt 864 192
vn 1.0896308 1.6416361 -5.7943759
v 1.1197946 5.4550605 5.417994
vt 895 192
vn -0.6609487 1.1314217 -5.842083
v 1.3284473 6.0823674 5.5581117
vt 895 223
vn 1.3654482 1.1071955 -5.649765
v 1.5287533 5.4950833 5.5160828
vt 864 223
vn 2.6755383 0.8618432 -5.4066453
f 877/877/877 878/878/878 879/879/879 880/880/880
v -1.7739084 4.7945409 6.2888799
vt 896 192
vn -6.135736 0.669776 -0.2603381
v -1.8579268 3.5414398 5.8340578
vt 927 192
vn -5.1080089 -0.1308811 -2.5839615
v -1.8716853 2.6699269 6.2343702
vt 927 223
vn -5.438261 -1.3938055 -1.5347779
v -1.939693 3.4936404 6.5680256
vt 896 223
vn -5.9710422 0.1718936 0.7634349
f 881/881/881 882/882/882 883/883/883 884/884/884
v 0.0323642 4.0809655 10.3788853
vt 928 192
vn -0.4663854 -5.7370629 1.5404025
v 0.2619785 3.9958928 9.4920578
vt 959 192
vn 0.1310277 -6.1409736 1.0023395
v 0.8801453 4.0181279 8.879878
vt 959 223
vn 2.4381139 -5.3405118 1.9561906
v 1.0089836 4.1994104 10.3900986
vt 928 223
vn 1.6390414 -5.5140657 1.7066886
f 885/885/885 886/886/886 887/887/887 888/888/888
v 0.0816895 -0.8763002 8.5124559
vt 960 192
vn -2.0454586 -1.0523696 5.7149129
v -0.2559122 -1.0317925 8.4072142
vt 991 192
vn -1.8514465 -1.5601267 5.7810211
v 0.3229637 -1.447794 8.4632578
vt 991 223
vn 0.1969837 -2.0481071 5.4046836
v 0.2559226 -1.1490488 8.5515966
vt 960 223
vn -0.5757676 -1.7864957 5.6602254
f 889/889/889 890/890/890 891/891/891 892/892/892
v -1.2620075 5.486517 7.1067023
vt 992 192
vn -4.9633365 1.9218045 3.1707451
v -1.094227 5.5521626 7.473022
vt 1023 192
vn -5.1200428 3.2958298 1.3311802
v -0.5888251 6.0758433 7.2126212
vt 1023 223
vn -0.8088347 4.006062 3.0490334
v -0.892659 6.0074282 7.2691894
vt 992 223
vn -1.5822488 1.9036695 5.3386555
f 893/893/893 894/894/894 895/895/895 896/896/896
v 1.9002632 -1.1498021 7.5429368
vt 0 224
vn 4.3342648 -1.7552335 4.1775789
v 1.2622963 -1.8757921 7.7505622
vt 31 224
vn 3.1208916 -3.1833007 4.3330374
v 1.1401659 -2.3231974 7.3811817
vt 31 255
vn 2.4313376 -4.1542354 4.0204434
v 1.674921 -1.7784606 7.4765296
vt 0 255
vn 3.8276353 -2.4511197 4.2731705
f 897/897/897 898/898/898 899/899/899 900/900/900
v 0.2315299 -0.1889162 8.6375132
vt 32 224
vn -0.1171236 -0.1085095 6.0542736
v 0.091033 -0.6043884 8.580184
vt 63 224
vn -1.366987 -0.3431538 6.0585136
v 0.5233399 -0.5078017 8.5806608
vt 63 255
vn 1.6028932 0.0535178 5.9808984
v 0.6004251 -0.0649056 8.5354643
vt 32 255
vn 2.0516062 0.0789118 5.9338274
f 901/901/901 902/902/902 903/903/903 904/904/904
v 1.3670162 -0.7672268 8.1576138
vt 64 224
vn 3.5951326 -0.6016166 5.0614262
v 1.7006679 -0.6560661 7.8717947
vt 95 224
vn 4.3945994 -0.4477114 4.4549079
v 1.7467508 -0.2417219 7.8809805
vt 95 255
vn 4.3701806 0.3966221 4.2579937
v 1.330883 -0.3975908 8.2165356
vt 64 255
vn 3.4624541 -0.0983893 5.1543279
f 905/905/905 906/906/906 907/907/907 908/908/908
v -0.8058481 6.8591022 5.643723
vt 96 224
vn 0.939312 0.6667811 -5.8257513
v -1.0206362 7.5440578 5.7082272
vt 127 224
vn -0.9177183 0.4819466 -5.9125514
v -0.8710191 8.3866062 5.788528
vt 127 255
vn 1.7483236 -0.1149284 -5.6563783
v -0.7262635 7.5532265 5.7594571
vt 96 255
vn 2.6854658 0.821678 -5.3629951
f 909/909/909 910/910/910 911/911/911 912/912/912
v 2.0540755 0.4657335 6.9137173
vt 128 224
vn 5.3605194 0.6899251 -2.5709591
v 1.8133552 0.4428629 6.6243544
vt 159 224
vn 4.2063074 2.4793279 -3.8401258
v 1.8550019 0.6232461 6.7557373
vt 159 255
vn 3.3776145 1.3147994 -5.0241446
v 2.045121 1.1137382 6.8726506
vt 128 255
vn 2.349309 1.8619758 -1.4530096
f 913/913/913 914/914/914 915/915/915 916/916/916
v 0.4745872 6.2973919 6.8860865
vt 160 224
vn -1.780929 4.8250127 2.0449216
v 1.112743 6.2602139 7.1219144
vt 191 224
vn 0.066478 2.0804451 5.8483348
v 1.4367099 6.611845 6.9995289
vt 191 255
vn 2.7850723 0.8821993 5.0666518
v 0.9262017 6.6342587 7.0110979
vt 160 255
vn -1.9200077 1.1740745 5.5936003
f 917/917/917 918/918/918 919/919/919 920/920/920
v 0.9131269 9.6787405 5.1035728
vt 192 224
vn -0.1381631 -3.1009948 -4.9072909
v 0.9431259 9.3333368 5.4838243
vt 223 224
vn -2.5286295 -4.7180734 -3.2508655
v 0.6963899 9.3996964 5.5348964
vt 223 255
vn -2.9735408 -4.619031 -2.5382104
v 0.4578815 9.6751881 5.2505727
vt 192 255
vn -0.8634167 -5.6197596 -2.3246369
f 921/921/921 922/922/922 923/923/923 924/924/924
v -1.1566347 10.7507401 5.3130832
vt 224 224
vn 0.4507797 -0.6230388 -5.7901664
v -0.5949098 10.5632229 5.1471534
vt 255 224
vn -0.3944931 -1.1931331 -4.4047995
v 0.2191307 10.5640764 5.1632395
vt 255 255
vn -0.0066299 -0.8793529 -4.8607121
v -1.1307811 10.4534607 5.3918943
vt 224 255
vn 0.4272544 0.3428605 -4.7200494
f 925/925/925 926/926/926 927/927/927 928/928/928
v 0.960896 3.4793823 4.870791
vt 256 224
vn 2.9894929 0.5387328 -5.4462562
v 1.4306035 2.9011769 5.1812916
vt 287 224
vn 3.8502409 -0.8494465 -4.82866
v 1.0488949 2.9535499 4.8839684
vt 287 255
vn 2.9909182 -0.4782904 -5.2776318
v 0.5007415 3.1651368 4.6552167
vt 256 255
vn 1.6325296 -0.3947167 -5.9385309
f 929/929/929 930/930/930 931/931/931 932/932/932
v 0.640698 0.5559661 8.4355183
vt 288 224
vn 2.5879712 0.9302506 5.5387464
v 0.3113469 0.6113014 8.6433296
vt 319 224
vn -0.3804555 0.8666261 4.6231065
v 0.197573 0.8561366 8.4704599
vt 319 255
vn -1.1533995 0.5247422 5.8738585
v 0.3602766 0.1267013 8.6257391
vt 288 255
vn 0.6483039 0.3061719 5.9571118
f 933/933/933 934/934/934 935/935/935 936/936/936
v 1.7828457 11.1498623 5.1241546
vt 320 224
vn -0.0299917 1.0178345 -5.564117
v 1.9616995 11.0344448 5.1419959
vt 351 224
vn 0.1825979 -1.0089858 -6.0704322
v 1.9094548 10.7207556 5.2448516
vt 351 255
vn -0.2016248 1.2863333 -5.2499075
v 1.3940232 10.8168049 5.2262139
vt 320 255
vn 0.0726219 -0.1798919 -6.0105314
f 937/937/937 938/938/938 939/939/939 940/940/940
v 0.0323642 4.0809655 10.3788853
vt 352 224
vn -0.4663854 -5.7370629 1.5404025
v -0.3521717 4.0994339 9.4594727
vt 383 224
vn -1.8737949 -5.8323979 1.1573695
v 0.2045924 3.8276851 8.8958168
vt 383 255
vn 0.1461888 -5.6628723 2.5142636
v 0.2619785 3.9958928 9.4920578
vt 352 255
vn 0.1310277 -6.1409736 1.0023395
f 941/941/941 942/942/942 943/943/943 944/944/944
v 1.0673643 -1.6402568 8.0120621
vt 384 224
vn 2.7225261 -2.7802391 4.9014645
v 0.6958553 -1.5284785 8.247324
vt 415 224
vn 2.5474455 -2.7046909 5.048821
v 0.3685624 -1.7719582 8.3264523
vt 415 255
vn 0.5192498 -2.5763426 4.7575684
v 0.6119051 -1.7397609 8.1436405
vt 384 255
vn 2.8202188 -3.0167058 4.6134443
f 945/945/945 946/946/946 947/947/947 948/948/948
v 0.5007415 3.1651368 4.6552167
vt 416 224
vn 1.6325296 -0.3947167 -5.9385309
v 0.5558227 2.743917 4.738399
vt 447 224
vn 1.6008812 -1.4277568 -5.8248682
v 0.0865034 2.664063 4.6754842
vt 447 255
vn -0.2289244 -1.547842 -5.8281431
v 0.0149915 3.2573111 4.5860701
vt 416 255
vn -0.8761541 -0.2644362 -5.9039197
f 949/949/949 950/950/950 951/951/951 952/952/952
v 2.6306016 10.554163 6.7048855
vt 448 224
vn 3.5334153 -0.9386829 -0.4290034
v 2.4424384 10.5012321 6.3124399
vt 479 224
vn 5.5573554 -2.5969427 0.0145437
v 2.6227303 10.5597296 5.8356056
vt 479 255
vn 4.1057158 -0.8141608 0.1870903
v 2.4584129 10.7072306 6.3284054
vt 448 255
vn 5.7001495 -1.0108333 -0.1859441
f 953/953/953 954/954/954 955/955/955 956/956/956
v -0.6704236 4.3613739 10.7611504
vt 480 224
vn -1.7785062 -4.9772229 2.5246749
v 0.0052788 4.781146 11.3477612
vt 511 224
vn 0.0610252 -3.144897 5.0786958
v 0.178081 5.3496771 11.5329714
vt 511 255
vn 0.1062829 -0.478034 5.9471412
v -0.6715243 4.9176145 11.3745842
vt 480 255
vn -1.208536 -2.8702235 4.9082518
f 957/957/957 958/958/958 959/959/959 960/960/960
v -1.1458505 -0.6357483 8.068224
vt 512 224
vn -3.8421264 -0.6111656 4.7093992
v -0.9552729 -0.3092592 8.1923828
vt 543 224
vn -2.9789455 -0.2847018 5.5091805
v -1.2259207 -0.2289454 8.0781021
vt 543 255
vn -3.727349 -0.0702757 4.0183311
v -1.3084128 -0.4771491 7.9148946
vt 512 255
vn -4.6756825 -0.4406719 4.0878377
f 961/961/961 962/962/962 963/963/963 964/964/964
v 1.1895468 0.1492107 8.2623634
vt 544 224
vn 3.2250381 0.4958729 5.3517213
v 1.4751626 -0.0239591 8.0702887
vt 575 224
vn 3.8896072 0.2829351 4.908886
v 1.5926136 0.3105839 8.0028868
vt 575 255
vn 3.9619272 0.539971 4.5587454
v 1.3254523 0.4389196 8.1634998
vt 544 255
vn 2.8775229 0.8502426 5.3911495
f 965/965/965 966/966/966 967/967/967 968/968/968
v 2.1225512 -0.7895964 7.0362821
vt 576 224
vn 4.8482113 -1.1343552 -2.5900517
v 1.9765977 -0.7680916 7.5704994
vt 607 224
vn 4.8503957 -0.6226225 3.7909606
v 1.9002632 -1.1498021 7.5429368
vt 607 255
vn 4.3342648 -1.7552335 4.1775789
v 2.2013748 -1.0820241 7.2820959
vt 576 255
vn 4.2732081 -0.3481173 0.5562597
f 969/969/969 970/970/970 971/971/971 972/972/972
v 0.2261199 2.1425757 8.3256207
vt 608 224
vn -0.0507819 1.2684691 5.8687334
v 0.72454 2.5253882 8.1145229
vt 639 224
vn 2.1053772 0.9314655 5.8089581
v 0.3537812 3.0146048 8.2249889
vt 639 255
vn 0.6449571 -0.9341075 5.9982314
v 0.0280534 2.3888896 8.2295399
vt 608 255
vn -0.7752452 1.019815 6.0954995
f 973/973/973 974/974/974 975/975/975 976/976/976
v -2.4840822 9.7187281 5.6637049
vt 640 224
vn -3.5885992 -2.2755249 -0.0251622
v -2.3336396 10.2625933 5.7580814
vt 671 224
vn -5.3487511 2.9600854 0.3046555
v -2.1909523 10.4511518 5.3252163
vt 671 255
vn -3.4567223 -0.2185169 -3.548866
v -2.3846869 10.2361679 5.1778755
vt 640 255
vn -2.6015716 1.7132657 -2.383281
f 977/977/977 978/978/978 979/979/979 980/980/980
v -0.1400393 6.0382028 6.0991654
vt 672 224
vn 1.7490149 3.0161119 -3.6389143
v 0.1714268 6.3603458 6.2867742
vt 703 224
vn -0.1634682 3.9265954 -0.6144813
v 0.2655662 5.9636383 5.8776512
vt 703 255
vn 0.2256939 4.1107392 -4.4277897
v 0.0114481 5.7260952 5.7334285
vt 672 255
vn -1.4577215 3.9930799 -4.6016698
f 981/981/981 982/982/982 983/983/983 984/984/984
v 0.3832998 6.2599502 6.4261975
vt 704 224
vn -2.4306533 4.3320675 -0.8234653
v 0.4965602 6.7810993 6.5696812
vt 735 224
vn -5.4744921 0.9484593 1.8182302
v 0.5221684 7.4388018 6.2723918
vt 735 255
vn -5.8534927 0.5395494 -0.4341276
v 0.5085476 5.9540815 5.9537101
vt 704 255
vn -1.7514588 2.6368275 -4.2180071
f 985/985/985 986/986/986 987/987/987 988/988/988
v -1.5748161 6.7721944 6.4829931
vt 736 224
vn -5.6560783 0.3159889 1.4888309
v -1.3083642 7.1920466 6.8142157
vt 767 224
vn -4.4259415 0.2340508 4.3877125
v -1.1936022 7.8760519 6.9059567
vt 767 255
vn -3.4548869 0.1691352 5.0099311
v -1.4864677 8.11553 6.5579715
vt 736 255
vn -5.5672913 -0.0757522 2.3187757
f 989/989/989 990/990/990 991/991/991 992/992/992
v 1.9595025 -0.3573636 7.6000943
vt 768 224
vn 4.8143973 0.0972116 4.0229158
v 2.295728 -0.5071592 7.2428427
vt 799 224
vn 4.1790886 -0.5544248 0.2161328
v 2.0388021 -0.327347 6.9452019
vt 799 255
vn 5.0937691 -0.136887 -3.6264129
v 2.2452257 -0.1317795 7.2132392
vt 768 255
vn 5.0769215 0.3637425 0.0930577
f 993/993/993 994/994/994 995/995/995 996/996/996
v 2.3039167 10.5340843 10.6700888
vt 800 224
vn 3.2368956 0.214792 3.7371922
v 2.2399094 11.0946102 10.6390657
vt 831 224
vn 2.2137749 1.8497607 3.7754736
v 1.403482 11.243824 10.6195965
vt 831 255
vn 0.4062445 4.0723462 2.9630799
v 1.5660644 10.8713198 10.6853781
vt 800 255
vn 0.4538155 0.781212 6.2118273
f 997/997/997 998/998/998 999/999/999 1000/1000/1000
v -1.3384447 5.4247599 11.2772923
vt 832 224
vn -2.6112754 -1.0505109 5.3775511
v -0.7535881 6.3570552 11.4531088
vt 863 224
vn 0.1158636 1.6532385 5.2353082
v -1.7769905 5.8806086 11.0936489
vt 863 255
vn -3.7470417 -0.2355175 4.4279552
v -1.6407622 5.3695583 11.0460491
vt 832 255
vn -4.0057054 -2.1869094 4.0527239
f 1001/1001/1001 1002/1002/1002 1003/1003/1003 1004/1004/1004
v -0.9386582 0.4800442 8.1719427
vt 864 224
vn -3.46984 0.8916986 4.996604
v -0.8318812 0.8518867 8.1280022
vt 895 224
vn -3.32059 1.6899335 4.9940419
v -1.0896046 1.0690819 7.7908597
vt 895 255
vn -4.321907 2.4301097 3.761862
v -1.1372898 0.8304871 7.9028363
vt 864 255
vn -4.0623541 1.8685861 4.225287
f 1005/1005/1005 1006/1006/1006 1007/1007/1007 1008/1008/1008
v -2.2136307 10.6116438 10.3538723
vt 896 224
vn -6.0971594 0.406626 1.3918227
v -2.3826749 10.48666 9.4986334
vt 927 224
vn -5.4340515 -0.2053437 -1.0953072
v -2.2423317 9.5951481 10.4187441
vt 927 255
vn -3.4301951 -2.7782352 1.0611094
v -2.1191018 9.6477213 10.7415171
vt 896 255
vn -2.1854467 -1.8147779 2.79722
f 1009/1009/1009 1010/1010/1010 1011/1011/1011 1012/1012/1012
v -0.3730374 9.6715164 5.286447
vt 928 224
vn 2.060693 -4.911027 -2.1013441
v -0.3809947 9.3242874 5.5068946
vt 959 224
vn 3.3336463 -2.620899 -1.6800573
v -0.5743551 9.2003822 5.5839872
vt 959 255
vn 1.8409771 -4.9872751 -1.9771069
v -0.6208786 9.7075348 5.0894232
vt 928 255
vn 0.4049763 -2.1025109 -5.2545943
f 1013/1013/1013 1014/1014/1014 1015/1015/1015 1016/1016/1016
v -0.7721389 9.2343512 10.4893818
vt 960 224
vn 4.6672215 0.5152168 4.0157475
v -0.9380537 9.5008602 10.6340351
vt 991 224
vn 1.4869531 -1.9499049 4.9878411
v -1.2686625 9.1632118 10.6305199
vt 991 255
vn -3.0301979 0.1449509 5.3484845
v -0.9334763 9.1770277 10.8260002
vt 960 255
vn 0.9801224 0.9149505 3.5703192
f 1017/1017/1017 1018/1018/1018 1019/1019/1019 1020/1020/1020
v -2.1191018 9.6477213 10.7415171
vt 992 224
vn -2.1854467 -1.8147779 2.79722
v -2.1106284 10.250227 10.757185
vt 1023 224
vn -3.051533 0.0968603 3.9280624
v -2.089206 11.1408386 10.707346
vt 1023 255
vn -2.0324981 1.9298031 2.4744358
v -2.2136307 10.6116438 10.3538723
vt 992 255
vn -6.0971594 0.406626 1.3918227
f 1021/1021/1021 1022/1022/1022 1023/1023/1023 1024/1024/1024
v -1.464416 9.0957222 5.766304
vt 0 256
vn -3.7880883 -3.3797112 -3.4197748
v -1.2957491 8.6485729 5.8386111
vt 31 256
vn -2.9375589 -1.105872 -5.1511378
v -1.6663206 8.9823284 6.1107912
vt 31 287
vn -5.2111487 -0.6092919 -1.5035161
v -1.6854883 9.1485987 6.2623639
vt 0 287
vn -5.3149495 -2.669574 0.5602809
f 1025/1025/1025 1026/1026/1026 1027/1027/1027 1028/1028/1028
v 1.2542537 11.2434769 5.1932297
vt 32 256
vn -0.1636839 4.0287976 -3.0082901
v 0.6406015 11.2268114 5.1872492
vt 63 256
vn -0.1726125 2.0898874 -5.2158442
v -0.6404546 11.1290884 5.1396737
vt 63 287
vn -0.2047035 0.6560122 -5.7971988
v -0.1291358 11.2438231 5.2218757
vt 32 287
vn 0.0810893 4.4458046 -2.8545709
f 1029/1029/1029 1030/1030/1030 1031/1031/1031 1032/1032/1032
v -0.5981789 8.6624746 9.5662079
vt 64 256
vn 4.5258589 -0.2928806 -3.7051811
v -0.4349629 7.7264352 9.7418842
vt 95 256
vn 5.6344285 0.7205561 -2.1582367
v -0.6069999 6.9241633 9.1633787
vt 95 287
vn 4.5588183 1.0430042 -3.9712384
v -0.8248637 7.6353459 9.2566252
vt 64 287
vn 2.5748975 2.1926622 -4.8487673
f 1033/1033/1033 1034/1034/1034 1035/1035/1035 1036/1036/1036
v -0.4305431 9.5870934 10.30723
vt 96 256
vn 2.6451082 -4.826581 1.6875436
v 0.1054404 9.632679 10.7236853
vt 127 256
vn 0.326997 -3.4501648 2.7588964
v -0.1455901 9.7724323 10.7591314
vt 127 287
vn -0.2391314 -1.8064146 5.6879034
v -0.542484 9.6640034 10.5845737
vt 96 287
vn 1.1473324 -5.6538863 1.989096
f 1037/1037/1037 1038/1038/1038 1039/1039/1039 1040/1040/1040
v 2.3951421 10.4538717 8.7462893
vt 128 256
vn 4.2760949 -0.6742337 -0.173905
v 2.437186 10.4201927 7.8837714
vt 159 256
vn 4.6567101 -0.4474545 -0.0025285
v 2.6264586 10.5938215 8.2180405
vt 159 287
vn 4.2965512 -0.4222783 0.2382667
v 2.5701919 10.5918608 8.8654432
vt 128 287
vn 4.8344393 -0.4435202 -0.713047
f 1041/1041/1041 1042/1042/1042 1043/1043/1043 1044/1044/1044
v -1.3120775 1.0664783 6.9484434
vt 160 256
vn -4.7747455 -1.7082026 -3.2923951
v -1.007658 0.5508037 6.5954394
vt 191 256
vn -4.2423096 1.3214363 -4.2217231
v -1.172616 0.6950392 6.894866
vt 191 287
vn -3.284384 1.3601626 -2.6776304
v -1.4718252 0.5114745 7.0216637
vt 160 287
vn -5.1632543 0.6180125 -2.6380436
f 1045/1045/1045 1046/1046/1046 1047/1047/1047 1048/1048/1048
v 0.9316832 0.784041 5.9967084
vt 192 256
vn 3.014667 -0.9862826 -5.108006
v 0.2094641 0.5752348 5.794559
vt 223 256
vn 0.2430514 3.2063892 -4.0030479
v -0.2371945 0.8892134 5.9124956
vt 223 287
vn -2.6142974 -2.0678833 -5.0190344
v 0.2566007 0.941287 5.7603073
vt 192 287
vn 0.1163355 -3.2465198 -4.933486
f 1049/1049/1049 1050/1050/1050 1051/1051/1051 1052/1052/1052
v -0.8701866 -1.0456959 5.7126155
vt 224 256
vn -4.1748548 -1.855942 -2.553412
v -1.0502152 -1.2111788 6.1165175
vt 255 256
vn -2.6523023 -2.5888519 -0.282175
v -1.1409019 -1.0111458 6.4409757
vt 255 287
vn -5.4701905 -1.5991478 -1.5404168
v -1.0353884 -1.0590802 6.1028352
vt 224 287
vn -5.8536625 0.5035093 -2.1934602
f 1053/1053/1053 1054/1054/1054 1055/1055/1055 1056/1056/1056
v 0.1211347 1.626623 5.0963125
vt 256 256
vn -0.5148141 -2.8563468 -5.229044
v 0.1896707 1.1727921 5.3624778
vt 287 256
vn -0.2207861 -3.9204173 -3.899368
v -0.2783193 1.1780266 5.6425447
vt 287 287
vn -2.3721094 -4.2110701 -3.9346237
v -0.3149407 1.5311927 5.3453093
vt 256 287
vn -2.6164639 -3.2218649 -4.6306272
f 1057/1057/1057 1058/1058/1058 1059/1059/1059 1060/1060/1060
v 1.7053293 9.5684919 8.5815344
vt 288 256
vn -0.1597433 -4.8782177 -3.2378733
v 2.0338378 9.1283989 8.8306026
vt 319 256
vn 1.7223237 -3.0634115 -2.6136806
v 1.8215096 8.9998684 9.0834217
vt 319 287
vn 1.6623918 -4.4876184 -3.8357751
v 1.7773294 9.2191858 8.8512411
vt 288 287
vn -0.7938854 -4.1076417 -4.6068673
f 1061/1061/1061 1062/1062/1062 1063/1063/1063 1064/1064/1064
v -1.8371121 5.0199275 10.0931492
vt 320 256
vn -3.5800936 -4.83284 0.2800821
v -1.4063419 4.8251624 9.7836475
vt 351 256
vn -3.5357168 -4.6687722 -1.7206312
v -1.081682 4.4285793 10.2669582
vt 351 287
vn -3.2797976 -4.9153123 0.5397025
v -1.5961969 4.9394155 10.6416235
vt 320 287
vn -3.8636367 -4.3255839 1.7736619
f 1065/1065/1065 1066/1066/1066 1067/1067/1067 1068/1068/1068
v 0.1545463 9.6921329 9.5613937
vt 352 256
vn -0.4522038 -6.2547445 0.2419435
v 0.1574586 9.6883488 9.0661869
vt 383 256
vn -1.0092341 -6.1827006 -0.209735
v 0.5217074 9.6855268 8.4841156
vt 383 287
vn -0.374848 -6.2323728 -0.2104218
v 0.4534553 9.6119251 8.9685497
vt 352 287
vn -0.7170019 -6.0202417 -0.1674086
f 1069/1069/1069 1070/1070/1070 1071/1071/1071 1072/1072/1072
v -1.0258549 2.6546121 5.2601352
vt 384 256
vn -3.7841768 -1.3545774 -4.7786584
v -1.4184257 2.5742478 5.6437435
vt 415 256
vn -4.4733405 -1.7577533 -3.924794
v -1.8579268 3.5414398 5.8340578
vt 415 287
vn -5.1080089 -0.1308811 -2.5839615
v -1.220981 3.2525067 5.2740574
vt 384 287
vn -3.5843878 -0.5878229 -4.972887
f 1073/1073/1073 1074/1074/1074 1075/1075/1075 1076/1076/1076
v 1.9094548 10.7207556 5.2448516
vt 416 256
vn -0.2016248 1.2863333 -5.2499075
v 1.9616995 11.0344448 5.1419959
vt 447 256
vn 0.1825979 -1.0089858 -6.0704322
v 2.3847964 11.2413883 5.1896887
vt 447 287
vn 1.2512435 2.4276531 -2.6441686
v 2.4264205 10.790307 5.2273993
vt 416 287
vn 3.5758722 0.0277636 -4.0336413
f 1077/1077/1077 1078/1078/1078 1079/1079/1079 1080/1080/1080
v 0.2015613 1.165269 8.5814304
vt 448 256
vn -0.6004575 1.3704536 3.3341141
v -0.0038174 1.2333388 8.4290371
vt 479 256
vn -1.5189712 1.1068832 5.7660294
v 0.197573 0.8561366 8.4704599
vt 479 287
vn -1.1533995 0.5247422 5.8738585
v 0.5351284 0.8363273 8.4811764
vt 448 287
vn 2.1406035 0.5690229 5.778739
f 1081/1081/1081 1082/1082/1082 1083/1083/1083 1084/1084/1084
v 0.3048024 -3.0197473 6.6527624
vt 480 256
vn -0.8747485 -4.7800865 -3.3222818
v 0.7993363 -2.9270132 6.8392911
vt 511 256
vn 2.5075743 -5.0912657 1.8013666
v 0.5802208 -2.5991874 7.4368696
vt 511 287
vn 3.1347876 -3.7225542 3.889528
v 0.5448304 -3.2815356 7.0756831
vt 480 287
vn 1.3646517 -2.9767165 0.3858085
f 1085/1085/1085 1086/1086/1086 1087/1087/1087 1088/1088/1088
v 1.8058797 -1.1584716 6.7105446
vt 512 256
vn 5.6561079 -1.2448403 -2.19818
v 1.7495652 -1.5985535 6.761035
vt 543 256
vn 5.1050549 -0.8959483 -3.470448
v 1.5909963 -1.5251173 6.4209256
vt 543 287
vn 5.6374345 -1.4517872 -1.8958515
v 1.7761593 -1.0380633 6.1958628
vt 512 287
vn 5.6417909 -0.5840425 -1.5887986
f 1089/1089/1089 1090/1090/1090 1091/1091/1091 1092/1092/1092
v -1.5130701 -0.4400691 7.0829515
vt 544 256
vn -4.9010811 -0.6731592 -3.4024503
v -1.536688 -0.1315251 7.122705
vt 575 256
vn -5.5707383 0.2356071 -2.4240623
v -1.3683766 -0.3304695 6.921886
vt 575 287
vn -5.2693672 -0.5760315 -3.2339082
v -1.4244915 -0.6652537 7.0782385
vt 544 287
vn -4.8197594 -0.9119445 -3.8727677
f 1093/1093/1093 1094/1094/1094 1095/1095/1095 1096/1096/1096
v -1.661285 9.6356497 8.8161707
vt 576 256
vn -1.8119786 -3.6605389 -2.6660669
v -2.3373358 9.6663332 8.7612944
vt 607 256
vn -3.3103676 -3.0895419 -0.0787804
v -2.374244 10.004591 8.4781199
vt 607 287
vn -5.7104678 1.3417491 0.3746917
v -2.3455255 9.6739101 7.7498221
vt 576 287
vn -3.2322302 -3.3618081 0.0720229
f 1097/1097/1097 1098/1098/1098 1099/1099/1099 1100/1100/1100
v 0.4578815 9.6751881 5.2505727
vt 608 256
vn -0.8634167 -5.6197596 -2.3246369
v 0.418326 9.6086483 5.8016462
vt 639 256
vn -2.8949084 -4.996139 -1.0742218
v -0.1713277 9.6756954 5.9362836
vt 639 287
vn 2.1912525 -5.0539021 -0.4563844
v -0.3730374 9.6715164 5.286447
vt 608 287
vn 2.060693 -4.911027 -2.1013441
f 1101/1101/1101 1102/1102/1102 1103/1103/1103 1104/1104/1104
v 0.4133098 9.6623001 8.0760765
vt 640 256
vn -0.0019081 -6.2768435 0.1947693
v 0.5217074 9.6855268 8.4841156
vt 671 256
vn -0.374848 -6.2323728 -0.2104218
v -0.292598 9.7286282 9.0273685
vt 671 287
vn 2.0358574 -5.1485004 -0.5797781
v -0.1961326 9.6679726 8.1446753
vt 640 287
vn 0.099672 -6.2775512 0.2119949
f 1105/1105/1105 1106/1106/1106 1107/1107/1107 1108/1108/1108
v -0.8014017 6.1614299 5.5516667
vt 672 256
vn 0.4479024 0.9049633 -5.9238629
v -0.8563899 5.4697676 5.4221344
vt 703 256
vn -0.1881696 0.628562 -5.8094897
v -1.1964462 5.3805828 5.5128455
vt 703 287
vn -2.2399492 0.9620888 -5.7183504
v -1.3596679 6.4234614 5.7268333
vt 672 287
vn -3.4153907 0.5356427 -4.7471714
f 1109/1109/1109 1110/1110/1110 1111/1111/1111 1112/1112/1112
v -1.7363863 9.6240749 6.7649441
vt 704 256
vn -2.4094403 -4.721199 1.6997935
v -2.4213271 9.6988945 6.4937453
vt 735 256
vn -3.5602317 -2.7126038 0.1460681
v -1.8405075 9.5992355 5.7155704
vt 735 287
vn -3.2793112 -4.4368625 -1.1000155
v -1.9555386 9.6183643 6.3415842
vt 704 287
vn -3.2226276 -4.5730014 0.5889609
f 1113/1113/1113 1114/1114/1114 1115/1115/1115 1116/1116/1116
v -0.2867411 5.5355349 5.6592112
vt 736 256
vn 1.2267461 2.4300461 -5.4222274
v -0.1400393 6.0382028 6.0991654
vt 767 256
vn 1.7490149 3.0161119 -3.6389143
v 0.0114481 5.7260952 5.7334285
vt 767 287
vn -1.4577215 3.9930799 -4.6016698
v -0.2974375 5.32937 5.5604849
vt 736 287
vn -0.1130924 2.8894734 -5.2756343
f 1117/1117/1117 1118/1118/1118 1119/1119/1119 1120/1120/1120
v 0.6361413 10.7350883 5.2453589
vt 768 256
vn -0.4447865 1.2230963 -5.806242
v 1.3956472 10.5871496 5.153018
vt 799 256
vn 0.1059052 -0.966148 -5.2978368
v 1.421774 10.4175138 5.3287106
vt 799 287
vn -0.0380286 -0.2940138 -4.3165288
v 1.0566025 10.5504255 5.1182423
vt 768 287
vn 0.0931214 -0.7996079 -4.1685023
f 1121/1121/1121 1122/1122/1122 1123/1123/1123 1124/1124/1124
v 1.1912304 9.0035133 9.1726151
vt 800 256
vn -3.7372246 -4.2427244 -2.456044
v 1.538146 8.6846867 9.2052841
vt 831 256
vn -0.4635336 -2.1749206 -5.2684922
v 0.9599241 8.8877573 9.6357079
vt 831 287
vn -5.44875 -0.9811605 -1.1535496
v 0.8701451 9.3303328 9.6277971
vt 800 287
vn -5.9077249 -1.7787943 -0.0327998
f 1125/1125/1125 1126/1126/1126 1127/1127/1127 1128/1128/1128
v 0.3224648 -2.0212975 8.2164021
vt 832 256
vn -0.4296789 -2.4752638 3.5217578
v 0.3854974 -2.2770343 7.9078479
vt 863 256
vn 0.4340144 -3.8864138 4.3726344
v 0.8851747 -2.0248067 7.8854108
vt 863 287
vn 2.4104741 -3.4937105 4.4640737
v 0.5403359 -2.0000944 8.0331774
vt 832 287
vn 2.760581 -3.1293075 4.6279655
f 1129/1129/1129 1130/1130/1130 1131/1131/1131 1132/1132/1132
v -0.8940806 7.6872821 10.913928
vt 864 256
vn 1.8154317 0.7719237 5.0433683
v -0.6978897 8.0300674 10.6301136
vt 895 256
vn 4.9582891 0.7845902 3.6314766
v -0.8280192 8.584527 10.6582174
vt 895 287
vn 4.3684421 0.5285163 4.4113865
v -0.9745372 8.1740179 10.8571215
vt 864 287
vn 0.7100646 0.8058112 5.1375966
f 1133/1133/1133 1134/1134/1134 1135/1135/1135 1136/1136/1136
v 0.199689 6.3223133 7.2654676
vt 896 256
vn 0.2242054 6.0396957 -0.3482504
v 0.7237884 6.110518 7.2360945
vt 927 256
vn 1.7309878 5.1689935 1.8571912
v 0.4745872 6.2973919 6.8860865
vt 927 287
vn -1.780929 4.8250127 2.0449216
v -0.0614582 6.2054162 6.5373263
vt 896 287
vn 1.8791364 4.5061145 0.2437119
f 1137/1137/1137 1138/1138/1138 1139/1139/1139 1140/1140/1140
v -0.9895087 5.1805997 11.3603535
vt 928 256
vn -2.1170552 -1.7350476 5.489532
v -1.3384447 5.4247599 11.2772923
vt 959 256
vn -2.6112754 -1.0505109 5.3775511
v -1.6407622 5.3695583 11.0460491
vt 959 287
vn -4.0057054 -2.1869094 4.0527239
v -1.3642857 4.9836116 11.0563173
vt 928 287
vn -3.1965647 -3.4478374 3.5581796
f 1141/1141/1141 1142/1142/1142 1143/1143/1143 1144/1144/1144
v 0.3371052 3.7314296 4.6068001
vt 960 256
vn 1.2436131 0.5952711 -5.8526645
v 0.7020045 3.9603119 4.8389473
vt 991 256
vn 2.7533834 1.6741241 -5.3610682
v 1.2052482 3.7372944 5.0458412
vt 991 287
vn 2.5568986 0.8000829 -5.6437478
v 0.960896 3.4793823 4.870791
vt 960 287
vn 2.9894929 0.5387328 -5.4462562
f 1145/1145/1145 1146/1146/1146 1147/1147/1147 1148/1148/1148
v 1.1685638 9.4637089 7.0252409
vt 992 256
vn 0.183271 -2.5768611 5.0671945
v 0.8530086 9.6505203 7.2684865
vt 1023 256
vn -0.6299813 -6.0489225 1.0425885
v 0.2862116 9.6646376 7.4927473
vt 1023 287
vn -0.0146699 -6.2814994 0.0254503
v 0.4360122 9.6624279 6.9211044
vt 992 287
vn -1.59507 -5.3823981 1.3797646
f 1149/1149/1149 1150/1150/1150 1151/1151/1151 1152/1152/1152
v -1.2932153 1.9278194 5.9074445
vt 0 288
vn -4.5395341 -2.7089942 -3.3022654
v -1.0014415 2.082675 5.4640813
vt 31 288
vn -3.7634258 -2.4853818 -4.2395282
v -0.6365531 1.5646168 5.537693
vt 31 319
vn -3.2087622 -3.2535558 -4.2522898
v -1.0405208 1.4932895 5.9780655
vt 0 319
vn -4.1439104 -3.1255379 -3.4957299
f 1153/1153/1153 1154/1154/1154 1155/1155/1155 1156/1156/1156
v -1.007658 0.5508037 6.5954394
vt 32 288
vn -4.2423096 1.3214363 -4.2217231
v -0.824479 0.2617442 6.2555861
vt 63 288
vn -3.9781907 2.2248986 -4.2422676
v -1.2787204 0.0556001 6.5045505
vt 63 319
vn -4.3591919 0.5836865 -3.1239223
v -1.3342793 0.3901164 6.8723059
vt 32 319
vn -4.8155446 0.6268277 -3.8554108
f 1157/1157/1157 1158/1158/1158 1159/1159/1159 1160/1160/1160
v 1.0699539 -1.1949663 5.0144448
vt 64 288
vn 3.1768417 -1.5574758 -2.2618544
v 1.2688855 -0.9990348 5.2716994
vt 95 288
vn 3.9011805 -0.4433318 -2.8099306
v 1.4008635 -1.3295362 6.0323505
vt 95 319
vn 3.0834622 -2.4161954 -3.1086783
v 0.9765083 -1.3020148 5.6575246
vt 64 319
vn 2.7401087 -1.8719114 -3.2118831
f 1161/1161/1161 1162/1162/1162 1163/1163/1163 1164/1164/1164
v 1.2688855 -0.9990348 5.2716994
vt 96 288
vn 3.9011805 -0.4433318 -2.8099306
v 1.1797349 -0.4729138 5.5885787
vt 127 288
vn 1.1805127 3.9534419 -1.5105653
v 1.2365189 -0.4064962 5.8765507
vt 127 319
vn 1.6691439 1.8289648 -4.3081317
v 1.4661305 -0.8731542 5.6952767
vt 96 319
vn 5.0240097 2.1897779 -2.9546521
f 1165/1165/1165 1166/1166/1166 1167/1167/1167 1168/1168/1168
v 1.2416314 6.703361 5.6346526
vt 128 288
vn 0.5633855 0.6306366 -5.8119988
v 0.6547778 7.1153526 5.8788619
vt 159 288
vn -4.171629 0.4706916 -4.0542054
v 0.8169413 8.0532026 5.8237739
vt 159 319
vn -2.8528895 0.2559165 -4.8149347
v 1.1597363 7.3552203 5.6551194
vt 128 319
vn -0.012782 0.4431426 -5.6637616
f 1169/1169/1169 1170/1170/1170 1171/1171/1171 1172/1172/1172
v -2.2744122 10.1421089 8.8109436
vt 160 288
vn -5.7328725 2.3419013 0.2035503
v -2.4046476 9.6727228 9.1892328
vt 191 288
vn -3.458344 -2.3180325 -0.3403981
v -2.1665721 10.3707247 9.443429
vt 191 319
vn -2.2206197 -0.437146 -1.8435308
v -2.1120269 10.4010887 8.8424835
vt 160 319
vn -4.2592235 -0.9396238 -0.2051636
f 1173/1173/1173 1174/1174/1174 1175/1175/1175 1176/1176/1176
v -1.7352365 10.9354429 5.1328826
vt 192 288
vn 0.1302546 -0.896121 -5.2377725
v -2.1931427 10.7453804 5.2846761
vt 223 288
vn -3.8416836 -0.2039901 -3.608269
v -2.4772971 11.1951599 5.5269294
vt 223 319
vn -2.545527 1.2341386 -0.1487705
v -2.3311281 11.0331211 5.0979328
vt 192 319
vn -1.5526096 0.2564945 -2.1154776
f 1177/1177/1177 1178/1178/1178 1179/1179/1179 1180/1180/1180
v 0.1545463 9.6921329 9.5613937
vt 224 288
vn -0.4522038 -6.2547445 0.2419435
v -0.292598 9.7286282 9.0273685
vt 255 288
vn 2.0358574 -5.1485004 -0.5797781
v 0.5217074 9.6855268 8.4841156
vt 255 319
vn -0.374848 -6.2323728 -0.2104218
v 0.1574586 9.6883488 9.0661869
vt 224 319
vn -1.0092341 -6.1827006 -0.209735
f 1181/1181/1181 1182/1182/1182 1183/1183/1183 1184/1184/1184
v 1.7535766 1.8056329 5.9837208
vt 256 288
vn 4.5444102 -2.6282437 -3.3485787
v 1.8969966 2.2071919 5.8884444
vt 287 288
vn 4.7284117 -2.0717468 -3.348948
v 2.1318374 1.9104071 6.8085103
vt 287 319
vn 5.7254062 -1.2967029 0.2856369
v 1.9466616 1.5161902 6.5769529
vt 256 319
vn 5.2250791 -2.4057603 -2.0248623
f 1185/1185/1185 1186/1186/1186 1187/1187/1187 1188/1188/1188
v 1.4489554 1.5000226 5.8431916
vt 288 288
vn 3.8019824 -3.1289849 -3.6905184
v 1.2739623 1.9804562 5.3861847
vt 319 288
vn 3.5172293 -2.5526259 -4.4484668
v 1.8969966 2.2071919 5.8884444
vt 319 319
vn 4.7284117 -2.0717468 -3.348948
v 1.7535766 1.8056329 5.9837208
vt 288 319
vn 4.5444102 -2.6282437 -3.3485787
f 1189/1189/1189 1190/1190/1190 1191/1191/1191 1192/1192/1192
v 1.9466616 1.5161902 6.5769529
vt 320 288
vn 5.2250791 -2.4057603 -2.0248623
v 1.9581097 1.1780664 7.1098714
vt 351 288
vn 5.4835443 0.7010753 1.7602123
v 2.045121 1.1137382 6.8726506
vt 351 319
vn 2.349309 1.8619758 -1.4530096
v 1.7723013 1.0884132 6.7738495
vt 320 319
vn 3.9526365 -0.9378833 -3.9841659
f 1193/1193/1193 1194/1194/1194 1195/1195/1195 1196/1196/1196
v 1.9466616 1.5161902 6.5769529
vt 352 288
vn 5.2250791 -2.4057603 -2.0248623
v 2.1318374 1.9104071 6.8085103
vt 383 288
vn 5.7254062 -1.2967029 0.2856369
v 1.9893363 1.4757363 7.1561837
vt 383 319
vn 5.5130558 -0.8574573 1.9166336
v 1.9581097 1.1780664 7.1098714
vt 352 319
vn 5.4835443 0.7010753 1.7602123
f 1197/1197/1197 1198/1198/1198 1199/1199/1199 1200/1200/1200
v 1.9466616 1.5161902 6.5769529
vt 384 288
vn 5.2250791 -2.4057603 -2.0248623
v 1.4986247 1.0862128 6.3598804
vt 415 288
vn 4.4622793 -2.4849198 -3.5519855
v 1.4489554 1.5000226 5.8431916
vt 415 319
vn 3.8019824 -3.1289849 -3.6905184
v 1.7535766 1.8056329 5.9837208
vt 384 319
vn 4.5444102 -2.6282437 -3.3485787
f 1201/1201/1201 1202/1202/1202 1203/1203/1203 1204/1204/1204
v -0.5128239 9.2181759 6.7730579
vt 416 288
vn 4.7382474 -1.3905895 3.5230994
v -0.3717157 9.0582743 6.3707633
vt 447 288
vn 5.8767557 -0.2569476 0.0563544
v -0.5322234 9.2192078 5.888144
vt 447 319
vn 4.5414085 -3.3513205 -1.6044178
v -0.3515609 9.3514986 6.2243505
vt 416 319
vn 5.6524658 -2.4791574 -0.3561953
f 1205/1205/1205 1206/1206/1206 1207/1207/1207 1208/1208/1208
v -1.3642857 4.9836116 11.0563173
vt 448 288
vn -3.1965647 -3.4478374 3.5581796
v -1.6407622 5.3695583 11.0460491
vt 479 288
vn -4.0057054 -2.1869094 4.0527239
v -1.9149811 5.2987366 10.6556997
vt 479 319
vn -4.5433078 -2.8222592 2.6869097
v -1.5961969 4.9394155 10.6416235
vt 448 319
vn -3.8636367 -4.3255839 1.7736619
f 1209/1209/1209 1210/1210/1210 1211/1211/1211 1212/1212/1212
v -0.3055941 -0.0481977 5.3248944
vt 480 288
vn -3.3231583 0.72281 -3.7933707
v -0.0146127 0.2438526 5.3614326
vt 511 288
vn -1.9908903 4.2353892 -3.164392
v 0.117906 -0.1429975 5.1309581
vt 511 319
vn -0.9588346 -0.7084841 -5.1139932
v -0.0494224 -0.3073368 5.278883
vt 480 319
vn -1.8302183 -3.3172553 -4.613049
f 1213/1213/1213 1214/1214/1214 1215/1215/1215 1216/1216/1216
v 0.4552396 6.6774697 10.8734217
vt 512 288
vn -1.0391277 4.6960216 3.8787005
v 0.8726748 5.7651901 11.4472189
vt 543 288
vn -0.0286559 1.1906347 6.1290116
v 1.64491 6.2935638 11.3365841
vt 543 319
vn 1.3613468 1.7702959 5.4203458
v 1.0016814 6.7162533 11.1798563
vt 512 319
vn -1.0660771 3.3070769 4.4019961
f 1217/1217/1217 1218/1218/1218 1219/1219/1219 1220/1220/1220
v -2.3616428 11.2428331 6.7112784
vt 544 288
vn -3.0621405 3.6786928 -0.440222
v -2.3730822 11.2434273 7.5889797
vt 575 288
vn -3.1304896 3.2056382 0.1620463
v -2.3479958 11.2417755 8.4964228
vt 575 319
vn -3.1371558 3.4516387 -0.0787318
v -0.1291358 11.2438231 5.2218757
vt 544 319
vn 0.0810893 4.4458046 -2.8545709
f 1221/1221/1221 1222/1222/1222 1223/1223/1223 1224/1224/1224
v 2.9055579 5.9104042 10.159482
vt 576 288
vn 5.2113743 -0.5738693 2.1927321
v 2.5016968 5.1696897 10.1213961
vt 607 288
vn 4.204895 -4.1240821 0.924921
v 2.9669881 5.557107 9.2920551
vt 607 319
vn 4.8052702 -3.0714366 -0.2004314
v 3.1078455 6.0554271 9.2986832
vt 576 319
vn 5.8612204 -0.2749006 0.3412804
f 1225/1225/1225 1226/1226/1226 1227/1227/1227 1228/1228/1228
v -2.1931427 10.7453804 5.2846761
vt 608 288
vn -3.8416836 -0.2039901 -3.608269
v -1.1566347 10.7507401 5.3130832
vt 639 288
vn 0.4507797 -0.6230388 -5.7901664
v -1.1307811 10.4534607 5.3918943
vt 639 319
vn 0.4272544 0.3428605 -4.7200494
v -1.3189741 10.5713148 5.1407623
vt 608 319
vn 0.8687006 -0.5694786 -3.1967614
f 1229/1229/1229 1230/1230/1230 1231/1231/1231 1232/1232/1232
v -1.5995666 -0.7388551 7.331471
vt 640 288
vn -5.3302917 -0.8936278 -0.326634
v -1.4244915 -0.6652537 7.0782385
vt 671 288
vn -4.8197594 -0.9119445 -3.8727677
v -1.4214175 -0.9662228 7.0751219
vt 671 319
vn -4.8420863 -0.5339109 -3.5135968
v -1.4742858 -1.135759 7.4354291
vt 640 319
vn -5.5437441 -0.7861619 1.6565214
f 1233/1233/1233 1234/1234/1234 1235/1235/1235 1236/1236/1236
v 2.2013748 -1.0820241 7.2820959
vt 672 288
vn 4.2732081 -0.3481173 0.5562597
v 1.9275669 -1.0878932 6.9910297
vt 703 288
vn 4.9095612 -0.3407529 -3.2006505
v 1.8522041 -0.7466826 6.8022923
vt 703 319
vn 5.0757518 -0.4809753 -2.1884241
v 2.1225512 -0.7895964 7.0362821
vt 672 319
vn 4.8482113 -1.1343552 -2.5900517
f 1237/1237/1237 1238/1238/1238 1239/1239/1239 1240/1240/1240
v -1.7875878 9.1945791 10.0908298
vt 704 288
vn -5.0108795 -3.1531208 1.8932867
v -1.7702596 9.0807648 9.8286619
vt 735 288
vn -5.5289726 -2.6719313 0.1317254
v -1.6740961 8.3214512 9.9950943
vt 735 319
vn -6.0782409 0.741044 0.5460804
v -1.5009187 8.8957758 10.3920546
vt 704 319
vn -4.9458928 -0.4798009 3.6928663
f 1241/1241/1241 1242/1242/1242 1243/1243/1243 1244/1244/1244
v -1.5995666 -0.7388551 7.331471
vt 736 288
vn -5.3302917 -0.8936278 -0.326634
v -1.4742858 -1.135759 7.4354291
vt 767 288
vn -5.5437441 -0.7861619 1.6565214
v -1.3692995 -0.9264985 7.7462411
vt 767 319
vn -4.87046 -1.3718907 3.4711967
v -1.4551014 -0.3733066 7.7363782
vt 736 319
vn -5.2352467 0.1879357 3.141293
f 1245/1245/1245 1246/1246/1246 1247/1247/1247 1248/1248/1248
v 2.0263059 5.0447817 6.5873156
vt 768 288
vn 5.9321437 1.2466098 1.2486296
v 2.0272408 4.4111514 6.9272532
vt 799 288
vn 5.7666721 0.9299095 2.1872256
v 2.2515066 4.159976 6.1425924
vt 799 319
vn 5.7969933 0.8205271 -0.6996372
v 1.9547986 5.4045324 6.1344967
vt 768 319
vn 6.082406 1.0891136 -0.8143694
f 1249/1249/1249 1250/1250/1250 1251/1251/1251 1252/1252/1252
v -1.4632496 1.2308605 7.0741878
vt 800 288
vn -5.5109167 -1.5876123 0.1222591
v -1.3295109 1.5560086 7.5216827
vt 831 288
vn -4.9380374 -1.1770959 3.501415
v -1.5069791 2.2955258 7.4187245
vt 831 319
vn -4.8025422 -0.2539376 3.7667608
v -1.6552821 1.7268108 6.9413581
vt 800 319
vn -5.5574026 -1.5444213 0.5453253
f 1253/1253/1253 1254/1254/1254 1255/1255/1255 1256/1256/1256
v -2.2744122 10.1421089 8.8109436
vt 832 288
vn -5.7328725 2.3419013 0.2035503
v -2.374244 10.004591 8.4781199
vt 863 288
vn -5.7104678 1.3417491 0.3746917
v -2.3373358 9.6663332 8.7612944
vt 863 319
vn -3.3103676 -3.0895419 -0.0787804
v -2.4046476 9.6727228 9.1892328
vt 832 319
vn -3.458344 -2.3180325 -0.3403981
f 1257/1257/1257 1258/1258/1258 1259/1259/1259 1260/1260/1260
v 1.2542537 11.2434769 5.1932297
vt 864 288
vn -0.1636839 4.0287976 -3.0082901
v 1.403482 11.243824 10.6195965
vt 895 288
vn 0.4062445 4.0723462 2.9630799
v 2.6453688 11.2439146 6.295351
vt 895 319
vn 3.0597572 3.5533485 -0.3881719
v 2.3847964 11.2413883 5.1896887
vt 864 319
vn 1.2512435 2.4276531 -2.6441686
f 1261/1261/1261 1262/1262/1262 1263/1263/1263 1264/1264/1264
v 1.4695929 0.4076726 6.2916512
vt 896 288
vn 3.4284413 2.8347371 -4.3843899
v 1.8133552 0.4428629 6.6243544
vt 927 288
vn 4.2063074 2.4793279 -3.8401258
v 2.0540755 0.4657335 6.9137173
vt 927 319
vn 5.3605194 0.6899251 -2.5709591
v 2.0484791 0.1598503 6.8741245
vt 896 319
vn 5.5653372 0.3068371 -2.7778041
f 1265/1265/1265 1266/1266/1266 1267/1267/1267 1268/1268/1268
v -0.9073601 -1.9434416 6.8880744
vt 928 288
vn -2.1272793 -1.5206029 -3.6784565
v -1.2767534 -2.1588535 6.8630543
vt 959 288
vn -2.2612143 -1.0373771 -3.5025804
v -1.3069924 -1.8188565 7.1275802
vt 959 319
vn -3.7447591 -0.0387043 -4.2128205
v -0.9739276 -1.5906215 6.7791219
vt 928 319
vn -4.5250025 -1.1907078 -3.338979
f 1269/1269/1269 1270/1270/1270 1271/1271/1271 1272/1272/1272
v -0.2944016 -2.1407585 5.7567201
vt 960 288
vn -1.406755 -3.3923333 -4.4561028
v -0.3745954 -1.6231073 5.558054
vt 991 288
vn -2.3544574 0.1623618 -4.4711041
v 0.2729014 -1.6193513 5.5166512
vt 991 319
vn 0.2145558 -4.0590706 -3.9604282
v 0.1521023 -2.0492618 5.7047348
vt 960 319
vn 0.2624848 -2.8282139 -5.527463
f 1273/1273/1273 1274/1274/1274 1275/1275/1275 1276/1276/1276
v 1.1721839 9.6645765 10.4477901
vt 992 288
vn -1.9472895 -4.5076895 2.4448342
v 1.2564873 9.3295574 10.4071636
vt 1023 288
vn -4.1245461 -0.2973964 4.4243507
v 1.614204 9.2436981 10.8448153
vt 1023 319
vn -0.042694 0.6251829 2.6851773
v 1.887434 9.5416889 10.5510302
vt 992 319
vn 1.4294401 -3.5367727 4.1849976
f 1277/1277/1277 1278/1278/1278 1279/1279/1279 1280/1280/1280
v -2.4046476 9.6727228 9.1892328
vt 0 320
vn -3.458344 -2.3180325 -0.3403981
v -2.3297055 9.6155701 9.8078003
vt 31 320
vn -4.544405 -2.7627492 0.3759262
v -2.2423317 9.5951481 10.4187441
vt 31 351
vn -3.4301951 -2.7782352 1.0611094
v -2.3826749 10.48666 9.4986334
vt 0 351
vn -5.4340515 -0.2053437 -1.0953072
f 1281/1281/1281 1282/1282/1282 1283/1283/1283 1284/1284/1284
v 1.538146 8.6846867 9.2052841
vt 32 320
vn -0.4635336 -2.1749206 -5.2684922
v 2.1546113 8.1316204 9.5307226
vt 63 320
vn 4.3205614 1.1041963 -3.9472563
v 1.4656782 8.0190258 9.2638721
vt 63 351
vn -0.9287001 -2.252121 -2.8907106
v 0.9599241 8.8877573 9.6357079
vt 32 351
vn -5.44875 -0.9811605 -1.1535496
f 1285/1285/1285 1286/1286/1286 1287/1287/1287 1288/1288/1288
v -1.0896046 1.0690819 7.7908597
vt 64 320
vn -4.321907 2.4301097 3.761862
v -0.8318812 0.8518867 8.1280022
vt 95 320
vn -3.32059 1.6899335 4.9940419
v -0.3206217 0.9376569 8.351449
vt 95 351
vn -2.2366414 1.342864 5.6961865
v -0.5764898 1.2129443 8.1954317
vt 64 351
vn -2.8249483 0.8965482 5.4338923
f 1289/1289/1289 1290/1290/1290 1291/1291/1291 1292/1292/1292
v 0.199689 6.3223133 7.2654676
vt 96 320
vn 0.2242054 6.0396957 -0.3482504
v -0.0902869 6.3776259 8.3282776
vt 127 320
vn -2.3804009 5.7223058 -0.5110473
v 0.3690233 6.4896326 8.1900015
vt 127 351
vn 0.7227297 5.6345415 -0.9126898
v 0.8985963 6.0772643 7.7098379
vt 96 351
vn 3.5797303 4.9541826 -1.2063428
f 1293/1293/1293 1294/1294/1294 1295/1295/1295 1296/1296/1296
v -1.2327002 2.0899041 7.6966968
vt 128 320
vn -4.1325788 0.3355935 4.5895009
v -1.037149 1.6705198 7.8646469
vt 159 320
vn -4.0166016 -0.4940187 4.650465
v -0.9007212 2.0731456 7.9431534
vt 159 351
vn -3.4214721 0.570557 5.1966338
v -0.7645516 2.733459 7.9045601
vt 128 351
vn -2.7882063 0.3689084 5.5751543
f 1297/1297/1297 1298/1298/1298 1299/1299/1299 1300/1300/1300
v 2.7707596 9.721509 8.9013767
vt 160 320
vn 4.0785704 -2.105417 0.2340901
v 2.1589882 9.5860863 8.8140898
vt 191 320
vn 2.6434622 -3.434063 -2.349324
v 2.027647 9.6130495 8.5344868
vt 191 351
vn 0.9860267 -5.3767109 -2.0440443
v 2.7875972 9.6783333 8.2369566
vt 160 351
vn 3.3777688 -2.7266772 -0.0024118
f 1301/1301/1301 1302/1302/1302 1303/1303/1303 1304/1304/1304
v 1.863346 5.1633849 5.7061825
vt 192 320
vn 4.5257387 0.9749251 -3.7072239
v 2.1047018 3.4308853 5.602838
vt 223 320
vn 4.8026776 -0.3638418 -3.311677
v 1.4306035 2.9011769 5.1812916
vt 223 351
vn 3.8502409 -0.8494465 -4.82866
v 1.6926731 3.8023508 5.2143116
vt 192 351
vn 3.1070576 0.4568711 -5.0011616
f 1305/1305/1305 1306/1306/1306 1307/1307/1307 1308/1308/1308
v -1.5805739 8.0357399 10.4197817
vt 224 320
vn -5.0258064 1.1085787 3.3823464
v -1.2494122 8.1640263 10.7049074
vt 255 320
vn -3.7301366 0.711486 4.9754858
v -1.0618259 8.665822 10.80443
vt 255 351
vn -0.5790937 0.2265253 5.2910013
v -1.2307475 8.7897644 10.6642323
vt 224 351
vn -3.9679987 0.3924905 4.8374791
f 1309/1309/1309 1310/1310/1310 1311/1311/1311 1312/1312/1312
v 1.4695929 0.4076726 6.2916512
vt 256 320
vn 3.4284413 2.8347371 -4.3843899
v 2.0484791 0.1598503 6.8741245
vt 287 320
vn 5.5653372 0.3068371 -2.7778041
v 1.8890086 -0.3652249 6.7191553
vt 287 351
vn 5.6686797 -0.5887309 -2.0856605
v 1.8644645 0.0639281 6.363378
vt 256 351
vn 4.1959701 1.0965636 -3.3007948
f 1313/1313/1313 1314/1314/1314 1315/1315/1315 1316/1316/1316
v 1.5926136 0.3105839 8.0028868
vt 288 320
vn 3.9619272 0.539971 4.5587454
v 1.6950119 0.5678602 7.8151455
vt 319 320
vn 4.5917115 1.3141083 4.0410504
v 1.4501567 0.696579 8.0471487
vt 319 351
vn 3.6595032 1.073132 4.717802
v 1.3254523 0.4389196 8.1634998
vt 288 351
vn 2.8775229 0.8502426 5.3911495
f 1317/1317/1317 1318/1318/1318 1319/1319/1319 1320/1320/1320
v 2.7569957 5.6981459 8.4565001
vt 320 320
vn 2.6115475 -2.8172925 -3.5188944
v 2.9682677 5.9813695 8.5368605
vt 351 320
vn 4.5000558 -1.016587 -2.8419292
v 3.1078455 6.0554271 9.2986832
vt 351 351
vn 5.8612204 -0.2749006 0.3412804
v 2.9669881 5.557107 9.2920551
vt 320 351
vn 4.8052702 -3.0714366 -0.2004314
f 1321/1321/1321 1322/1322/1322 1323/1323/1323 1324/1324/1324
v -1.1936022 7.8760519 6.9059567
vt 352 320
vn -3.4548869 0.1691352 5.0099311
v -1.1361034 8.4585123 6.9895229
vt 383 320
vn -2.7327003 -0.4990859 5.2653489
v -1.5813402 8.9807453 6.6037636
vt 383 351
vn -5.2080903 0.1730493 2.4349279
v -1.4864677 8.11553 6.5579715
vt 352 351
vn -5.5672913 -0.0757522 2.3187757
f 1325/1325/1325 1326/1326/1326 1327/1327/1327 1328/1328/1328
v -0.4333994 9.2071657 9.8003101
vt 384 320
vn 5.8054824 -1.5954679 -0.2380118
v -0.5981789 8.6624746 9.5662079
vt 415 320
vn 4.5258589 -0.2928806 -3.7051811
v -1.1538546 8.5230532 9.3454523
vt 415 351
vn -0.0777688 -0.8900447 -5.7229829
v -0.7462617 8.9640598 9.3542118
vt 384 351
vn 3.4044507 -2.2950706 -4.4404893
f 1329/1329/1329 1330/1330/1330 1331/1331/1331 1332/1332/1332
v 2.0229521 3.631577 7.1755524
vt 416 320
vn 5.2834158 0.2905213 3.2260873
v 1.8532237 4.7113152 7.1693091
vt 447 320
vn 5.5162072 1.4360697 2.6044176
v 1.5857024 5.2612023 7.2615881
vt 447 351
vn 5.1129794 2.2992103 2.4091277
v 1.7007601 4.5443125 7.6560855
vt 416 351
vn 5.9112806 0.3275608 1.8005992
f 1333/1333/1333 1334/1334/1334 1335/1335/1335 1336/1336/1336
v -1.1681788 9.6167936 7.1853209
vt 448 320
vn -0.4073812 -5.6703429 1.9581908
v -1.3561753 9.1104231 6.9098597
vt 479 320
vn -3.8495927 -1.2241451 4.5853887
v -1.4167044 9.4288549 6.9578447
vt 479 351
vn -3.0582969 -1.4254916 5.1936073
v -0.7848545 9.5563469 7.0879884
vt 448 351
vn 1.0345184 -4.1852565 3.444665
f 1337/1337/1337 1338/1338/1338 1339/1339/1339 1340/1340/1340
v 0.9316832 0.784041 5.9967084
vt 480 320
vn 3.014667 -0.9862826 -5.108006
v 0.2566007 0.941287 5.7603073
vt 511 320
vn 0.1163355 -3.2465198 -4.933486
v 0.9128847 1.2075851 5.6649389
vt 511 351
vn 2.5718534 -3.6341062 -4.2826252
v 1.4986247 1.0862128 6.3598804
vt 480 351
vn 4.4622793 -2.4849198 -3.5519855
f 1341/1341/1341 1342/1342/1342 1343/1343/1343 1344/1344/1344
v 0.5558227 2.743917 4.738399
vt 512 320
vn 1.6008812 -1.4277568 -5.8248682
v 0.5007415 3.1651368 4.6552167
vt 543 320
vn 1.6325296 -0.3947167 -5.9385309
v 1.0488949 2.9535499 4.8839684
vt 543 351
vn 2.9909182 -0.4782904 -5.2776318
v 0.8620512 2.1514463 5.0363021
vt 512 351
vn 2.4298825 -2.2777784 -5.2217045
f 1345/1345/1345 1346/1346/1346 1347/1347/1347 1348/1348/1348
v 0.9339305 -0.3995436 8.4301662
vt 544 320
vn 2.5515413 -0.1376304 5.6843328
v 0.6004251 -0.0649056 8.5354643
vt 575 320
vn 2.0516062 0.0789118 5.9338274
v 0.5233399 -0.5078017 8.5806608
vt 575 351
vn 1.6028932 0.0535178 5.9808984
v 0.6784472 -0.8475407 8.4786615
vt 544 351
vn 2.736299 -0.8184657 5.5812516
f 1349/1349/1349 1350/1350/1350 1351/1351/1351 1352/1352/1352
v 0.2339423 -2.3865983 5.9404812
vt 576 320
vn -0.1028401 -4.4991517 -4.0818105
v 0.5915576 -2.5969982 6.3827891
vt 607 320
vn 1.8432662 -3.871177 -4.0354452
v 0.3810242 -2.8514996 6.402379
vt 607 351
vn -0.1608853 -3.7987409 -3.8636811
v 0.0867386 -2.6444335 6.446373
vt 576 351
vn -2.3687842 -4.5255551 -3.3346362
f 1353/1353/1353 1354/1354/1354 1355/1355/1355 1356/1356/1356
v 0.6614017 9.6907463 10.7021313
vt 608 320
vn 0.0736775 -3.5511284 3.1227837
v 0.8115607 9.6933651 9.968277
vt 639 320
vn -2.6169882 -4.5516934 0.9656029
v 1.1721839 9.6645765 10.4477901
vt 639 351
vn -1.9472895 -4.5076895 2.4448342
v 1.0015219 9.7375374 10.7205858
vt 608 351
vn 0.008331 -3.0545919 4.2728453
f 1357/1357/1357 1358/1358/1358 1359/1359/1359 1360/1360/1360
v -1.2517493 9.3941994 8.7148094
vt 640 320
vn 1.5071316 -1.6706194 -4.6263413
v -1.4165095 9.639658 8.6773758
vt 671 320
vn -0.3824878 -4.0546713 -3.3260775
v -1.0003899 9.4001589 8.8582191
vt 671 351
vn 0.6493219 -3.8276634 -4.6777163
v -1.2912626 9.2387905 8.8740177
vt 640 351
vn 0.4604082 -4.6514297 -3.9211369
f 1361/1361/1361 1362/1362/1362 1363/1363/1363 1364/1364/1364
v -1.2910845 1.0389718 7.3449225
vt 672 320
vn -4.7032585 1.5204687 2.7325885
v -1.3314002 0.8347505 7.6781616
vt 703 320
vn -4.7128048 2.2657239 2.8364737
v -1.1372898 0.8304871 7.9028363
vt 703 351
vn -4.0623541 1.8685861 4.225287
v -1.0896046 1.0690819 7.7908597
vt 672 351
vn -4.321907 2.4301097 3.761862
f 1365/1365/1365 1366/1366/1366 1367/1367/1367 1368/1368/1368
v -1.2957491 8.6485729 5.8386111
vt 704 320
vn -2.9375589 -1.105872 -5.1511378
v -1.459273 7.49997 5.9426532
vt 735 320
vn -4.6780586 0.2424719 -3.3736334
v -1.5748161 6.7721944 6.4829931
vt 735 351
vn -5.6560783 0.3159889 1.4888309
v -1.5092616 8.4347019 6.1432996
vt 704 351
vn -5.7928047 -0.4773901 -1.7385918
f 1369/1369/1369 1370/1370/1370 1371/1371/1371 1372/1372/1372
v 1.5931158 -2.430516 6.9921889
vt 736 320
vn 4.1454272 -3.1544294 0.8589252
v 1.1401659 -2.3231974 7.3811817
vt 767 320
vn 2.4313376 -4.1542354 4.0204434
v 1.4935538 -2.6717498 6.9400787
vt 767 351
vn 3.0399108 -2.7805736 0.9708156
v 1.496455 -2.1932118 6.692246
vt 736 351
vn 4.4468751 -2.1343689 -3.1400254
f 1373/1373/1373 1374/1374/1374 1375/1375/1375 1376/1376/1376
v 0.8339563 0.3761266 8.4447155
vt 768 320
vn 2.3116724 1.3308315 5.4421902
v 0.6004251 -0.0649056 8.5354643
vt 799 320
vn 2.0516062 0.0789118 5.9338274
v 0.9339305 -0.3995436 8.4301662
vt 799 351
vn 2.5515413 -0.1376304 5.6843328
v 0.983665 0.0231167 8.383832
vt 768 351
vn 2.7188635 0.2541569 5.6460633
f 1377/1377/1377 1378/1378/1378 1379/1379/1379 1380/1380/1380
v -2.3455255 9.6739101 7.7498221
vt 800 320
vn -3.2322302 -3.3618081 0.0720229
v -1.7363863 9.6240749 6.7649441
vt 831 320
vn -2.4094403 -4.721199 1.6997935
v -1.3561753 9.1104231 6.9098597
vt 831 351
vn -3.8495927 -1.2241451 4.5853887
v -1.1681788 9.6167936 7.1853209
vt 800 351
vn -0.4073812 -5.6703429 1.9581908
f 1381/1381/1381 1382/1382/1382 1383/1383/1383 1384/1384/1384
v 2.5398571 9.5475302 9.7129898
vt 832 320
vn 5.5296636 -1.8113351 1.0765184
v 2.4275866 9.9688702 10.1063356
vt 863 320
vn 6.0812263 -0.1074709 1.5538548
v 2.2646616 9.6466465 10.6859331
vt 863 351
vn 2.0578024 -1.8014038 2.658421
v 2.3585465 9.540061 10.2339096
vt 832 351
vn 4.6630759 -2.5081279 2.3695915
f 1385/1385/1385 1386/1386/1386 1387/1387/1387 1388/1388/1388
v 2.3585465 9.540061 10.2339096
vt 864 320
vn 4.6630759 -2.5081279 2.3695915
v 2.2646616 9.6466465 10.6859331
vt 895 320
vn 2.0578024 -1.8014038 2.658421
v 1.3936867 9.6405935 10.7122478
vt 895 351
vn -0.4904335 -3.1977453 3.3025126
v 1.887434 9.5416889 10.5510302
vt 864 351
vn 1.4294401 -3.5367727 4.1849976
f 1389/1389/1389 1390/1390/1390 1391/1391/1391 1392/1392/1392
v -0.1339166 -1.0843452 4.8703456
vt 896 320
vn -2.2063594 0.8148447 -4.9952145
v -0.5537177 -1.1793394 5.1779699
vt 927 320
vn -3.5196738 -1.9026171 -2.0845795
v -0.595474 -0.8305284 5.3080802
vt 927 351
vn -4.2467642 1.9353641 -3.6496506
v -0.1961747 -0.6653081 5.1495795
vt 896 351
vn -0.3276337 4.0550065 -2.9024062
f 1393/1393/1393 1394/1394/1394 1395/1395/1395 1396/1396/1396
v -1.9521031 6.6095591 8.2862778
vt 928 320
vn -1.1895962 1.7605941 -4.7161107
v -2.5434177 6.0380216 8.6842232
vt 959 320
vn -4.3426604 -0.5189633 -2.1614332
v -2.2645571 6.7790737 8.5789814
vt 959 351
vn -3.510113 2.6844094 -2.6778049
v -1.4099125 7.3669314 8.9226952
vt 928 351
vn -0.2420045 4.2845392 -4.3558936
f 1397/1397/1397 1398/1398/1398 1399/1399/1399 1400/1400/1400
v 1.5572207 5.2399898 8.371789
vt 960 320
vn 5.9881616 1.4036967 -0.4447609
v 1.5889006 5.6599684 7.0714989
vt 991 320
vn 4.5759091 1.631588 3.9071317
v 1.3278074 5.5609508 7.3370318
vt 991 351
vn 4.1808519 3.1412201 2.1247287
v 1.1996183 6.11308 8.7859955
vt 960 351
vn 4.1026454 4.284955 -1.75784
f 1401/1401/1401 1402/1402/1402 1403/1403/1403 1404/1404/1404
v -0.3394015 -0.4882895 5.3180256
vt 992 320
vn 0.0758208 3.2754376 -1.4728585
v -0.1961747 -0.6653081 5.1495795
vt 1023 320
vn -0.3276337 4.0550065 -2.9024062
v -0.595474 -0.8305284 5.3080802
vt 1023 351
vn -4.2467642 1.9353641 -3.6496506
v -0.6796274 -0.6740582 5.598927
vt 992 351
vn -4.6112337 2.9613969 -2.9052773
f 1405/1405/1405 1406/1406/1406 1407/1407/1407 1408/1408/1408
v 0.1408952 -2.3363512 7.7614589
vt 0 352
vn -1.9253995 -3.780956 4.572721
v -0.4389219 -2.3145313 7.5923452
vt 31 352
vn -1.9469794 -4.4002914 3.94489
v -0.6871943 -2.4638488 7.2460985
vt 31 383
vn -1.5237991 -4.0238957 4.4002037
v -0.0567995 -2.6210432 7.3613558
vt 0 383
vn -2.8326683 -3.5859761 3.9804955
f 1409/1409/1409 1410/1410/1410 1411/1411/1411 1412/1412/1412
v 2.0272408 4.4111514 6.9272532
vt 32 352
vn 5.7666721 0.9299095 2.1872256
v 2.2904239 3.0231051 6.7349267
vt 63 352
vn 5.7725091 -0.0084005 1.5794727
v 2.2927637 2.7105222 6.2517943
vt 63 383
vn 5.5789623 -1.0930232 -1.3325969
v 2.2515066 4.159976 6.1425924
vt 32 383
vn 5.7969933 0.8205271 -0.6996372
f 1413/1413/1413 1414/1414/1414 1415/1415/1415 1416/1416/1416
v 1.3917459 8.1124668 6.9124794
vt 64 352
vn 3.6426554 0.0451286 4.6254635
v 1.1185989 7.824409 6.9783564
vt 95 352
vn -1.1791757 0.3662509 5.6394458
v 1.1396034 7.3441401 7.0124331
vt 95 383
vn -0.807534 0.3257559 5.8183708
v 1.3947681 7.566606 6.927969
vt 64 383
vn 3.2910094 0.3186805 4.9511805
f 1417/1417/1417 1418/1418/1418 1419/1419/1419 1420/1420/1420
v 1.1610943 9.2584438 5.3675017
vt 96 352
vn 1.0808039 -2.6583111 -2.3336387
v 1.3318908 9.5333643 5.4720297
vt 127 352
vn 1.3644822 -3.4282289 -3.770592
v 1.1352725 9.1230478 5.68891
vt 127 383
vn 0.1482681 -2.759295 -5.0828447
v 0.9431259 9.3333368 5.4838243
vt 96 383
vn -2.5286295 -4.7180734 -3.2508655
f 1421/1421/1421 1422/1422/1422 1423/1423/1423 1424/1424/1424
v 2.1045403 5.3733683 8.7215691
vt 128 352
vn -1.685748 -4.0803123 -3.5306828
v 1.7435158 5.3051586 9.2091408
vt 159 352
vn 1.7988814 -2.3611369 -2.8148158
v 1.5572207 5.2399898 8.371789
vt 159 383
vn 5.9881616 1.4036967 -0.4447609
v 1.428494 5.9591227 8.9892912
vt 128 383
vn 0.0870481 0.41723 -3.3565907
f 1425/1425/1425 1426/1426/1426 1427/1427/1427 1428/1428/1428
v 2.1193776 4.9169364 10.2223959
vt 160 352
vn 3.8755739 -4.8934107 0.3313534
v 1.6937864 4.62536 10.6303501
vt 191 352
vn 3.0836051 -4.793283 2.0606239
v 1.0089836 4.1994104 10.3900986
vt 191 383
vn 1.6390414 -5.5140657 1.7066886
v 1.6038773 4.4369297 10.0536261
vt 160 383
vn 3.5153041 -4.9334154 0.0608528
f 1429/1429/1429 1430/1430/1430 1431/1431/1431 1432/1432/1432
v -0.6573805 9.0912304 10.39921
vt 192 352
vn 5.0494423 0.1858452 3.548121
v -0.7721389 9.2343512 10.4893818
vt 223 352
vn 4.6672215 0.5152168 4.0157475
v -0.9334763 9.1770277 10.8260002
vt 223 383
vn 0.9801224 0.9149505 3.5703192
v -0.8280192 8.584527 10.6582174
vt 192 383
vn 4.3684421 0.5285163 4.4113865
f 1433/1433/1433 1434/1434/1434 1435/1435/1435 1436/1436/1436
v 0.0149915 3.2573111 4.5860701
vt 224 352
vn -0.8761541 -0.2644362 -5.9039197
v -0.6337277 3.1243432 4.8602276
vt 255 352
vn -3.2922337 -0.1269557 -5.1035275
v -0.4990519 3.642421 4.8627152
vt 255 383
vn -3.282546 0.9667239 -5.2256093
v -0.1406698 3.7821763 4.6492801
vt 224 383
vn -2.2505269 0.8680989 -5.4221754
f 1437/1437/1437 1438/1438/1438 1439/1439/1439 1440/1440/1440
v -0.3394015 -0.4882895 5.3180256
vt 256 352
vn 0.0758208 3.2754376 -1.4728585
v 0.0945862 -0.876982 5.4627609
vt 287 352
vn 0.2008002 3.5446491 -0.9947082
v 0.818948 -0.6193954 5.1631851
vt 287 383
vn 0.6855996 4.2080717 -2.0870705
v -0.1961747 -0.6653081 5.1495795
vt 256 383
vn -0.3276337 4.0550065 -2.9024062
f 1441/1441/1441 1442/1442/1442 1443/1443/1443 1444/1444/1444
v -0.6557755 2.2674012 5.121798
vt 288 352
vn -3.0514557 -2.2000761 -4.937355
v -0.6337277 3.1243432 4.8602276
vt 319 352
vn -3.2922337 -0.1269557 -5.1035275
v 0.0149915 3.2573111 4.5860701
vt 319 383
vn -0.8761541 -0.2644362 -5.9039197
v -0.4101831 2.7595057 4.7945085
vt 288 383
vn -2.575017 -1.3438486 -5.3877473
f 1445/1445/1445 1446/1446/1446 1447/1447/1447 1448/1448/1448
v 0.3786738 4.9079046 11.3146791
vt 320 352
vn 0.7359012 -2.6292005 5.6378198
v 1.0599459 5.3065166 11.4759569
vt 351 352
vn 0.8197986 -1.2241209 5.7963486
v 0.8726748 5.7651901 11.4472189
vt 351 383
vn -0.0286559 1.1906347 6.1290116
v 0.178081 5.3496771 11.5329714
vt 320 383
vn 0.1062829 -0.478034 5.9471412
f 1449/1449/1449 1450/1450/1450 1451/1451/1451 1452/1452/1452
v -0.7384909 0.4666251 6.334569
vt 352 352
vn -3.8928144 1.5286133 -4.2730989
v -0.824479 0.2617442 6.2555861
vt 383 352
vn -3.9781907 2.2248986 -4.2422676
v -1.007658 0.5508037 6.5954394
vt 383 383
vn -4.2423096 1.3214363 -4.2217231
v -0.650422 0.9899484 6.1910033
vt 352 383
vn -3.5117109 -2.8346798 -3.8073697
f 1453/1453/1453 1454/1454/1454 1455/1455/1455 1456/1456/1456
v -0.3616599 7.1166983 10.1853008
vt 384 352
vn 5.1335254 2.856595 0.7179743
v -0.0405518 6.8771801 10.485486
vt 415 352
vn 1.8269002 5.445365 1.8338068
v -0.1578207 6.8193412 9.8998241
vt 415 383
vn 1.8666877 4.2586145 -1.8672713
v -0.4349629 7.7264352 9.7418842
vt 384 383
vn 5.6344285 0.7205561 -2.1582367
f 1457/1457/1457 1458/1458/1458 1459/1459/1459 1460/1460/1460
v 1.0566025 10.5504255 5.1182423
vt 416 352
vn 0.0931214 -0.7996079 -4.1685023
v 0.3290911 10.4089203 5.3486986
vt 447 352
vn 0.051999 0.0210249 -3.838973
v -0.0814279 10.4106922 5.3226976
vt 447 383
vn -0.0054868 -0.4436722 -4.6734233
v 0.2191307 10.5640764 5.1632395
vt 416 383
vn -0.0066299 -0.8793529 -4.8607121
f 1461/1461/1461 1462/1462/1462 1463/1463/1463 1464/1464/1464
v 2.7662694 11.1762886 6.5871415
vt 448 352
vn 0.821875 0.7015415 0.4695917
v 2.6453688 11.2439146 6.295351
vt 479 352
vn 3.0597572 3.5533485 -0.3881719
v 2.751991 11.1305952 6.9259443
vt 479 383
vn 5.2912951 1.2824922 -0.2046138
v 2.71644 10.9898043 6.8579626
vt 448 383
vn 5.242713 -2.6677444 -0.5336816
f 1465/1465/1465 1466/1466/1466 1467/1467/1467 1468/1468/1468
v 0.0179361 0.3594832 5.6075969
vt 480 352
vn -1.8174 2.1858473 -4.4854674
v -0.2560364 0.5119627 5.6918926
vt 511 352
vn -1.686904 0.8983763 -1.2656667
v 0.2094641 0.5752348 5.794559
vt 511 383
vn 0.2430514 3.2063892 -4.0030479
v 0.2377155 0.527546 5.4981956
vt 480 383
vn 0.4477817 0.9978569 -2.2470467
f 1469/1469/1469 1470/1470/1470 1471/1471/1471 1472/1472/1472
v 2.9682677 5.9813695 8.5368605
vt 512 352
vn 4.5000558 -1.016587 -2.8419292
v 3.0408945 6.5114121 8.818099
vt 543 352
vn 5.2880678 1.619025 -1.3542998
v 2.9339159 6.7494378 9.4348669
vt 543 383
vn 5.5250969 2.2957199 0.8099131
v 3.1078455 6.0554271 9.2986832
vt 512 383
vn 5.8612204 -0.2749006 0.3412804
f 1473/1473/1473 1474/1474/1474 1475/1475/1475 1476/1476/1476
v -0.5743551 9.2003822 5.5839872
vt 544 352
vn 1.8409771 -4.9872751 -1.9771069
v -0.8353338 9.1119928 5.6603389
vt 575 352
vn 1.5880945 -3.6451063 -4.472014
v -1.1136544 9.1727552 5.564456
vt 575 383
vn 0.3313871 -3.8936377 -4.779582
v -0.7471567 9.3466778 5.37286
vt 544 383
vn 0.3237016 -4.1550326 -4.3967452
f 1477/1477/1477 1478/1478/1478 1479/1479/1479 1480/1480/1480
v 0.0323642 4.0809655 10.3788853
vt 576 352
vn -0.4663854 -5.7370629 1.5404025
v 0.4587194 4.4404883 11.0689335
vt 607 352
vn 0.4516228 -4.3804588 3.9006567
v 0.0052788 4.781146 11.3477612
vt 607 383
vn 0.0610252 -3.144897 5.0786958
v -0.6704236 4.3613739 10.7611504
vt 576 383
vn -1.7785062 -4.9772229 2.5246749
f 1481/1481/1481 1482/1482/1482 1483/1483/1483 1484/1484/1484
v -1.6552821 1.7268108 6.9413581
vt 608 352
vn -5.5574026 -1.5444213 0.5453253
v -1.5069791 2.2955258 7.4187245
vt 639 352
vn -4.8025422 -0.2539376 3.7667608
v -1.717285 3.4405951 7.1362567
vt 639 383
vn -5.3047609 0.047028 3.1370995
v -1.7937911 2.3467178 6.8733883
vt 608 383
vn -5.7641153 -1.0188448 1.2801946
f 1485/1485/1485 1486/1486/1486 1487/1487/1487 1488/1488/1488
v -0.8940806 7.6872821 10.913928
vt 640 352
vn 1.8154317 0.7719237 5.0433683
v -0.5353661 7.255373 10.5398188
vt 671 352
vn 4.6515164 2.3389928 3.0635061
v -0.3927453 7.5837603 10.1226349
vt 671 383
vn 5.9554062 0.5233779 1.0476024
v -0.6978897 8.0300674 10.6301136
vt 640 383
vn 4.9582891 0.7845902 3.6314766
f 1489/1489/1489 1490/1490/1490 1491/1491/1491 1492/1492/1492
v 1.3044606 0.5682266 6.2896552
vt 672 352
vn 3.7257864 1.4432673 -4.4737029
v 0.999936 0.3393609 5.9652138
vt 703 352
vn 2.9524462 2.9223769 -4.1742082
v 0.5942052 0.3744515 5.6777906
vt 703 383
vn 1.8309617 4.5413594 -3.8494656
v 0.9316832 0.784041 5.9967084
vt 672 383
vn 3.014667 -0.9862826 -5.108006
f 1493/1493/1493 1494/1494/1494 1495/1495/1495 1496/1496/1496
v 1.9439826 9.6690979 7.5739646
vt 704 352
vn 0.1559818 -6.2734199 -0.060296
v 1.3707013 9.652626 7.9721355
vt 735 352
vn -0.0705482 -6.2717242 -0.2247944
v 0.8917028 9.6638517 7.946044
vt 735 383
vn -0.1399271 -6.2771916 0.0304363
v 1.2796018 9.6348257 7.26474
vt 704 383
vn 0.3785393 -5.9070621 1.5452164
f 1497/1497/1497 1498/1498/1498 1499/1499/1499 1500/1500/1500
v 1.6863248 -0.6857357 6.1599131
vt 736 352
vn 5.0079126 1.0012867 -3.4411464
v 1.8600816 -0.308265 6.3103604
vt 767 352
vn 4.617898 -0.0143 -2.8712392
v 1.8450209 -0.7034159 6.551692
vt 767 383
vn 6.1274714 -0.4661081 -1.0884265
v 1.7761593 -1.0380633 6.1958628
vt 736 383
vn 5.6417909 -0.5840425 -1.5887986
f 1501/1501/1501 1502/1502/1502 1503/1503/1503 1504/1504/1504
v 2.3718534 9.2422962 8.9607944
vt 768 352
vn 1.9240437 -2.0283952 -2.1777363
v 2.3051574 9.1376219 9.4396553
vt 799 352
vn 5.0642066 -3.185107 -1.0906036
v 2.1404333 9.1275501 9.1159821
vt 799 383
vn 2.5228739 -5.2425537 -1.8425707
v 2.1589882 9.5860863 8.8140898
vt 768 383
vn 2.6434622 -3.434063 -2.349324
f 1505/1505/1505 1506/1506/1506 1507/1507/1507 1508/1508/1508
v -1.5748161 6.7721944 6.4829931
vt 800 352
vn -5.6560783 0.3159889 1.4888309
v -1.459273 7.49997 5.9426532
vt 831 352
vn -4.6780586 0.2424719 -3.3736334
v -1.6478422 5.7903638 6.5032783
vt 831 383
vn -5.653378 0.8351051 1.6037071
v -1.2270828 6.0351944 6.9885073
vt 800 383
vn -4.4101667 0.7908964 4.3691163
f 1509/1509/1509 1510/1510/1510 1511/1511/1511 1512/1512/1512
v -0.9911216 -0.6637969 6.1976037
vt 832 352
vn -5.134304 1.5910665 -3.1109138
v -1.0353884 -1.0590802 6.1028352
vt 863 352
vn -5.8536625 0.5035093 -2.1934602
v -1.1409019 -1.0111458 6.4409757
vt 863 383
vn -5.4701905 -1.5991478 -1.5404168
v -1.1361779 -0.5894452 6.4483161
vt 832 383
vn -5.6994123 -0.0720944 -2.5783892
f 1513/1513/1513 1514/1514/1514 1515/1515/1515 1516/1516/1516
v 0.2633373 10.7941189 5.2889843
vt 864 352
vn 0.3354449 0.0517355 -5.4429402
v -0.6800259 10.7512321 5.2363825
vt 895 352
vn -0.5942652 0.420015 -5.9795504
v -0.6404546 11.1290884 5.1396737
vt 895 383
vn -0.2047035 0.6560122 -5.7971988
v 0.054098 10.9838247 5.1173897
vt 864 383
vn 0.4058506 -0.9035331 -5.3192358
f 1517/1517/1517 1518/1518/1518 1519/1519/1519 1520/1520/1520
v -1.5748161 6.7721944 6.4829931
vt 896 352
vn -5.6560783 0.3159889 1.4888309
v -1.4864677 8.11553 6.5579715
vt 927 352
vn -5.5672913 -0.0757522 2.3187757
v -1.5813402 8.9807453 6.6037636
vt 927 383
vn -5.2080903 0.1730493 2.4349279
v -1.5092616 8.4347019 6.1432996
vt 896 383
vn -5.7928047 -0.4773901 -1.7385918
f 1521/1521/1521 1522/1522/1522 1523/1523/1523 1524/1524/1524
v 0.722725 -1.2226905 8.3751125
vt 928 352
vn 2.3351271 -1.9427232 5.476047
v 0.6958553 -1.5284785 8.247324
vt 959 352
vn 2.5474455 -2.7046909 5.048821
v 1.0673643 -1.6402568 8.0120621
vt 959 383
vn 2.7225261 -2.7802391 4.9014645
v 1.2060742 -1.2712266 8.1400671
vt 928 383
vn 3.0431395 -2.1986206 4.9230824
f 1525/1525/1525 1526/1526/1526 1527/1527/1527 1528/1528/1528
v 0.3602766 0.1267013 8.6257391
vt 960 352
vn 0.6483039 0.3061719 5.9571118
v 0.8339563 0.3761266 8.4447155
vt 991 352
vn 2.3116724 1.3308315 5.4421902
v 0.8837773 0.9162911 8.3062
vt 991 383
vn 2.9417577 0.8115298 5.4545455
v 0.640698 0.5559661 8.4355183
vt 960 383
vn 2.5879712 0.9302506 5.5387464
f 1529/1529/1529 1530/1530/1530 1531/1531/1531 1532/1532/1532
v 0.1117783 6.9576163 10.0052633
vt 992 352
vn -0.8675978 5.4747519 -0.9021751
v 0.2235546 6.7861915 10.7126064
vt 1023 352
vn -0.5596006 5.2205601 3.0804729
v 0.5118565 6.9512882 10.3524523
vt 1023 383
vn -1.6633636 5.7566967 1.0782316
v 0.4047287 6.813684 9.6323442
vt 992 383
vn 0.7151984 5.9128962 -1.7359785
f 1533/1533/1533 1534/1534/1534 1535/1535/1535 1536/1536/1536
v 1.2002891 4.7716894 11.2159805
vt 0 384
vn 1.5517262 -3.5139706 4.3692479
v 1.0599459 5.3065166 11.4759569
vt 31 384
vn 0.8197986 -1.2241209 5.7963486
v 0.3786738 4.9079046 11.3146791
vt 31 415
vn 0.7359012 -2.6292005 5.6378198
v 0.4587194 4.4404883 11.0689335
vt 0 415
vn 0.4516228 -4.3804588 3.9006567
f 1537/1537/1537 1538/1538/1538 1539/1539/1539 1540/1540/1540
v 1.2542537 11.2434769 5.1932297
vt 32 384
vn -0.1636839 4.0287976 -3.0082901
v 1.7828457 11.1498623 5.1241546
vt 63 384
vn -0.0299917 1.0178345 -5.564117
v 1.0102755 11.0251389 5.1492429
vt 63 415
vn -0.1884916 -0.4505951 -6.0299888
v 0.6406015 11.2268114 5.1872492
vt 32 415
vn -0.1726125 2.0898874 -5.2158442
f 1541/1541/1541 1542/1542/1542 1543/1543/1543 1544/1544/1544
v -1.4101386 -1.4334651 7.4103732
vt 64 384
vn -4.8678756 -1.7440646 3.2275479
v -1.4742858 -1.135759 7.4354291
vt 95 384
vn -5.5437441 -0.7861619 1.6565214
v -1.4237187 -1.3805952 7.1366415
vt 95 415
vn -4.9883003 -0.1895874 -3.2149229
v -1.7227868 -1.3126962 7.1914902
vt 64 415
vn -0.6046506 0.0111112 -0.24929
f 1545/1545/1545 1546/1546/1546 1547/1547/1547 1548/1548/1548
v 0.8663933 -2.9614742 6.6924849
vt 96 384
vn 1.2780849 -4.6192708 -1.3019443
v 0.9114888 -2.58869 6.4772978
vt 127 384
vn 0.7646303 -4.1372137 -4.0984254
v 1.159947 -2.3546813 6.033381
vt 127 415
vn 2.360666 -4.4640837 -2.6595418
v 1.21513 -2.4710884 6.3955317
vt 96 415
vn 3.0382249 -3.5182912 -3.6041915
f 1549/1549/1549 1550/1550/1550 1551/1551/1551 1552/1552/1552
v -1.2259207 -0.2289454 8.0781021
vt 128 384
vn -3.727349 -0.0702757 4.0183311
v -0.9552729 -0.3092592 8.1923828
vt 159 384
vn -2.9789455 -0.2847018 5.5091805
v -0.9979711 0.0847734 8.1565037
vt 159 415
vn -3.6487777 0.5438191 5.0340571
v -1.3031965 -0.0448947 7.8788333
vt 128 415
vn -5.0020905 0.8111993 3.6689665
f 1553/1553/1553 1554/1554/1554 1555/1555/1555 1556/1556/1556
v 1.3447889 6.097384 7.137424
vt 160 384
vn 2.3542681 1.5348519 5.4366426
v 1.5816731 6.1290188 6.9445386
vt 191 384
vn 4.6672893 0.8757727 3.9918888
v 1.6796459 7.1562839 6.575644
vt 191 415
vn 5.5505562 0.5483052 2.6445882
v 1.4367099 6.611845 6.9995289
vt 160 415
vn 2.7850723 0.8821993 5.0666518
f 1557/1557/1557 1558/1558/1558 1559/1559/1559 1560/1560/1560
v -2.1915586 10.3712387 7.1826315
vt 192 384
vn -5.7198939 0.7812891 0.2815378
v -2.1571815 10.4209909 7.5721645
vt 223 384
vn -4.9890413 -0.7257475 0.2239134
v -2.2996731 10.5667105 7.7387967
vt 223 415
vn -4.6905355 -0.2145839 0.046561
v -2.3278267 10.5824432 6.5470357
vt 192 415
vn -4.5108252 -0.1110022 0.0838156
f 1561/1561/1561 1562/1562/1562 1563/1563/1563 1564/1564/1564
v 1.470961 8.4145737 10.7041836
vt 224 384
vn -3.5221868 0.7751808 4.8516822
v 1.7028666 8.4357662 10.7567835
vt 255 384
vn 2.0704033 0.5599631 5.097178
v 2.1277735 8.9047947 10.2088995
vt 255 415
vn 5.2633553 0.1967844 3.1880956
v 1.6545081 8.9046593 10.7722378
vt 224 415
vn 0.5208012 0.0571364 4.4320421
f 1565/1565/1565 1566/1566/1566 1567/1567/1567 1568/1568/1568
v 0.2985592 -1.6381383 5.1553187
vt 256 384
vn 0.4125881 -5.3550968 0.8533768
v 0.2729014 -1.6193513 5.5166512
vt 287 384
vn 0.2145558 -4.0590706 -3.9604282
v -0.3745954 -1.6231073 5.558054
vt 287 415
vn -2.3544574 0.1623618 -4.4711041
v -0.1026302 -1.312364 5.5270538
vt 256 415
vn -2.1481106 -2.9944291 -2.0261302
f 1569/1569/1569 1570/1570/1570 1571/1571/1571 1572/1572/1572
v -0.4881511 8.9170847 10.0357542
vt 288 384
vn 5.9599838 0.1437897 1.1116444
v -0.4333994 9.2071657 9.8003101
vt 319 384
vn 5.8054824 -1.5954679 -0.2380118
v -0.5853232 9.30758 10.3265638
vt 319 415
vn 4.8831515 -1.3612778 3.3932395
v -0.6573805 9.0912304 10.39921
vt 288 415
vn 5.0494423 0.1858452 3.548121
f 1573/1573/1573 1574/1574/1574 1575/1575/1575 1576/1576/1576
v -0.6037544 -1.1663642 8.2535982
vt 320 384
vn -2.4509454 -1.8281493 5.3906226
v -0.6298488 -0.6730745 8.3453665
vt 351 384
vn -2.4623125 -0.6044784 5.6975226
v -1.1763526 -1.2910016 7.7975221
vt 351 415
vn -4.2873473 -1.8426478 4.1113577
v -0.9206949 -1.5130373 7.9303923
vt 320 415
vn -3.3679919 -2.2780318 4.6171536
f 1577/1577/1577 1578/1578/1578 1579/1579/1579 1580/1580/1580
v -1.8517867 7.5301313 9.6358824
vt 352 384
vn -5.212945 2.9350543 -1.0057502
v -2.4931767 6.5565538 9.5489655
vt 383 384
vn -5.4614873 1.7883087 0.6952843
v -2.0358391 6.819654 10.2342663
vt 383 415
vn -4.9457145 2.3180325 3.0043685
v -1.8287635 7.4030085 10.2274227
vt 352 415
vn -5.6102629 1.8935571 1.9557706
f 1581/1581/1581 1582/1582/1582 1583/1583/1583 1584/1584/1584
v 2.0338378 9.1283989 8.8306026
vt 384 384
vn 1.7223237 -3.0634115 -2.6136806
v 2.1589882 9.5860863 8.8140898
vt 415 384
vn 2.6434622 -3.434063 -2.349324
v 2.1404333 9.1275501 9.1159821
vt 415 415
vn 2.5228739 -5.2425537 -1.8425707
v 1.8215096 8.9998684 9.0834217
vt 384 415
vn 1.6623918 -4.4876184 -3.8357751
f 1585/1585/1585 1586/1586/1586 1587/1587/1587 1588/1588/1588
v 0.9765083 -1.3020148 5.6575246
vt 416 384
vn 2.7401087 -1.8719114 -3.2118831
v 0.2985592 -1.6381383 5.1553187
vt 447 384
vn 0.4125881 -5.3550968 0.8533768
v 0.0616551 -1.6454318 4.7679496
vt 447 415
vn -0.9896978 -2.034971 -1.8591251
v 1.0699539 -1.1949663 5.0144448
vt 416 415
vn 3.1768417 -1.5574758 -2.2618544
f 1589/1589/1589 1590/1590/1590 1591/1591/1591 1592/1592/1592
v -0.2170011 -2.7079532 6.6788311
vt 448 384
vn -1.7519672 -4.4993048 -3.8600349
v 0.0867386 -2.6444335 6.446373
vt 479 384
vn -2.3687842 -4.5255551 -3.3346362
v 0.3810242 -2.8514996 6.402379
vt 479 415
vn -0.1608853 -3.7987409 -3.8636811
v 0.3048024 -3.0197473 6.6527624
vt 448 415
vn -0.8747485 -4.7800865 -3.3222818
f 1593/1593/1593 1594/1594/1594 1595/1595/1595 1596/1596/1596
v -0.5981789 8.6624746 9.5662079
vt 480 384
vn 4.5258589 -0.2928806 -3.7051811
v -0.4209428 8.3505898 9.9897118
vt 511 384
vn 5.7987165 0.5742427 0.3017739
v -0.3927453 7.5837603 10.1226349
vt 511 415
vn 5.9554062 0.5233779 1.0476024
v -0.4349629 7.7264352 9.7418842
vt 480 415
vn 5.6344285 0.7205561 -2.1582367
f 1597/1597/1597 1598/1598/1598 1599/1599/1599 1600/1600/1600
v 1.7539427 7.2922564 6.1967955
vt 512 384
vn 5.8197937 0.611983 -0.9103923
v 1.7474864 6.0397696 5.8338871
vt 543 384
vn 4.6334176 0.9938191 -3.7674696
v 1.2416314 6.703361 5.6346526
vt 543 415
vn 0.5633855 0.6306366 -5.8119988
v 1.463582 7.9540358 5.8474088
vt 512 415
vn 3.1766644 0.5687504 -4.7197471
f 1601/1601/1601 1602/1602/1602 1603/1603/1603 1604/1604/1604
v -2.4213271 9.6988945 6.4937453
vt 544 384
vn -3.5602317 -2.7126038 0.1460681
v -2.389179 10.0429659 7.0727453
vt 575 384
vn -5.8135171 1.6129109 0.1479813
v -2.1459713 10.4238253 6.4460011
vt 575 415
vn -4.4723597 -0.5900269 0.1286851
v -2.3513043 10.1335888 6.4703016
vt 544 415
vn -5.659586 2.3946309 0.2310929
f 1605/1605/1605 1606/1606/1606 1607/1607/1607 1608/1608/1608
v -1.1458505 -0.6357483 8.068224
vt 576 384
vn -3.8421264 -0.6111656 4.7093992
v -1.3692995 -0.9264985 7.7462411
vt 607 384
vn -4.87046 -1.3718907 3.4711967
v -0.9166684 -0.8949609 8.175437
vt 607 415
vn -3.2068982 -1.3779272 5.0522518
v -0.9552729 -0.3092592 8.1923828
vt 576 415
vn -2.9789455 -0.2847018 5.5091805
f 1609/1609/1609 1610/1610/1610 1611/1611/1611 1612/1612/1612
v -1.3314002 0.8347505 7.6781616
vt 608 384
vn -4.7128048 2.2657239 2.8364737
v -1.2910845 1.0389718 7.3449225
vt 639 384
vn -4.7032585 1.5204687 2.7325885
v -1.4632496 1.2308605 7.0741878
vt 639 415
vn -5.5109167 -1.5876123 0.1222591
v -1.5186722 0.7826401 7.2905617
vt 608 415
vn -5.3585978 1.2559522 0.340872
f 1613/1613/1613 1614/1614/1614 1615/1615/1615 1616/1616/1616
v -0.172938 5.719347 11.4405823
vt 640 384
vn 0.070641 1.4099579 6.0734401
v 0.178081 5.3496771 11.5329714
vt 671 384
vn 0.1062829 -0.478034 5.9471412
v 0.5468125 5.8928609 11.3859777
vt 671 415
vn -0.1311957 2.1591792 5.8555274
v 0.1960661 5.9785547 11.4059973
vt 640 415
vn -0.0788301 2.3712111 5.5194702
f 1617/1617/1617 1618/1618/1618 1619/1619/1619 1620/1620/1620
v 1.8869864 6.7386556 10.9845953
vt 672 384
vn 2.1837254 3.0441775 4.8987837
v 1.0016814 6.7162533 11.1798563
vt 703 384
vn -1.0660771 3.3070769 4.4019961
v 1.64491 6.2935638 11.3365841
vt 703 415
vn 1.3613468 1.7702959 5.4203458
v 2.1207356 6.1021657 11.1518259
vt 672 415
vn 3.479676 0.6438718 4.702558
f 1621/1621/1621 1622/1622/1622 1623/1623/1623 1624/1624/1624
v 0.4965602 6.7810993 6.5696812
vt 704 384
vn -5.4744921 0.9484593 1.8182302
v 0.8638358 7.0733929 6.91608
vt 735 384
vn -3.0119452 0.4247835 5.2693758
v 1.1396034 7.3441401 7.0124331
vt 735 415
vn -0.807534 0.3257559 5.8183708
v 0.6931432 7.5152607 6.7431874
vt 704 415
vn -4.4811802 0.5586381 3.8845131
f 1625/1625/1625 1626/1626/1626 1627/1627/1627 1628/1628/1628
v -1.8405075 9.5992355 5.7155704
vt 736 384
vn -3.2793112 -4.4368625 -1.1000155
v -1.6159868 9.6896362 5.12042
vt 767 384
vn -0.728895 -3.0517437 -4.5959058
v -1.4306961 9.3216124 5.5008874
vt 767 415
vn -2.5968153 -3.9458437 -3.9499793
v -1.7045646 9.3704729 5.6161098
vt 736 415
vn -4.0161061 -3.5034595 -2.4279847
f 1629/1629/1629 1630/1630/1630 1631/1631/1631 1632/1632/1632
v -1.2957491 8.6485729 5.8386111
vt 768 384
vn -2.9375589 -1.105872 -5.1511378
v -1.5092616 8.4347019 6.1432996
vt 799 384
vn -5.7928047 -0.4773901 -1.7385918
v -1.5813402 8.9807453 6.6037636
vt 799 415
vn -5.2080903 0.1730493 2.4349279
v -1.6663206 8.9823284 6.1107912
vt 768 415
vn -5.2111487 -0.6092919 -1.5035161
f 1633/1633/1633 1634/1634/1634 1635/1635/1635 1636/1636/1636
v -0.6037544 -1.1663642 8.2535982
vt 800 384
vn -2.4509454 -1.8281493 5.3906226
v -0.5596338 -1.6414132 8.0602722
vt 831 384
vn -2.2701626 -2.7827191 5.0891733
v -0.2330119 -1.3920013 8.2906981
vt 831 415
vn -1.8540455 -2.3924446 5.4891677
v -0.2559122 -1.0317925 8.4072142
vt 800 415
vn -1.8514465 -1.5601267 5.7810211
f 1637/1637/1637 1638/1638/1638 1639/1639/1639 1640/1640/1640
v 0.2261199 2.1425757 8.3256207
vt 832 384
vn -0.0507819 1.2684691 5.8687334
v 0.3605995 1.6847346 8.3663025
vt 863 384
vn 0.9122931 0.3414928 5.9925542
v 1.2145513 1.6348497 7.9858394
vt 863 415
vn 3.4048808 0.2161151 5.2157493
v 0.7232741 2.0269649 8.2301989
vt 832 415
vn 2.2323422 0.6283507 5.7001057
f 1641/1641/1641 1642/1642/1642 1643/1643/1643 1644/1644/1644
v 1.4583799 9.0611343 5.7471519
vt 864 384
vn 2.4464931 0.3052062 -4.6687775
v 1.5756335 9.2219744 5.8841043
vt 895 384
vn 2.8513675 -2.6030352 -3.956084
v 1.7505621 9.0892534 6.0849609
vt 895 415
vn 5.2492304 -1.91783 -2.0844464
v 1.5425136 8.6745443 5.9761591
vt 864 415
vn 4.6665258 -0.9854602 -3.7927973
f 1645/1645/1645 1646/1646/1646 1647/1647/1647 1648/1648/1648
v -1.8371121 5.0199275 10.0931492
vt 896 384
vn -3.5800936 -4.83284 0.2800821
v -1.5961969 4.9394155 10.6416235
vt 927 384
vn -3.8636367 -4.3255839 1.7736619
v -1.9149811 5.2987366 10.6556997
vt 927 415
vn -4.5433078 -2.8222592 2.6869097
v -2.1761847 5.450007 10.3137732
vt 896 415
vn -4.8938251 -2.6705918 1.9423342
f 1649/1649/1649 1650/1650/1650 1651/1651/1651 1652/1652/1652
v 0.2191307 10.5640764 5.1632395
vt 928 384
vn -0.0066299 -0.8793529 -4.8607121
v -0.5949098 10.5632229 5.1471534
vt 959 384
vn -0.3944931 -1.1931331 -4.4047995
v -0.6800259 10.7512321 5.2363825
vt 959 415
vn -0.5942652 0.420015 -5.9795504
v 0.2633373 10.7941189 5.2889843
vt 928 415
vn 0.3354449 0.0517355 -5.4429402
f 1653/1653/1653 1654/1654/1654 1655/1655/1655 1656/1656/1656
v 0.2640909 -0.6282801 4.9951305
vt 960 384
vn -0.3531007 3.7243509 -1.7308348
v 0.818948 -0.6193954 5.1631851
vt 991 384
vn 0.6855996 4.2080717 -2.0870705
v 0.8162653 -0.9321076 4.9391103
vt 991 415
vn 2.3230147 2.5058475 -4.9248371
v 0.2465568 -0.9175953 4.8645229
vt 960 415
vn -0.456844 2.2514651 -5.6662016
f 1657/1657/1657 1658/1658/1658 1659/1659/1659 1660/1660/1660
v -1.2378374 5.0497975 9.5146103
vt 992 384
vn -2.5272937 -2.4296331 -2.5060587
v -1.2061226 4.7579384 9.4087458
vt 1023 384
vn -2.5834455 -0.5478902 -3.2715831
v -1.081682 4.4285793 10.2669582
vt 1023 415
vn -3.2797976 -4.9153123 0.5397025
v -1.4063419 4.8251624 9.7836475
vt 992 415
vn -3.5357168 -4.6687722 -1.7206312
f 1661/1661/1661 1662/1662/1662 1663/1663/1663 1664/1664/1664
v 0.7405542 8.6403589 6.6979284
vt 0 416
vn -4.7529974 -0.4374526 3.7511599
v 0.5939207 9.3000984 6.6945052
vt 31 416
vn -4.6817713 -2.5651679 2.9683051
v 0.5085245 9.2533312 6.2686396
vt 31 447
vn -5.515882 -2.4882925 -0.4957566
v 0.5746207 8.6825209 6.2233591
vt 0 447
vn -5.7466712 -0.1542217 -0.7788576
f 1665/1665/1665 1666/1666/1666 1667/1667/1667 1668/1668/1668
v 0.5221684 7.4388018 6.2723918
vt 32 416
vn -5.8534927 0.5395494 -0.4341276
v 0.4965602 6.7810993 6.5696812
vt 63 416
vn -5.4744921 0.9484593 1.8182302
v 0.6931432 7.5152607 6.7431874
vt 63 447
vn -4.4811802 0.5586381 3.8845131
v 0.6277723 8.1038465 6.5792923
vt 32 447
vn -5.0414267 0.3393207 3.1210654
f 1669/1669/1669 1670/1670/1670 1671/1671/1671 1672/1672/1672
v 1.3284473 6.0823674 5.5581117
vt 64 416
vn 1.3654482 1.1071955 -5.649765
v 1.8487684 5.5742683 5.7788644
vt 95 416
vn 4.8362656 1.1475626 -2.9982684
v 1.9547986 5.4045324 6.1344967
vt 95 447
vn 6.082406 1.0891136 -0.8143694
v 1.5287533 5.4950833 5.5160828
vt 64 447
vn 2.6755383 0.8618432 -5.4066453
f 1673/1673/1673 1674/1674/1674 1675/1675/1675 1676/1676/1676
v 1.1636405 5.0307012 5.3349538
vt 96 416
vn 1.0896308 1.6416361 -5.7943759
v 0.908794 4.4898252 5.1390667
vt 127 416
vn 1.89477 1.9099817 -5.6536989
v 0.3025613 4.7415185 5.0057135
vt 127 447
vn 0.4579698 2.8948746 -5.2020602
v 0.6636956 5.0223217 5.3064895
vt 96 447
vn 1.2425011 3.0757179 -5.2938266
f 1677/1677/1677 1678/1678/1678 1679/1679/1679 1680/1680/1680
v 2.4684331 10.4274874 5.4897914
vt 128 416
vn 4.9045525 -0.6767769 -0.0875528
v 2.3867195 10.4145832 6.3253713
vt 159 416
vn 4.7849164 0.4452308 0.0569477
v 2.690618 10.1114864 6.5042572
vt 159 447
vn 5.3546958 2.6897469 -0.1487044
v 2.6936126 10.0913677 6.1021118
vt 128 447
vn 5.4882212 2.5429561 0.1012629
f 1681/1681/1681 1682/1682/1682 1683/1683/1683 1684/1684/1684
v 0.0114481 5.7260952 5.7334285
vt 160 416
vn -1.4577215 3.9930799 -4.6016698
v 0.2655662 5.9636383 5.8776512
vt 191 416
vn 0.2256939 4.1107392 -4.4277897
v 0.6195915 5.496706 5.6417651
vt 191 447
vn -0.3279333 2.7984939 -5.0515151
v 0.22394 5.3871398 5.3895779
vt 160 447
vn -0.0333375 3.3854027 -4.8219752
f 1685/1685/1685 1686/1686/1686 1687/1687/1687 1688/1688/1688
v -1.7363863 9.6240749 6.7649441
vt 192 416
vn -2.4094403 -4.721199 1.6997935
v -1.9555386 9.6183643 6.3415842
vt 223 416
vn -3.2226276 -4.5730014 0.5889609
v -1.8588185 9.2983837 6.3130641
vt 223 447
vn -4.0071034 -3.0171666 1.0398033
v -1.6854883 9.1485987 6.2623639
vt 192 447
vn -5.3149495 -2.669574 0.5602809
f 1689/1689/1689 1690/1690/1690 1691/1691/1691 1692/1692/1692
v 0.8632342 5.8049364 5.5894437
vt 224 416
vn -2.6096272 1.2845687 -5.4325409
v 1.1197946 5.4550605 5.417994
vt 255 416
vn -0.6609487 1.1314217 -5.842083
v 0.6195915 5.496706 5.6417651
vt 255 447
vn -0.3279333 2.7984939 -5.0515151
v 0.5085476 5.9540815 5.9537101
vt 224 447
vn -1.7514588 2.6368275 -4.2180071
f 1693/1693/1693 1694/1694/1694 1695/1695/1695 1696/1696/1696
v -0.6379573 -1.3075832 6.0491157
vt 256 416
vn -3.9401178 -2.2466285 -2.5718496
v -0.8701866 -1.0456959 5.7126155
vt 287 416
vn -4.1748548 -1.855942 -2.553412
v -0.3054976 -1.3080076 5.7124519
vt 287 447
vn -3.0628209 -1.6625233 -2.5605803
v -0.6251901 -1.8061054 5.766212
vt 256 447
vn -3.8220189 -0.2529834 -3.9892328
f 1697/1697/1697 1698/1698/1698 1699/1699/1699 1700/1700/1700
v -1.7943202 9.5774755 10.7596321
vt 288 416
vn -0.4502278 -3.0634665 3.5853498
v -1.9097611 9.5186224 10.2895088
vt 319 416
vn -2.7301779 -4.9591622 1.7687477
v -1.6209793 9.2342262 10.3714228
vt 319 447
vn -4.2430325 -2.1494653 4.0409756
v -1.5616814 9.5106525 10.5630169
vt 288 447
vn -1.5245959 -4.1875682 3.6043315
f 1701/1701/1701 1702/1702/1702 1703/1703/1703 1704/1704/1704
v -1.3189741 10.5713148 5.1407623
vt 320 416
vn 0.8687006 -0.5694786 -3.1967614
v -2.1575983 10.5887547 5.1474738
vt 351 416
vn -1.2981974 -0.2662951 -3.1855388
v -2.3861246 10.5586576 5.5098348
vt 351 447
vn -3.5704532 -0.5658408 -0.576023
v -2.1931427 10.7453804 5.2846761
vt 320 447
vn -3.8416836 -0.2039901 -3.608269
f 1705/1705/1705 1706/1706/1706 1707/1707/1707 1708/1708/1708
v -0.5596338 -1.6414132 8.0602722
vt 352 416
vn -2.2701626 -2.7827191 5.0891733
v -0.1982963 -2.0553088 7.9505944
vt 383 416
vn -1.3982229 -3.627516 4.7505498
v -0.0100253 -1.6689574 8.2147427
vt 383 447
vn -1.7987405 -3.0477409 5.1802649
v -0.2330119 -1.3920013 8.2906981
vt 352 447
vn -1.8540455 -2.3924446 5.4891677
f 1709/1709/1709 1710/1710/1710 1711/1711/1711 1712/1712/1712
v 0.6480937 1.4739243 5.3123622
vt 384 416
vn 2.1354966 -3.1759748 -4.8622203
v 0.4679124 2.1036599 4.9250412
vt 415 416
vn 1.2575336 -2.3047211 -5.6265502
v 0.5558227 2.743917 4.738399
vt 415 447
vn 1.6008812 -1.4277568 -5.8248682
v 0.8620512 2.1514463 5.0363021
vt 384 447
vn 2.4298825 -2.2777784 -5.2217045
f 1713/1713/1713 1714/1714/1714 1715/1715/1715 1716/1716/1716
v 1.7505621 9.0892534 6.0849609
vt 416 416
vn 5.2492304 -1.91783 -2.0844464
v 1.7382145 9.0523577 6.5402384
vt 447 416
vn 5.3267374 0.0545316 1.77853
v 1.6855316 8.6721039 6.3448939
vt 447 447
vn 5.8620338 -0.8558646 0.2830827
v 1.5425136 8.6745443 5.9761591
vt 416 447
vn 4.6665258 -0.9854602 -3.7927973
f 1717/1717/1717 1718/1718/1718 1719/1719/1719 1720/1720/1720
v -2.3337803 11.0630264 6.3556499
vt 448 416
vn -5.7382383 -0.5175447 -1.1148973
v -2.4251354 11.0795164 6.9037066
vt 479 416
vn -5.4664216 -0.7143909 -0.2140677
v -2.3730822 11.2434273 7.5889797
vt 479 447
vn -3.1304896 3.2056382 0.1620463
v -2.3616428 11.2428331 6.7112784
vt 448 447
vn -3.0621405 3.6786928 -0.440222
f 1721/1721/1721 1722/1722/1722 1723/1723/1723 1724/1724/1724
v 0.5852232 -2.2761736 5.8586383
vt 480 416
vn 0.0822607 -4.1437621 -4.4313054
v 0.563645 -1.7042028 5.6401429
vt 511 416
vn 0.3664081 -2.5070207 -5.5331545
v 1.2357076 -1.7361577 5.5981312
vt 511 447
vn 2.5069251 -0.0058051 -4.2411733
v 0.8940693 -2.0938752 5.6536551
vt 480 447
vn 0.0001281 -2.6683071 -4.779829
f 1725/1725/1725 1726/1726/1726 1727/1727/1727 1728/1728/1728
v 1.5254872 9.7569256 5.0426397
vt 512 416
vn 0.0594151 -2.5504711 -4.2854247
v 0.9131269 9.6787405 5.1035728
vt 543 416
vn -0.1381631 -3.1009948 -4.9072909
v 0.6289862 9.8106089 5.0387745
vt 543 447
vn -0.2587776 -1.5378453 -5.1254354
v 1.1197672 10.1565971 5.0457721
vt 512 447
vn 0.1172368 2.1132028 -5.149384
f 1729/1729/1729 1730/1730/1730 1731/1731/1731 1732/1732/1732
v 2.4475043 7.0964732 8.6530333
vt 544 416
vn 1.3804443 4.0631647 -3.8654935
v 2.3420067 7.6894956 9.5640326
vt 575 416
vn 5.1351461 2.8531015 -1.6190464
v 3.0408945 6.5114121 8.818099
vt 575 447
vn 5.2880678 1.619025 -1.3542998
v 2.7479188 6.8557677 8.6138716
vt 544 447
vn 3.7206657 3.276937 -2.9270535
f 1733/1733/1733 1734/1734/1734 1735/1735/1735 1736/1736/1736
v 0.3602766 0.1267013 8.6257391
vt 576 416
vn 0.6483039 0.3061719 5.9571118
v -0.0577635 -0.0876487 8.5750875
vt 607 416
vn -1.0804735 0.0700508 6.1650643
v -0.2107034 -0.4854413 8.4937353
vt 607 447
vn -1.7293668 -0.6674303 5.9571805
v 0.2315299 -0.1889162 8.6375132
vt 576 447
vn -0.1171236 -0.1085095 6.0542736
f 1737/1737/1737 1738/1738/1738 1739/1739/1739 1740/1740/1740
v 1.4501567 0.696579 8.0471487
vt 608 416
vn 3.6595032 1.073132 4.717802
v 1.6950119 0.5678602 7.8151455
vt 639 416
vn 4.5917115 1.3141083 4.0410504
v 2.0136395 0.6375112 7.3844314
vt 639 447
vn 5.1144471 1.9476203 2.4964027
v 1.7871927 0.8465416 7.5810332
vt 608 447
vn 4.7085228 2.6768477 2.8272133
f 1741/1741/1741 1742/1742/1742 1743/1743/1743 1744/1744/1744
v -1.3384447 5.4247599 11.2772923
vt 640 416
vn -2.6112754 -1.0505109 5.3775511
v -0.9895087 5.1805997 11.3603535
vt 671 416
vn -2.1170552 -1.7350476 5.489532
v -0.6715243 4.9176145 11.3745842
vt 671 447
vn -1.208536 -2.8702235 4.9082518
v -0.7182596 5.4071798 11.4687557
vt 640 447
vn -0.9552231 -0.4019079 6.0614829
f 1745/1745/1745 1746/1746/1746 1747/1747/1747 1748/1748/1748
v 1.403482 11.243824 10.6195965
vt 672 416
vn 0.4062445 4.0723462 2.9630799
v 2.2399094 11.0946102 10.6390657
vt 703 416
vn 2.2137749 1.8497607 3.7754736
v 2.319593 11.2352247 10.4274683
vt 703 447
vn 2.6502388 3.0657089 1.3803985
v 2.645376 11.2439251 9.087471
vt 672 447
vn 3.0870714 3.1219182 0.4998778
f 1749/1749/1749 1750/1750/1750 1751/1751/1751 1752/1752/1752
v -1.0854026 -2.6216412 7.107698
vt 704 416
vn -0.6115108 -1.5581275 -0.0683322
v -0.8563975 -2.5159919 7.162909
vt 735 416
vn -2.1500001 -3.4515412 3.6537662
v -1.0116974 -2.3056417 7.2650547
vt 735 447
vn -1.9721097 -3.12391 4.9845872
v -1.2318172 -2.3884845 7.1660166
vt 704 447
vn -2.616601 -3.0199802 1.1284925
f 1753/1753/1753 1754/1754/1754 1755/1755/1755 1756/1756/1756
v -0.1020105 0.2629225 8.53368
vt 736 416
vn -1.0379301 1.0967709 6.0772891
v -0.2618432 -0.3318602 8.5389519
vt 767 416
vn -1.2807822 -1.2734066 5.558732
v -0.0577635 -0.0876487 8.5750875
vt 767 447
vn -1.0804735 0.0700508 6.1650643
v 0.3602766 0.1267013 8.6257391
vt 736 447
vn 0.6483039 0.3061719 5.9571118
f 1757/1757/1757 1758/1758/1758 1759/1759/1759 1760/1760/1760
v -0.4349629 7.7264352 9.7418842
vt 768 416
vn 5.6344285 0.7205561 -2.1582367
v -0.1578207 6.8193412 9.8998241
vt 799 416
vn 1.8666877 4.2586145 -1.8672713
v -0.3071267 6.4758983 9.5172892
vt 799 447
vn 0.6974087 2.8842268 -2.7858305
v -0.6069999 6.9241633 9.1633787
vt 768 447
vn 4.5588183 1.0430042 -3.9712384
f 1761/1761/1761 1762/1762/1762 1763/1763/1763 1764/1764/1764
v 1.9417834 -0.0208976 7.594275
vt 800 416
vn 4.8761678 0.3181888 3.9426255
v 2.1703277 0.4303749 7.2698779
vt 831 416
vn 4.7474637 1.585324 0.7242641
v 2.0136395 0.6375112 7.3844314
vt 831 447
vn 5.1144471 1.9476203 2.4964027
v 1.9477363 0.3162664 7.5705876
vt 800 447
vn 4.8764315 0.6395821 3.8714223
f 1765/1765/1765 1766/1766/1766 1767/1767/1767 1768/1768/1768
v 1.4114213 9.0052691 8.9991035
vt 832 416
vn -0.8755011 -3.9585979 -4.5186296
v 1.538146 8.6846867 9.2052841
vt 863 416
vn -0.4635336 -2.1749206 -5.2684922
v 1.1912304 9.0035133 9.1726151
vt 863 447
vn -3.7372246 -4.2427244 -2.456044
v 1.0158211 9.1996098 8.9192772
vt 832 447
vn -3.121115 -2.5849113 -2.5884972
f 1769/1769/1769 1770/1770/1770 1771/1771/1771 1772/1772/1772
v -2.4931767 6.5565538 9.5489655
vt 864 416
vn -5.4614873 1.7883087 0.6952843
v -2.0433869 6.3771353 10.7119074
vt 895 416
vn -4.6605253 1.5783683 3.217227
v -1.4945551 6.6195636 11.1541767
vt 895 447
vn -2.5267017 2.4635952 4.2277594
v -2.0358391 6.819654 10.2342663
vt 864 447
vn -4.9457145 2.3180325 3.0043685
f 1773/1773/1773 1774/1774/1774 1775/1775/1775 1776/1776/1776
v -1.081682 4.4285793 10.2669582
vt 896 416
vn -3.2797976 -4.9153123 0.5397025
v -0.3521717 4.0994339 9.4594727
vt 927 416
vn -1.8737949 -5.8323979 1.1573695
v 0.0323642 4.0809655 10.3788853
vt 927 447
vn -0.4663854 -5.7370629 1.5404025
v -0.6704236 4.3613739 10.7611504
vt 896 447
vn -1.7785062 -4.9772229 2.5246749
f 1777/1777/1777 1778/1778/1778 1779/1779/1779 1780/1780/1780
v 0.0280534 2.3888896 8.2295399
vt 928 416
vn -0.7752452 1.019815 6.0954995
v -0.1758097 3.0225344 8.0947495
vt 959 416
vn -1.7395442 -0.8609504 5.7462597
v -0.7645516 2.733459 7.9045601
vt 959 447
vn -2.7882063 0.3689084 5.5751543
v -0.5834776 2.1470964 8.121047
vt 928 447
vn -2.3955667 0.7606915 5.6542368
f 1781/1781/1781 1782/1782/1782 1783/1783/1783 1784/1784/1784
v -0.8353338 9.1119928 5.6603389
vt 960 416
vn 1.5880945 -3.6451063 -4.472014
v -0.5322234 9.2192078 5.888144
vt 991 416
vn 4.5414085 -3.3513205 -1.6044178
v -0.5989407 8.8113184 5.9123569
vt 991 447
vn 4.6698194 -0.7588757 -3.9162691
v -0.8710191 8.3866062 5.788528
vt 960 447
vn 1.7483236 -0.1149284 -5.6563783
f 1785/1785/1785 1786/1786/1786 1787/1787/1787 1788/1788/1788
v 1.330883 -0.3975908 8.2165356
vt 992 416
vn 3.4624541 -0.0983893 5.1543279
v 1.7467508 -0.2417219 7.8809805
vt 1023 416
vn 4.3701806 0.3966221 4.2579937
v 1.4751626 -0.0239591 8.0702887
vt 1023 447
vn 3.8896072 0.2829351 4.908886
v 1.1895468 0.1492107 8.2623634
vt 992 447
vn 3.2250381 0.4958729 5.3517213
f 1789/1789/1789 1790/1790/1790 1791/1791/1791 1792/1792/1792
v -0.4768795 8.2453394 6.656878
vt 0 448
vn 5.3819427 0.1967286 2.5711935
v -0.3717157 9.0582743 6.3707633
vt 31 448
vn 5.8767557 -0.2569476 0.0563544
v -0.5128239 9.2181759 6.7730579
vt 31 479
vn 4.7382474 -1.3905895 3.5230994
v -0.8962272 8.7418137 7.0564561
vt 0 479
vn 1.1599075 -0.2136801 5.4051771
f 1793/1793/1793 1794/1794/1794 1795/1795/1795 1796/1796/1796
v -1.6209793 9.2342262 10.3714228
vt 32 448
vn -4.2430325 -2.1494653 4.0409756
v -1.2686625 9.1632118 10.6305199
vt 63 448
vn -3.0301979 0.1449509 5.3484845
v -0.9380537 9.5008602 10.6340351
vt 63 479
vn 1.4869531 -1.9499049 4.9878411
v -1.5616814 9.5106525 10.5630169
vt 32 479
vn -1.5245959 -4.1875682 3.6043315
f 1797/1797/1797 1798/1798/1798 1799/1799/1799 1800/1800/1800
v -1.4063419 4.8251624 9.7836475
vt 64 448
vn -3.5357168 -4.6687722 -1.7206312
v -1.6022496 4.9852176 9.5861588
vt 95 448
vn -1.5743921 -5.5182705 -1.9187089
v -1.8047059 5.1882334 9.0085325
vt 95 479
vn -0.5885809 -4.7651539 -2.4931972
v -1.2378374 5.0497975 9.5146103
vt 64 479
vn -2.5272937 -2.4296331 -2.5060587
f 1801/1801/1801 1802/1802/1802 1803/1803/1803 1804/1804/1804
v 1.614204 9.2436981 10.8448153
vt 96 448
vn -0.042694 0.6251829 2.6851773
v 1.8637838 9.3014441 10.4364872
vt 127 448
vn 4.4176502 -1.0712456 3.7545331
v 2.3585465 9.540061 10.2339096
vt 127 479
vn 4.6630759 -2.5081279 2.3695915
v 1.887434 9.5416889 10.5510302
vt 96 479
vn 1.4294401 -3.5367727 4.1849976
f 1805/1805/1805 1806/1806/1806 1807/1807/1807 1808/1808/1808
v 1.5889006 5.6599684 7.0714989
vt 128 448
vn 4.5759091 1.631588 3.9071317
v 1.8903055 5.7248807 6.5206256
vt 159 448
vn 5.846559 1.0549656 1.646629
v 1.6796459 7.1562839 6.575644
vt 159 479
vn 5.5505562 0.5483052 2.6445882
v 1.5816731 6.1290188 6.9445386
vt 128 479
vn 4.6672893 0.8757727 3.9918888
f 1809/1809/1809 1810/1810/1810 1811/1811/1811 1812/1812/1812
v -0.0567995 -2.6210432 7.3613558
vt 160 448
vn -2.8326683 -3.5859761 3.9804955
v -0.0237539 -3.0872927 6.9574409
vt 191 448
vn -2.8631866 -4.2617383 -0.6605225
v 0.1581303 -3.1588364 7.3361793
vt 191 479
vn -1.225451 -2.9711583 2.4176903
v 0.2921142 -2.6584468 7.6359415
vt 160 479
vn 0.0379116 -3.1225328 4.2835817
f 1813/1813/1813 1814/1814/1814 1815/1815/1815 1816/1816/1816
v 2.55443 10.2798624 6.9990158
vt 192 448
vn 4.2013345 4.5346603 0.1318492
v 2.5269501 10.2737236 7.5892291
vt 223 448
vn 5.152072 3.5012264 0.0499052
v 2.747328 10.0211658 7.2266998
vt 223 479
vn 5.5988688 1.9527674 0.0561761
v 2.690618 10.1114864 6.5042572
vt 192 479
vn 5.3546958 2.6897469 -0.1487044
f 1817/1817/1817 1818/1818/1818 1819/1819/1819 1820/1820/1820
v 1.0089836 4.1994104 10.3900986
vt 224 448
vn 1.6390414 -5.5140657 1.7066886
v 1.2002891 4.7716894 11.2159805
vt 255 448
vn 1.5517262 -3.5139706 4.3692479
v 0.4587194 4.4404883 11.0689335
vt 255 479
vn 0.4516228 -4.3804588 3.9006567
v 0.0323642 4.0809655 10.3788853
vt 224 479
vn -0.4663854 -5.7370629 1.5404025
f 1821/1821/1821 1822/1822/1822 1823/1823/1823 1824/1824/1824
v -1.3069924 -1.8188565 7.1275802
vt 256 448
vn -3.7447591 -0.0387043 -4.2128205
v -1.5341055 -1.8189958 7.2652864
vt 287 448
vn -3.0518038 -0.5466555 0.4531999
v -1.4237187 -1.3805952 7.1366415
vt 287 479
vn -4.9883003 -0.1895874 -3.2149229
v -1.3278104 -1.5490314 7.0024056
vt 256 479
vn -4.035121 -0.9407125 -4.3870482
f 1825/1825/1825 1826/1826/1826 1827/1827/1827 1828/1828/1828
v 2.642184 10.1255007 5.0132904
vt 288 448
vn 2.2869916 1.9474897 -2.7987518
v 2.1116905 10.1344881 5.0237174
vt 319 448
vn -0.3464006 2.175988 -5.4798036
v 2.4508705 10.4222088 5.2482748
vt 319 479
vn 3.9150681 1.6627856 -3.4415514
v 2.4684331 10.4274874 5.4897914
vt 288 479
vn 4.9045525 -0.6767769 -0.0875528
f 1829/1829/1829 1830/1830/1830 1831/1831/1831 1832/1832/1832
v 2.6264586 10.5938215 8.2180405
vt 320 448
vn 4.2965512 -0.4222783 0.2382667
v 2.4792349 10.7819519 8.0970497
vt 351 448
vn 4.6690536 -0.4696443 0.0703152
v 2.3949847 10.7855349 8.8342695
vt 351 479
vn 3.8970306 -0.1502984 -0.4414581
v 2.5701919 10.5918608 8.8654432
vt 320 479
vn 4.8344393 -0.4435202 -0.713047
f 1833/1833/1833 1834/1834/1834 1835/1835/1835 1836/1836/1836
v 2.3982751 6.7401972 8.3472595
vt 352 448
vn -0.0249389 2.1570299 -4.9376283
v 1.3249042 7.1191936 8.9365215
vt 383 448
vn -3.3350484 1.417017 -4.4034305
v 1.0767761 8.1330805 9.5163784
vt 383 479
vn -4.436873 0.2991045 -4.0618076
v 2.4475043 7.0964732 8.6530333
vt 352 479
vn 1.3804443 4.0631647 -3.8654935
f 1837/1837/1837 1838/1838/1838 1839/1839/1839 1840/1840/1840
v 2.6957335 11.0758238 8.8425951
vt 384 448
vn 5.106411 -0.4181692 -0.3245525
v 2.669667 10.9540939 8.3142271
vt 415 448
vn 5.060111 -2.2396903 0.253898
v 2.6468494 11.2435379 8.1074123
vt 415 479
vn 3.1148231 3.5393357 0.1316857
v 2.645376 11.2439251 9.087471
vt 384 479
vn 3.0870714 3.1219182 0.4998778
f 1841/1841/1841 1842/1842/1842 1843/1843/1843 1844/1844/1844
v -1.3069924 -1.8188565 7.1275802
vt 416 448
vn -3.7447591 -0.0387043 -4.2128205
v -1.2767534 -2.1588535 6.8630543
vt 447 448
vn -2.2612143 -1.0373771 -3.5025804
v -1.5090693 -2.1092498 7.2096796
vt 447 479
vn -2.6228211 -0.8350766 0.5638371
v -1.5341055 -1.8189958 7.2652864
vt 416 479
vn -3.0518038 -0.5466555 0.4531999
f 1845/1845/1845 1846/1846/1846 1847/1847/1847 1848/1848/1848
v 0.8801453 4.0181279 8.879878
vt 448 448
vn 2.4381139 -5.3405118 1.9561906
v 0.3073533 3.5043333 8.4004221
vt 479 448
vn 0.445205 -3.8193932 4.7133093
v 0.3537812 3.0146048 8.2249889
vt 479 479
vn 0.6449571 -0.9341075 5.9982314
v 0.9426506 3.5671461 8.1524916
vt 448 479
vn 2.9703069 -3.0414302 4.3756661
f 1849/1849/1849 1850/1850/1850 1851/1851/1851 1852/1852/1852
v -1.3314002 0.8347505 7.6781616
vt 480 448
vn -4.7128048 2.2657239 2.8364737
v -1.4965099 0.4653306 7.534812
vt 511 448
vn -5.5680213 0.7139383 2.0062363
v -1.5560189 0.1103846 7.5055881
vt 511 479
vn -5.5742464 0.4830293 1.5976021
v -1.2308538 0.4038499 7.8959956
vt 480 479
vn -4.6491814 0.6893381 4.1315265
f 1853/1853/1853 1854/1854/1854 1855/1855/1855 1856/1856/1856
v 1.3278074 5.5609508 7.3370318
vt 512 448
vn 4.1808519 3.1412201 2.1247287
v 0.8985963 6.0772643 7.7098379
vt 543 448
vn 3.5797303 4.9541826 -1.2063428
v 0.3690233 6.4896326 8.1900015
vt 543 479
vn 0.7227297 5.6345415 -0.9126898
v 1.1996183 6.11308 8.7859955
vt 512 479
vn 4.1026454 4.284955 -1.75784
f 1857/1857/1857 1858/1858/1858 1859/1859/1859 1860/1860/1860
v -0.4983022 -2.8212736 6.7819729
vt 544 448
vn -0.5451912 -4.17314 -1.784736
v -0.838824 -2.7574296 7.088985
vt 575 448
vn -1.8573016 -2.087801 0.8802856
v -0.8736831 -2.3639419 6.9093943
vt 575 479
vn -3.5759528 -1.6862506 -4.3481975
v -0.6632663 -2.3856189 6.5453362
vt 544 479
vn -4.3487463 -3.2856717 -2.4775155
f 1861/1861/1861 1862/1862/1862 1863/1863/1863 1864/1864/1864
v 0.7020045 3.9603119 4.8389473
vt 576 448
vn 2.7533834 1.6741241 -5.3610682
v 0.3371052 3.7314296 4.6068001
vt 607 448
vn 1.2436131 0.5952711 -5.8526645
v 0.0149915 3.2573111 4.5860701
vt 607 479
vn -0.8761541 -0.2644362 -5.9039197
v -0.1406698 3.7821763 4.6492801
vt 576 479
vn -2.2505269 0.8680989 -5.4221754
f 1865/1865/1865 1866/1866/1866 1867/1867/1867 1868/1868/1868
v 1.9364496 -1.8923683 7.1905069
vt 608 448
vn 4.4636307 -2.024142 1.4634535
v 1.6335874 -2.1651003 7.2225089
vt 639 448
vn 3.1800406 -3.6402967 3.9471719
v 1.1401659 -2.3231974 7.3811817
vt 639 479
vn 2.4313376 -4.1542354 4.0204434
v 1.5931158 -2.430516 6.9921889
vt 608 479
vn 4.1454272 -3.1544294 0.8589252
f 1869/1869/1869 1870/1870/1870 1871/1871/1871 1872/1872/1872
v -0.8248637 7.6353459 9.2566252
vt 640 448
vn 2.5748975 2.1926622 -4.8487673
v -1.2194276 6.9493709 8.6262741
vt 671 448
vn 2.3963363 2.0925527 -4.7629476
v -1.4099125 7.3669314 8.9226952
vt 671 479
vn -0.2420045 4.2845392 -4.3558936
v -1.4675272 7.6837769 9.3091917
vt 640 479
vn -2.166954 3.2333519 -4.5468388
f 1873/1873/1873 1874/1874/1874 1875/1875/1875 1876/1876/1876
v 2.7662694 11.1762886 6.5871415
vt 672 448
vn 0.821875 0.7015415 0.4695917
v 2.71644 10.9898043 6.8579626
vt 703 448
vn 5.242713 -2.6677444 -0.5336816
v 2.4861958 10.7444792 6.6898198
vt 703 479
vn 5.0952067 -0.0590736 -0.394064
v 2.6478891 11.0331087 6.3067393
vt 672 479
vn 5.7639341 -1.9906055 -0.5726041
f 1877/1877/1877 1878/1878/1878 1879/1879/1879 1880/1880/1880
v -1.9445221 9.6276093 8.9883957
vt 704 448
vn -2.5015297 -4.630353 -1.5793747
v -1.661285 9.6356497 8.8161707
vt 735 448
vn -1.8119786 -3.6605389 -2.6660669
v -1.904598 9.4341097 8.9796915
vt 735 479
vn -3.3718729 -1.9216355 -2.2560964
v -1.8472596 9.4003592 9.3700686
vt 704 479
vn -4.7121801 -3.4805365 -1.0187896
f 1881/1881/1881 1882/1882/1882 1883/1883/1883 1884/1884/1884
v -0.7535881 6.3570552 11.4531088
vt 736 448
vn 0.1158636 1.6532385 5.2353082
v -0.7412115 6.9239025 11.092042
vt 767 448
vn 0.9666069 3.8309345 4.0867057
v -0.5353661 7.255373 10.5398188
vt 767 479
vn 4.6515164 2.3389928 3.0635061
v -1.0674857 7.077527 10.8738565
vt 736 479
vn -1.0783471 0.410025 4.9366026
f 1885/1885/1885 1886/1886/1886 1887/1887/1887 1888/1888/1888
v 1.6522735 -1.1933361 5.8807287
vt 768 448
vn 3.5540905 -2.0927036 -2.403825
v 1.5909963 -1.5251173 6.4209256
vt 799 448
vn 5.6374345 -1.4517872 -1.8958515
v 1.4008635 -1.3295362 6.0323505
vt 799 479
vn 3.0834622 -2.4161954 -3.1086783
v 1.2688855 -0.9990348 5.2716994
vt 768 479
vn 3.9011805 -0.4433318 -2.8099306
f 1889/1889/1889 1890/1890/1890 1891/1891/1891 1892/1892/1892
v -1.4399793 10.5319357 10.7670441
vt 800 448
vn -0.1389892 0.1654233 6.2758346
v -1.7943202 9.5774755 10.7596321
vt 831 448
vn -0.4502278 -3.0634665 3.5853498
v -0.8872251 9.6286621 10.7696533
vt 831 479
vn 0.5896072 -2.5906827 4.7387023
v -0.3471948 10.7539425 10.7739067
vt 800 479
vn 0.1184 0.4066218 6.2467475
f 1893/1893/1893 1894/1894/1894 1895/1895/1895 1896/1896/1896
v -1.2286862 4.2377944 5.2893867
vt 832 448
vn -2.7635703 0.649886 -5.3845496
v -1.4625551 5.4970226 5.6931419
vt 863 448
vn -4.4761114 0.8356288 -4.0167422
v -1.1964462 5.3805828 5.5128455
vt 863 479
vn -2.2399492 0.9620888 -5.7183504
v -0.7057173 4.3615289 5.173676
vt 832 479
vn -1.9422998 1.6172109 -5.7088647
f 1897/1897/1897 1898/1898/1898 1899/1899/1899 1900/1900/1900
v -1.7702596 9.0807648 9.8286619
vt 864 448
vn -5.5289726 -2.6719313 0.1317254
v -1.7875878 9.1945791 10.0908298
vt 895 448
vn -5.0108795 -3.1531208 1.8932867
v -1.95795 9.2996607 9.6841192
vt 895 479
vn -4.0390015 -4.1949568 -0.9767964
v -1.8472596 9.4003592 9.3700686
vt 864 479
vn -4.7121801 -3.4805365 -1.0187896
f 1901/1901/1901 1902/1902/1902 1903/1903/1903 1904/1904/1904
v 2.690618 10.1114864 6.5042572
vt 896 448
vn 5.3546958 2.6897469 -0.1487044
v 2.7540355 9.6922426 6.190959
vt 927 448
vn 3.2653902 -2.6851051 -0.0636414
v 2.4684331 10.4274874 5.4897914
vt 927 479
vn 4.9045525 -0.6767769 -0.0875528
v 2.6936126 10.0913677 6.1021118
vt 896 479
vn 5.4882212 2.5429561 0.1012629
f 1905/1905/1905 1906/1906/1906 1907/1907/1907 1908/1908/1908
v 1.159947 -2.3546813 6.033381
vt 928 448
vn 2.360666 -4.4640837 -2.6595418
v 0.9114888 -2.58869 6.4772978
vt 959 448
vn 0.7646303 -4.1372137 -4.0984254
v 0.8663933 -2.9614742 6.6924849
vt 959 479
vn 1.2780849 -4.6192708 -1.3019443
v 0.5915576 -2.5969982 6.3827891
vt 928 479
vn 1.8432662 -3.871177 -4.0354452
f 1909/1909/1909 1910/1910/1910 1911/1911/1911 1912/1912/1912
v -1.5560189 0.1103846 7.5055881
vt 960 448
vn -5.5742464 0.4830293 1.5976021
v -1.536688 -0.1315251 7.122705
vt 991 448
vn -5.5707383 0.2356071 -2.4240623
v -1.5130701 -0.4400691 7.0829515
vt 991 479
vn -4.9010811 -0.6731592 -3.4024503
v -1.6149651 -0.2806806 7.3723121
vt 960 479
vn -5.7122197 0.2316604 0.3908033
f 1913/1913/1913 1914/1914/1914 1915/1915/1915 1916/1916/1916
v -2.1761847 5.450007 10.3137732
vt 992 448
vn -4.8938251 -2.6705918 1.9423342
v -1.9149811 5.2987366 10.6556997
vt 1023 448
vn -4.5433078 -2.8222592 2.6869097
v -1.6407622 5.3695583 11.0460491
vt 1023 479
vn -4.0057054 -2.1869094 4.0527239
v -1.7769905 5.8806086 11.0936489
vt 992 479
vn -3.7470417 -0.2355175 4.4279552
f 1917/1917/1917 1918/1918/1918 1919/1919/1919 1920/1920/1920
v -1.2517493 9.3941994 8.7148094
vt 0 480
vn 1.5071316 -1.6706194 -4.6263413
v -1.5788527 9.3390903 8.748601
vt 31 480
vn -2.1787429 -2.1530969 -3.0507357
v -1.661285 9.6356497 8.8161707
vt 31 511
vn -1.8119786 -3.6605389 -2.6660669
v -1.4165095 9.639658 8.6773758
vt 0 511
vn -0.3824878 -4.0546713 -3.3260775
f 1921/1921/1921 1922/1922/1922 1923/1923/1923 1924/1924/1924
v 1.8545645 5.2744927 6.8957906
vt 32 480
vn 5.2767997 1.5975035 2.8703041
v 1.8532237 4.7113152 7.1693091
vt 63 480
vn 5.5162072 1.4360697 2.6044176
v 2.0272408 4.4111514 6.9272532
vt 63 511
vn 5.7666721 0.9299095 2.1872256
v 2.0263059 5.0447817 6.5873156
vt 32 511
vn 5.9321437 1.2466098 1.2486296
f 1925/1925/1925 1926/1926/1926 1927/1927/1927 1928/1928/1928
v -2.4840822 9.7187281 5.6637049
vt 64 480
vn -3.5885992 -2.2755249 -0.0251622
v -2.3846869 10.2361679 5.1778755
vt 95 480
vn -2.6015716 1.7132657 -2.383281
v -1.4401715 10.0318079 5.0767245
vt 95 511
vn 0.1378451 0.9949213 -5.9523654
v -2.4100764 9.7152596 5.1246719
vt 64 511
vn -1.749984 -1.5222578 -1.89941
f 1929/1929/1929 1930/1930/1930 1931/1931/1931 1932/1932/1932
v -1.6300114 5.6380792 6.0886016
vt 96 480
vn -5.8950977 0.9448941 -1.7383655
v -1.6478422 5.7903638 6.5032783
vt 127 480
vn -5.653378 0.8351051 1.6037071
v -1.459273 7.49997 5.9426532
vt 127 511
vn -4.6780586 0.2424719 -3.3736334
v -1.3596679 6.4234614 5.7268333
vt 96 511
vn -3.4153907 0.5356427 -4.7471714
f 1933/1933/1933 1934/1934/1934 1935/1935/1935 1936/1936/1936
v 0.6277723 8.1038465 6.5792923
vt 128 480
vn -5.0414267 0.3393207 3.1210654
v 1.1185989 7.824409 6.9783564
vt 159 480
vn -1.1791757 0.3662509 5.6394458
v 1.1965193 8.3070898 6.9905396
vt 159 511
vn -0.5201836 -0.0453871 5.5356884
v 0.7405542 8.6403589 6.6979284
vt 128 511
vn -4.7529974 -0.4374526 3.7511599
f 1937/1937/1937 1938/1938/1938 1939/1939/1939 1940/1940/1940
v -0.1291358 11.2438231 5.2218757
vt 160 480
vn 0.0810893 4.4458046 -2.8545709
v -1.2548101 11.2435379 5.1733704
vt 191 480
vn 0.0314023 2.6147716 -3.0925198
v -1.7352365 10.9354429 5.1328826
vt 191 511
vn 0.1302546 -0.896121 -5.2377725
v -1.8330982 11.2441425 5.2991867
vt 160 511
vn -0.2859316 4.8638539 -2.5485957
f 1941/1941/1941 1942/1942/1942 1943/1943/1943 1944/1944/1944
v -1.0428972 3.4881134 7.843751
vt 192 480
vn -3.9869297 -1.2851192 4.5422449
v -0.5879263 3.7530088 8.3972807
vt 223 480
vn -2.9004326 -4.0520177 3.5587671
v -1.0670993 4.2987452 8.3064728
vt 223 511
vn -5.493279 -2.044044 1.8762816
v -1.3460523 4.5562067 7.6893163
vt 192 511
vn -5.77354 0.055606 2.3209417
f 1945/1945/1945 1946/1946/1946 1947/1947/1947 1948/1948/1948
v 1.9765977 -0.7680916 7.5704994
vt 224 480
vn 4.8503957 -0.6226225 3.7909606
v 1.7006679 -0.6560661 7.8717947
vt 255 480
vn 4.3945994 -0.4477114 4.4549079
v 1.3670162 -0.7672268 8.1576138
vt 255 511
vn 3.5951326 -0.6016166 5.0614262
v 1.5731976 -1.048045 7.9538274
vt 224 511
vn 4.0247221 -1.4328854 4.4127836
f 1949/1949/1949 1950/1950/1950 1951/1951/1951 1952/1952/1952
v -1.3596679 6.4234614 5.7268333
vt 256 480
vn -3.4153907 0.5356427 -4.7471714
v -1.459273 7.49997 5.9426532
vt 287 480
vn -4.6780586 0.2424719 -3.3736334
v -1.2957491 8.6485729 5.8386111
vt 287 511
vn -2.9375589 -1.105872 -5.1511378
v -1.0206362 7.5440578 5.7082272
vt 256 511
vn -0.9177183 0.4819466 -5.9125514
f 1953/1953/1953 1954/1954/1954 1955/1955/1955 1956/1956/1956
v -0.7848545 9.5563469 7.0879884
vt 288 480
vn 1.0345184 -4.1852565 3.444665
v -1.4167044 9.4288549 6.9578447
vt 319 480
vn -3.0582969 -1.4254916 5.1936073
v -1.3561753 9.1104231 6.9098597
vt 319 511
vn -3.8495927 -1.2241451 4.5853887
v -0.9870054 9.126667 7.0954294
vt 288 511
vn 0.1012444 -0.4927056 5.4533639
f 1957/1957/1957 1958/1958/1958 1959/1959/1959 1960/1960/1960
v 2.49352 10.4443789 9.8055992
vt 320 480
vn 6.1407166 0.0173029 1.3193043
v 2.60075 10.2069435 9.2327309
vt 351 480
vn 5.9845886 1.4572521 0.2777516
v 2.5770962 10.4493847 9.3783379
vt 351 511
vn 6.1922655 -0.2062679 0.3344977
v 2.6055505 10.8017054 9.3157434
vt 320 511
vn 6.1105413 -0.2947946 0.4532343
f 1961/1961/1961 1962/1962/1962 1963/1963/1963 1964/1964/1964
v -0.6796842 6.1258168 9.02318
vt 352 480
vn 0.1650196 2.6255929 -3.2222357
v -1.0311229 5.5557895 8.9969006
vt 383 480
vn -1.8379428 -0.326755 -2.7977018
v -1.6115783 6.2267656 8.2366791
vt 383 511
vn 1.5605452 -0.3642344 -5.0046811
v -0.6069999 6.9241633 9.1633787
vt 352 511
vn 4.5588183 1.0430042 -3.9712384
f 1965/1965/1965 1966/1966/1966 1967/1967/1967 1968/1968/1968
v 2.4700067 5.5343065 10.744298
vt 384 480
vn 4.5909977 -1.5624859 3.2781017
v 2.5016968 5.1696897 10.1213961
vt 415 480
vn 4.204895 -4.1240821 0.924921
v 2.9055579 5.9104042 10.159482
vt 415 511
vn 5.2113743 -0.5738693 2.1927321
v 2.4023101 6.617691 10.7329683
vt 384 511
vn 4.0516829 2.1755593 3.5523868
f 1969/1969/1969 1970/1970/1970 1971/1971/1971 1972/1972/1972
v 0.7900872 0.4657796 5.8356228
vt 416 480
vn 2.5983069 1.8492455 -5.198565
v 0.5942052 0.3744515 5.6777906
vt 447 480
vn 1.8309617 4.5413594 -3.8494656
v 0.2377155 0.527546 5.4981956
vt 447 511
vn 0.4477817 0.9978569 -2.2470467
v 0.2094641 0.5752348 5.794559
vt 416 511
vn 0.2430514 3.2063892 -4.0030479
f 1973/1973/1973 1974/1974/1974 1975/1975/1975 1976/1976/1976
v 2.6164451 10.5836248 7.364922
vt 448 480
vn 4.3342762 -0.3565798 -0.0269334
v 2.4552734 10.4623652 7.121942
vt 479 480
vn 4.8300767 -2.1769173 -0.1845933
v 2.4424384 10.5012321 6.3124399
vt 479 511
vn 5.5573554 -2.5969427 0.0145437
v 2.6306016 10.554163 6.7048855
vt 448 511
vn 3.5334153 -0.9386829 -0.4290034
f 1977/1977/1977 1978/1978/1978 1979/1979/1979 1980/1980/1980
v 0.908794 4.4898252 5.1390667
vt 480 480
vn 1.89477 1.9099817 -5.6536989
v 0.2129934 4.4578581 4.8486381
vt 511 480
vn 0.1430065 3.2140074 -4.9721365
v -0.19942 4.6065578 5.0566912
vt 511 511
vn -1.9470407 2.9037743 -5.1344695
v 0.3025613 4.7415185 5.0057135
vt 480 511
vn 0.4579698 2.8948746 -5.2020602
f 1981/1981/1981 1982/1982/1982 1983/1983/1983 1984/1984/1984
v -0.172938 5.719347 11.4405823
vt 512 480
vn 0.070641 1.4099579 6.0734401
v 0.1960661 5.9785547 11.4059973
vt 543 480
vn -0.0788301 2.3712111 5.5194702
v -0.0869374 6.3594532 11.1174679
vt 543 511
vn 0.8459584 3.6103296 4.8231378
v -0.7535881 6.3570552 11.4531088
vt 512 511
vn 0.1158636 1.6532385 5.2353082
f 1985/1985/1985 1986/1986/1986 1987/1987/1987 1988/1988/1988
v -1.0311229 5.5557895 8.9969006
vt 544 480
vn -1.8379428 -0.326755 -2.7977018
v -1.1427996 5.2087879 8.3528967
vt 575 480
vn -5.9272451 1.4881877 0.4130636
v -1.2378374 5.0497975 9.5146103
vt 575 511
vn -2.5272937 -2.4296331 -2.5060587
v -1.8047059 5.1882334 9.0085325
vt 544 511
vn -0.5885809 -4.7651539 -2.4931972
f 1989/1989/1989 1990/1990/1990 1991/1991/1991 1992/1992/1992
v -0.8248637 7.6353459 9.2566252
vt 576 480
vn 2.5748975 2.1926622 -4.8487673
v -0.6069999 6.9241633 9.1633787
vt 607 480
vn 4.5588183 1.0430042 -3.9712384
v -1.6115783 6.2267656 8.2366791
vt 607 511
vn 1.5605452 -0.3642344 -5.0046811
v -1.2194276 6.9493709 8.6262741
vt 576 511
vn 2.3963363 2.0925527 -4.7629476
f 1993/1993/1993 1994/1994/1994 1995/1995/1995 1996/1996/1996
v 0.0280534 2.3888896 8.2295399
vt 608 480
vn -0.7752452 1.019815 6.0954995
v 0.3537812 3.0146048 8.2249889
vt 639 480
vn 0.6449571 -0.9341075 5.9982314
v 0.3073533 3.5043333 8.4004221
vt 639 511
vn 0.445205 -3.8193932 4.7133093
v -0.1758097 3.0225344 8.0947495
vt 608 511
vn -1.7395442 -0.8609504 5.7462597
f 1997/1997/1997 1998/1998/1998 1999/1999/1999 2000/2000/2000
v 0.1293611 -1.9630965 8.0485649
vt 640 480
vn -2.0200453 -3.5056314 4.5748925
v 0.1408952 -2.3363512 7.7614589
vt 671 480
vn -1.9253995 -3.780956 4.572721
v 0.3854974 -2.2770343 7.9078479
vt 671 511
vn 0.4340144 -3.8864138 4.3726344
v 0.3224648 -2.0212975 8.2164021
vt 640 511
vn -0.4296789 -2.4752638 3.5217578
f 2001/2001/2001 2002/2002/2002 2003/2003/2003 2004/2004/2004
v -1.7185326 7.1400337 10.6151886
vt 672 480
vn -3.4974771 -0.5485775 3.9737272
v -1.8287635 7.4030085 10.2274227
vt 703 480
vn -5.6102629 1.8935571 1.9557706
v -2.0358391 6.819654 10.2342663
vt 703 511
vn -4.9457145 2.3180325 3.0043685
v -1.0674857 7.077527 10.8738565
vt 672 511
vn -1.0783471 0.410025 4.9366026
f 2005/2005/2005 2006/2006/2006 2007/2007/2007 2008/2008/2008
v -0.4280065 -2.50966 6.5531201
vt 704 480
vn -1.8584417 -4.5523224 -3.5067506
v -0.6632663 -2.3856189 6.5453362
vt 735 480
vn -4.3487463 -3.2856717 -2.4775155
v -0.8024246 -2.0234263 5.9993415
vt 735 511
vn -4.0098777 -1.5095774 -2.1517155
v -0.2840125 -2.4459677 6.1750522
vt 704 511
vn -1.8996339 -5.1177435 -2.6696022
f 2009/2009/2009 2010/2010/2010 2011/2011/2011 2012/2012/2012
v -0.7645516 2.733459 7.9045601
vt 736 480
vn -2.7882063 0.3689084 5.5751543
v -0.1758097 3.0225344 8.0947495
vt 767 480
vn -1.7395442 -0.8609504 5.7462597
v -0.5879263 3.7530088 8.3972807
vt 767 511
vn -2.9004326 -4.0520177 3.5587671
v -1.0428972 3.4881134 7.843751
vt 736 511
vn -3.9869297 -1.2851192 4.5422449
f 2013/2013/2013 2014/2014/2014 2015/2015/2015 2016/2016/2016
v -0.4121389 0.429222 5.9754782
vt 768 480
vn -3.7642496 2.5872877 -4.0868139
v -0.2560364 0.5119627 5.6918926
vt 799 480
vn -1.686904 0.8983763 -1.2656667
v 0.0179361 0.3594832 5.6075969
vt 799 511
vn -1.8174 2.1858473 -4.4854674
v -0.385563 0.1387181 5.6133518
vt 768 511
vn -3.6434412 3.8099864 -3.2802536
f 2017/2017/2017 2018/2018/2018 2019/2019/2019 2020/2020/2020
v -1.0674857 7.077527 10.8738565
vt 800 480
vn -1.0783471 0.410025 4.9366026
v -0.8572863 7.1963835 10.9847851
vt 831 480
vn 1.4801691 -1.4594855 3.0381548
v -0.8940806 7.6872821 10.913928
vt 831 511
vn 1.8154317 0.7719237 5.0433683
v -1.2748207 7.2069197 10.9105721
vt 800 511
vn -2.0887573 -1.2370528 4.7004294
f 2021/2021/2021 2022/2022/2022 2023/2023/2023 2024/2024/2024
v 1.8903055 5.7248807 6.5206256
vt 832 480
vn 5.846559 1.0549656 1.646629
v 1.7539427 7.2922564 6.1967955
vt 863 480
vn 5.8197937 0.611983 -0.9103923
v 1.6855316 8.6721039 6.3448939
vt 863 511
vn 5.8620338 -0.8558646 0.2830827
v 1.6796459 7.1562839 6.575644
vt 832 511
vn 5.5505562 0.5483052 2.6445882
f 2025/2025/2025 2026/2026/2026 2027/2027/2027 2028/2028/2028
v -1.2932153 1.9278194 5.9074445
vt 864 480
vn -4.5395341 -2.7089942 -3.3022654
v -1.4184257 2.5742478 5.6437435
vt 895 480
vn -4.4733405 -1.7577533 -3.924794
v -1.0258549 2.6546121 5.2601352
vt 895 511
vn -3.7841768 -1.3545774 -4.7786584
v -1.0014415 2.082675 5.4640813
vt 864 511
vn -3.7634258 -2.4853818 -4.2395282
f 2029/2029/2029 2030/2030/2030 2031/2031/2031 2032/2032/2032
v 2.7662694 11.1762886 6.5871415
vt 896 480
vn 0.821875 0.7015415 0.4695917
v 2.6478891 11.0331087 6.3067393
vt 927 480
vn 5.7639341 -1.9906055 -0.5726041
v 2.6760898 11.1655521 5.4515924
vt 927 511
vn 3.2541108 1.1468128 -1.0603923
v 2.6453688 11.2439146 6.295351
vt 896 511
vn 3.0597572 3.5533485 -0.3881719
f 2033/2033/2033 2034/2034/2034 2035/2035/2035 2036/2036/2036
v 2.1225512 -0.7895964 7.0362821
vt 928 480
vn 4.8482113 -1.1343552 -2.5900517
v 1.8522041 -0.7466826 6.8022923
vt 959 480
vn 5.0757518 -0.4809753 -2.1884241
v 1.8450209 -0.7034159 6.551692
vt 959 511
vn 6.1274714 -0.4661081 -1.0884265
v 1.8890086 -0.3652249 6.7191553
vt 928 511
vn 5.6686797 -0.5887309 -2.0856605
f 2037/2037/2037 2038/2038/2038 2039/2039/2039 2040/2040/2040
v -1.1427996 5.2087879 8.3528967
vt 960 480
vn -5.9272451 1.4881877 0.4130636
v -0.8410676 4.3209219 9.2506323
vt 991 480
vn -4.201488 -4.4414473 0.7374034
v -1.2061226 4.7579384 9.4087458
vt 991 511
vn -2.5834455 -0.5478902 -3.2715831
v -1.2378374 5.0497975 9.5146103
vt 960 511
vn -2.5272937 -2.4296331 -2.5060587
f 2041/2041/2041 2042/2042/2042 2043/2043/2043 2044/2044/2044
v -1.007658 0.5508037 6.5954394
vt 992 480
vn -4.2423096 1.3214363 -4.2217231
v -1.3120775 1.0664783 6.9484434
vt 1023 480
vn -4.7747455 -1.7082026 -3.2923951
v -1.1335492 1.2055802 6.4005895
vt 1023 511
vn -3.9127731 -3.9676795 -2.6142101
v -0.650422 0.9899484 6.1910033
vt 992 511
vn -3.5117109 -2.8346798 -3.8073697
f 2045/2045/2045 2046/2046/2046 2047/2047/2047 2048/2048/2048
v 1.1763449 11.1543951 10.6996574
vt 0 512
vn 0.2862573 2.316756 5.3521509
v 0.5562208 10.1565199 10.751193
vt 31 512
vn 0.1546247 -0.1951472 6.2705917
v 1.4133464 10.3653994 10.7429714
vt 31 543
vn 0.2399225 0.1454961 6.257638
v 1.5660644 10.8713198 10.6853781
vt 0 543
vn 0.4538155 0.781212 6.2118273
f 2049/2049/2049 2050/2050/2050 2051/2051/2051 2052/2052/2052
v 1.2796018 9.6348257 7.26474
vt 32 512
vn 0.3785393 -5.9070621 1.5452164
v 1.1685638 9.4637089 7.0252409
vt 63 512
vn 0.183271 -2.5768611 5.0671945
v 1.5454214 9.2182503 6.8873286
vt 63 543
vn 3.7931497 -1.4250321 4.4634023
v 1.6924539 9.6261673 7.0094481
vt 32 543
vn 1.7390356 -4.9679804 2.1527886
f 2053/2053/2053 2054/2054/2054 2055/2055/2055 2056/2056/2056
v -0.9892552 6.7377157 7.0815978
vt 64 512
vn -1.5057777 0.7418464 5.7521758
v -1.3083642 7.1920466 6.8142157
vt 95 512
vn -4.4259415 0.2340508 4.3877125
v -1.2653784 6.6940861 6.9223623
vt 95 543
vn -4.1093054 0.4047426 4.5091524
v -1.2270828 6.0351944 6.9885073
vt 64 543
vn -4.4101667 0.7908964 4.3691163
f 2057/2057/2057 2058/2058/2058 2059/2059/2059 2060/2060/2060
v 0.2261199 2.1425757 8.3256207
vt 96 512
vn -0.0507819 1.2684691 5.8687334
v 0.7232741 2.0269649 8.2301989
vt 127 512
vn 2.2323422 0.6283507 5.7001057
v 1.1191126 2.2608695 7.980011
vt 127 543
vn 3.1485825 0.9006235 5.3313961
v 0.72454 2.5253882 8.1145229
vt 96 543
vn 2.1053772 0.9314655 5.8089581
f 2061/2061/2061 2062/2062/2062 2063/2063/2063 2064/2064/2064
v -2.2423317 9.5951481 10.4187441
vt 128 512
vn -3.4301951 -2.7782352 1.0611094
v -1.7943202 9.5774755 10.7596321
vt 159 512
vn -0.4502278 -3.0634665 3.5853498
v -2.1106284 10.250227 10.757185
vt 159 543
vn -3.051533 0.0968603 3.9280624
v -2.1191018 9.6477213 10.7415171
vt 128 543
vn -2.1854467 -1.8147779 2.79722
f 2065/2065/2065 2066/2066/2066 2067/2067/2067 2068/2068/2068
v 2.4264205 10.790307 5.2273993
vt 160 512
vn 3.5758722 0.0277636 -4.0336413
v 2.6227303 10.5597296 5.8356056
vt 191 512
vn 4.1057158 -0.8141608 0.1870903
v 2.4508705 10.4222088 5.2482748
vt 191 543
vn 3.9150681 1.6627856 -3.4415514
v 2.2388237 10.5505943 5.0559773
vt 160 543
vn 0.4935037 -0.5430937 -3.6300759
f 2069/2069/2069 2070/2070/2070 2071/2071/2071 2072/2072/2072
v 0.983665 0.0231167 8.383832
vt 192 512
vn 2.7188635 0.2541569 5.6460633
v 0.9339305 -0.3995436 8.4301662
vt 223 512
vn 2.5515413 -0.1376304 5.6843328
v 1.3670162 -0.7672268 8.1576138
vt 223 543
vn 3.5951326 -0.6016166 5.0614262
v 1.330883 -0.3975908 8.2165356
vt 192 543
vn 3.4624541 -0.0983893 5.1543279
f 2073/2073/2073 2074/2074/2074 2075/2075/2075 2076/2076/2076
v 0.5118565 6.9512882 10.3524523
vt 224 512
vn -1.6633636 5.7566967 1.0782316
v 0.2235546 6.7861915 10.7126064
vt 255 512
vn -0.5596006 5.2205601 3.0804729
v 0.2165735 6.4260225 11.1271811
vt 255 543
vn 0.0610317 3.8053603 4.6663222
v 0.4552396 6.6774697 10.8734217
vt 224 543
vn -1.0391277 4.6960216 3.8787005
f 2077/2077/2077 2078/2078/2078 2079/2079/2079 2080/2080/2080
v 1.4036626 8.7129354 6.9085779
vt 256 512
vn 3.4386692 -0.8088332 4.6253877
v 1.6855316 8.6721039 6.3448939
vt 287 512
vn 5.8620338 -0.8558646 0.2830827
v 1.7382145 9.0523577 6.5402384
vt 287 543
vn 5.3267374 0.0545316 1.77853
v 1.5454214 9.2182503 6.8873286
vt 256 543
vn 3.7931497 -1.4250321 4.4634023
f 2081/2081/2081 2082/2082/2082 2083/2083/2083 2084/2084/2084
v 1.5021605 -0.0453919 6.1454501
vt 288 512
vn 3.6302722 1.2217085 -4.9345665
v 1.8644645 0.0639281 6.363378
vt 319 512
vn 4.1959701 1.0965636 -3.3007948
v 1.8600816 -0.308265 6.3103604
vt 319 543
vn 4.617898 -0.0143 -2.8712392
v 1.6863248 -0.6857357 6.1599131
vt 288 543
vn 5.0079126 1.0012867 -3.4411464
f 2085/2085/2085 2086/2086/2086 2087/2087/2087 2088/2088/2088
v 2.9339159 6.7494378 9.4348669
vt 320 512
vn 5.5250969 2.2957199 0.8099131
v 2.443707 7.4207349 10.0253792
vt 351 512
vn 5.3912401 1.9556389 2.1385257
v 2.2881055 6.990561 10.4338932
vt 351 543
vn 4.4115605 2.4361563 3.6131589
v 2.7416883 6.6724429 10.0167494
vt 320 543
vn 5.3627682 1.9894375 2.4956753
f 2089/2089/2089 2090/2090/2090 2091/2091/2091 2092/2092/2092
v -0.3616599 7.1166983 10.1853008
vt 352 512
vn 5.1335254 2.856595 0.7179743
v -0.5353661 7.255373 10.5398188
vt 383 512
vn 4.6515164 2.3389928 3.0635061
v -0.7412115 6.9239025 11.092042
vt 383 543
vn 0.9666069 3.8309345 4.0867057
v -0.0405518 6.8771801 10.485486
vt 352 543
vn 1.8269002 5.445365 1.8338068
f 2093/2093/2093 2094/2094/2094 2095/2095/2095 2096/2096/2096
v -1.4625551 5.4970226 5.6931419
vt 384 512
vn -4.4761114 0.8356288 -4.0167422
v -1.2286862 4.2377944 5.2893867
vt 415 512
vn -2.7635703 0.649886 -5.3845496
v -1.220981 3.2525067 5.2740574
vt 415 543
vn -3.5843878 -0.5878229 -4.972887
v -1.6241899 4.2711887 5.6097426
vt 384 543
vn -4.7542491 0.6288702 -3.6470056
f 2097/2097/2097 2098/2098/2098 2099/2099/2099 2100/2100/2100
v 0.8917028 9.6638517 7.946044
vt 416 512
vn -0.1399271 -6.2771916 0.0304363
v 0.8530086 9.6505203 7.2684865
vt 447 512
vn -0.6299813 -6.0489225 1.0425885
v 1.1685638 9.4637089 7.0252409
vt 447 543
vn 0.183271 -2.5768611 5.0671945
v 1.2796018 9.6348257 7.26474
vt 416 543
vn 0.3785393 -5.9070621 1.5452164
f 2101/2101/2101 2102/2102/2102 2103/2103/2103 2104/2104/2104
v 1.3278074 5.5609508 7.3370318
vt 448 512
vn 4.1808519 3.1412201 2.1247287
v 0.7237884 6.110518 7.2360945
vt 479 512
vn 1.7309878 5.1689935 1.8571912
v 0.199689 6.3223133 7.2654676
vt 479 543
vn 0.2242054 6.0396957 -0.3482504
v 0.8985963 6.0772643 7.7098379
vt 448 543
vn 3.5797303 4.9541826 -1.2063428
f 2105/2105/2105 2106/2106/2106 2107/2107/2107 2108/2108/2108
v 2.6164451 10.5836248 7.364922
vt 480 512
vn 4.3342762 -0.3565798 -0.0269334
v 2.6306016 10.554163 6.7048855
vt 511 512
vn 3.5334153 -0.9386829 -0.4290034
v 2.4584129 10.7072306 6.3284054
vt 511 543
vn 5.7001495 -1.0108333 -0.1859441
v 2.4861958 10.7444792 6.6898198
vt 480 543
vn 5.0952067 -0.0590736 -0.394064
f 2109/2109/2109 2110/2110/2110 2111/2111/2111 2112/2112/2112
v 1.7539427 7.2922564 6.1967955
vt 512 512
vn 5.8197937 0.611983 -0.9103923
v 1.8903055 5.7248807 6.5206256
vt 543 512
vn 5.846559 1.0549656 1.646629
v 2.0263059 5.0447817 6.5873156
vt 543 543
vn 5.9321437 1.2466098 1.2486296
v 1.9547986 5.4045324 6.1344967
vt 512 543
vn 6.082406 1.0891136 -0.8143694
f 2113/2113/2113 2114/2114/2114 2115/2115/2115 2116/2116/2116
v -0.542484 9.6640034 10.5845737
vt 544 512
vn 1.1473324 -5.6538863 1.989096
v -0.1455901 9.7724323 10.7591314
vt 575 512
vn -0.2391314 -1.8064146 5.6879034
v -0.8872251 9.6286621 10.7696533
vt 575 543
vn 0.5896072 -2.5906827 4.7387023
v -0.9380537 9.5008602 10.6340351
vt 544 543
vn 1.4869531 -1.9499049 4.9878411
f 2117/2117/2117 2118/2118/2118 2119/2119/2119 2120/2120/2120
v -2.1459713 10.4238253 6.4460011
vt 576 512
vn -4.4723597 -0.5900269 0.1286851
v -2.1915586 10.3712387 7.1826315
vt 607 512
vn -5.7198939 0.7812891 0.2815378
v -2.3861246 10.5586576 5.5098348
vt 607 543
vn -3.5704532 -0.5658408 -0.576023
v -2.1909523 10.4511518 5.3252163
vt 576 543
vn -3.4567223 -0.2185169 -3.548866
f 2121/2121/2121 2122/2122/2122 2123/2123/2123 2124/2124/2124
v 2.0263059 5.0447817 6.5873156
vt 608 512
vn 5.9321437 1.2466098 1.2486296
v 1.8903055 5.7248807 6.5206256
vt 639 512
vn 5.846559 1.0549656 1.646629
v 1.5889006 5.6599684 7.0714989
vt 639 543
vn 4.5759091 1.631588 3.9071317
v 1.8545645 5.2744927 6.8957906
vt 608 543
vn 5.2767997 1.5975035 2.8703041
f 2125/2125/2125 2126/2126/2126 2127/2127/2127 2128/2128/2128
v 2.49352 10.4443789 9.8055992
vt 640 512
vn 6.1407166 0.0173029 1.3193043
v 2.4275866 9.9688702 10.1063356
vt 671 512
vn 6.0812263 -0.1074709 1.5538548
v 2.7707596 9.721509 8.9013767
vt 671 543
vn 4.0785704 -2.105417 0.2340901
v 2.60075 10.2069435 9.2327309
vt 640 543
vn 5.9845886 1.4572521 0.2777516
f 2129/2129/2129 2130/2130/2130 2131/2131/2131 2132/2132/2132
v -0.9166684 -0.8949609 8.175437
vt 672 512
vn -3.2068982 -1.3779272 5.0522518
v -0.6298488 -0.6730745 8.3453665
vt 703 512
vn -2.4623125 -0.6044784 5.6975226
v -0.5572207 -0.3146074 8.388504
vt 703 543
vn -2.6177106 -0.482862 5.6843915
v -0.9552729 -0.3092592 8.1923828
vt 672 543
vn -2.9789455 -0.2847018 5.5091805
f 2133/2133/2133 2134/2134/2134 2135/2135/2135 2136/2136/2136
v 2.3949847 10.7855349 8.8342695
vt 704 512
vn 3.8970306 -0.1502984 -0.4414581
v 2.669667 10.9540939 8.3142271
vt 735 512
vn 5.060111 -2.2396903 0.253898
v 2.6055505 10.8017054 9.3157434
vt 735 543
vn 6.1105413 -0.2947946 0.4532343
v 2.5701919 10.5918608 8.8654432
vt 704 543
vn 4.8344393 -0.4435202 -0.713047
f 2137/2137/2137 2138/2138/2138 2139/2139/2139 2140/2140/2140
v 0.1721294 4.2999787 4.6582446
vt 736 512
vn -0.182039 2.4904988 -3.6929073
v -0.2677985 4.0479312 4.8525467
vt 767 512
vn -2.9944005 2.1255896 -5.0717635
v -0.19942 4.6065578 5.0566912
vt 767 543
vn -1.9470407 2.9037743 -5.1344695
v 0.2129934 4.4578581 4.8486381
vt 736 543
vn 0.1430065 3.2140074 -4.9721365
f 2141/2141/2141 2142/2142/2142 2143/2143/2143 2144/2144/2144
v 0.4745872 6.2973919 6.8860865
vt 768 512
vn -1.780929 4.8250127 2.0449216
v 0.4965602 6.7810993 6.5696812
vt 799 512
vn -5.4744921 0.9484593 1.8182302
v 0.3832998 6.2599502 6.4261975
vt 799 543
vn -2.4306533 4.3320675 -0.8234653
v -0.0614582 6.2054162 6.5373263
vt 768 543
vn 1.8791364 4.5061145 0.2437119
f 2145/2145/2145 2146/2146/2146 2147/2147/2147 2148/2148/2148
v 0.6480937 1.4739243 5.3123622
vt 800 512
vn 2.1354966 -3.1759748 -4.8622203
v 0.1896707 1.1727921 5.3624778
vt 831 512
vn -0.2207861 -3.9204173 -3.899368
v 0.1211347 1.626623 5.0963125
vt 831 543
vn -0.5148141 -2.8563468 -5.229044
v 0.4679124 2.1036599 4.9250412
vt 800 543
vn 1.2575336 -2.3047211 -5.6265502
f 2149/2149/2149 2150/2150/2150 2151/2151/2151 2152/2152/2152
v -0.3471948 10.7539425 10.7739067
vt 832 512
vn 0.1184 0.4066218 6.2467475
v -0.8872251 9.6286621 10.7696533
vt 863 512
vn 0.5896072 -2.5906827 4.7387023
v -0.1455901 9.7724323 10.7591314
vt 863 543
vn -0.2391314 -1.8064146 5.6879034
v 0.5562208 10.1565199 10.751193
vt 832 543
vn 0.1546247 -0.1951472 6.2705917
f 2153/2153/2153 2154/2154/2154 2155/2155/2155 2156/2156/2156
v -0.0405518 6.8771801 10.485486
vt 864 512
vn 1.8269002 5.445365 1.8338068
v -0.7412115 6.9239025 11.092042
vt 895 512
vn 0.9666069 3.8309345 4.0867057
v -0.7535881 6.3570552 11.4531088
vt 895 543
vn 0.1158636 1.6532385 5.2353082
v -0.0869374 6.3594532 11.1174679
vt 864 543
vn 0.8459584 3.6103296 4.8231378
f 2157/2157/2157 2158/2158/2158 2159/2159/2159 2160/2160/2160
v 1.1352725 9.1230478 5.68891
vt 896 512
vn 0.1482681 -2.759295 -5.0828447
v 1.1690669 8.673481 5.7597446
vt 927 512
vn 0.5142588 -0.6306475 -5.9327259
v 0.7911156 8.8314238 5.8543115
vt 927 543
vn -3.704994 -0.4170832 -4.6156201
v 0.7702338 9.2026529 5.815402
vt 896 543
vn -3.9266355 -2.9669285 -3.4819417
f 2161/2161/2161 2162/2162/2162 2163/2163/2163 2164/2164/2164
v -1.2318172 -2.3884845 7.1660166
vt 928 512
vn -2.616601 -3.0199802 1.1284925
v -1.2187011 -1.8783623 7.3724442
vt 959 512
vn -3.1623831 -2.2906938 4.7069325
v -1.5090693 -2.1092498 7.2096796
vt 959 543
vn -2.6228211 -0.8350766 0.5638371
v -1.2767534 -2.1588535 6.8630543
vt 928 543
vn -2.2612143 -1.0373771 -3.5025804
f 2165/2165/2165 2166/2166/2166 2167/2167/2167 2168/2168/2168
v 2.3847964 11.2413883 5.1896887
vt 960 512
vn 1.2512435 2.4276531 -2.6441686
v 2.6453688 11.2439146 6.295351
vt 991 512
vn 3.0597572 3.5533485 -0.3881719
v 2.6760898 11.1655521 5.4515924
vt 991 543
vn 3.2541108 1.1468128 -1.0603923
v 2.4264205 10.790307 5.2273993
vt 960 543
vn 3.5758722 0.0277636 -4.0336413
f 2169/2169/2169 2170/2170/2170 2171/2171/2171 2172/2172/2172
v 2.2904239 3.0231051 6.7349267
vt 992 512
vn 5.7725091 -0.0084005 1.5794727
v 1.8973131 1.8759623 7.3423967
vt 1023 512
vn 5.0501089 -0.0863852 3.5714562
v 1.9893363 1.4757363 7.1561837
vt 1023 543
vn 5.5130558 -0.8574573 1.9166336
v 2.1318374 1.9104071 6.8085103
vt 992 543
vn 5.7254062 -1.2967029 0.2856369
f 2173/2173/2173 2174/2174/2174 2175/2175/2175 2176/2176/2176
v -1.1563927 9.6775455 8.2806435
vt 0 544
vn 0.0455229 -6.2721052 -0.032991
v -2.3455255 9.6739101 7.7498221
vt 31 544
vn -3.2322302 -3.3618081 0.0720229
v -1.1681788 9.6167936 7.1853209
vt 31 575
vn -0.4073812 -5.6703429 1.9581908
v -1.0902056 9.6505461 7.8246217
vt 0 575
vn -0.0212921 -6.2721329 0.3524283
f 2177/2177/2177 2178/2178/2178 2179/2179/2179 2180/2180/2180
v 2.027647 9.6130495 8.5344868
vt 32 544
vn 0.9860267 -5.3767109 -2.0440443
v 1.7053293 9.5684919 8.5815344
vt 63 544
vn -0.1597433 -4.8782177 -3.2378733
v 1.2172902 9.6202259 8.582408
vt 63 575
vn -1.1451399 -5.2232094 -2.1675096
v 1.3707013 9.652626 7.9721355
vt 32 575
vn -0.0705482 -6.2717242 -0.2247944
f 2181/2181/2181 2182/2182/2182 2183/2183/2183 2184/2184/2184
v 1.3888021 0.9444687 7.9786372
vt 64 544
vn 3.6570263 2.0167203 4.6916232
v 1.4501567 0.696579 8.0471487
vt 95 544
vn 3.6595032 1.073132 4.717802
v 1.7871927 0.8465416 7.5810332
vt 95 575
vn 4.7085228 2.6768477 2.8272133
v 1.5818887 0.9647077 7.8094735
vt 64 575
vn 4.3859143 2.4746637 3.2436285
f 2185/2185/2185 2186/2186/2186 2187/2187/2187 2188/2188/2188
v 1.463582 7.9540358 5.8474088
vt 96 544
vn 3.1766644 0.5687504 -4.7197471
v 0.8169413 8.0532026 5.8237739
vt 127 544
vn -2.8528895 0.2559165 -4.8149347
v 0.7911156 8.8314238 5.8543115
vt 127 575
vn -3.704994 -0.4170832 -4.6156201
v 1.1690669 8.673481 5.7597446
vt 96 575
vn 0.5142588 -0.6306475 -5.9327259
f 2189/2189/2189 2190/2190/2190 2191/2191/2191 2192/2192/2192
v 1.3888021 0.9444687 7.9786372
vt 128 544
vn 3.6570263 2.0167203 4.6916232
v 1.1475153 0.9558646 8.1486235
vt 159 544
vn 3.1588831 1.4230464 5.2015519
v 1.157804 0.5721596 8.1946907
vt 159 575
vn 2.6277754 1.0600555 5.5779419
v 1.4501567 0.696579 8.0471487
vt 128 575
vn 3.6595032 1.073132 4.717802
f 2193/2193/2193 2194/2194/2194 2195/2195/2195 2196/2196/2196
v 0.9599241 8.8877573 9.6357079
vt 160 544
vn -5.44875 -0.9811605 -1.1535496
v 1.1998558 8.2195101 10.4065247
vt 191 544
vn -5.1934929 0.688625 3.3619006
v 1.4226304 8.9795189 10.5438871
vt 191 575
vn -4.6721787 -0.1428125 4.1318302
v 1.1318012 8.9694481 10.2101679
vt 160 575
vn -5.4132719 -0.1320374 3.018862
f 2197/2197/2197 2198/2198/2198 2199/2199/2199 2200/2200/2200
v -0.1713277 9.6756954 5.9362836
vt 192 544
vn 2.1912525 -5.0539021 -0.4563844
v -0.364071 9.3821621 6.0001798
vt 223 544
vn 4.9734383 -3.7259846 -0.6939453
v -0.3809947 9.3242874 5.5068946
vt 223 575
vn 3.3336463 -2.620899 -1.6800573
v -0.3730374 9.6715164 5.286447
vt 192 575
vn 2.060693 -4.911027 -2.1013441
f 2201/2201/2201 2202/2202/2202 2203/2203/2203 2204/2204/2204
v -1.0428972 3.4881134 7.843751
vt 224 544
vn -3.9869297 -1.2851192 4.5422449
v -1.3460523 4.5562067 7.6893163
vt 255 544
vn -5.77354 0.055606 2.3209417
v -1.717285 3.4405951 7.1362567
vt 255 575
vn -5.3047609 0.047028 3.1370995
v -1.5069791 2.2955258 7.4187245
vt 224 575
vn -4.8025422 -0.2539376 3.7667608
f 2205/2205/2205 2206/2206/2206 2207/2207/2207 2208/2208/2208
v -1.5039607 7.3509002 10.6967258
vt 256 544
vn -3.6559777 1.5122541 4.8740058
v -1.2210258 7.6665621 10.8452988
vt 287 544
vn -2.743155 1.0657957 5.3534875
v -1.2494122 8.1640263 10.7049074
vt 287 575
vn -3.7301366 0.711486 4.9754858
v -1.5805739 8.0357399 10.4197817
vt 256 575
vn -5.0258064 1.1085787 3.3823464
f 2209/2209/2209 2210/2210/2210 2211/2211/2211 2212/2212/2212
v -0.9206949 -1.5130373 7.9303923
vt 288 544
vn -3.3679919 -2.2780318 4.6171536
v -1.1763526 -1.2910016 7.7975221
vt 319 544
vn -4.2873473 -1.8426478 4.1113577
v -1.4101386 -1.4334651 7.4103732
vt 319 575
vn -4.8678756 -1.7440646 3.2275479
v -1.1457809 -1.6205517 7.6567893
vt 288 575
vn -4.1776147 -2.5139935 3.846535
f 2213/2213/2213 2214/2214/2214 2215/2215/2215 2216/2216/2216
v 0.5118565 6.9512882 10.3524523
vt 320 544
vn -1.6633636 5.7566967 1.0782316
v 1.2336193 7.1473188 10.6735687
vt 351 544
vn -3.3545973 2.9083815 3.925432
v 0.9651346 7.4437947 10.3043079
vt 351 575
vn -5.2807035 0.7192719 2.3658073
v 0.8680703 7.1862121 10.0580254
vt 320 575
vn -5.185482 2.869421 0.3188432
f 2217/2217/2217 2218/2218/2218 2219/2219/2219 2220/2220/2220
v -0.1961326 9.6679726 8.1446753
vt 352 544
vn 0.099672 -6.2775512 0.2119949
v -0.292598 9.7286282 9.0273685
vt 383 544
vn 2.0358574 -5.1485004 -0.5797781
v -0.5100005 9.673604 8.7333517
vt 383 575
vn 1.6668537 -5.2897134 -1.6172861
v -0.5092713 9.6540346 7.7603951
vt 352 575
vn 0.1276505 -6.2730331 0.2688394
f 2221/2221/2221 2222/2222/2222 2223/2223/2223 2224/2224/2224
v 1.8839529 -1.6786504 6.9619255
vt 384 544
vn 5.114459 -0.9211079 -3.4164369
v 1.8969065 -1.3026146 6.9009051
vt 415 544
vn 5.0706244 -0.3452204 -3.6125793
v 1.9275669 -1.0878932 6.9910297
vt 415 575
vn 4.9095612 -0.3407529 -3.2006505
v 2.131808 -1.4516894 7.1331162
vt 384 575
vn 4.1405334 -1.0289912 -0.5037495
f 2225/2225/2225 2226/2226/2226 2227/2227/2227 2228/2228/2228
v -1.3561753 9.1104231 6.9098597
vt 416 544
vn -3.8495927 -1.2241451 4.5853887
v -1.7363863 9.6240749 6.7649441
vt 447 544
vn -2.4094403 -4.721199 1.6997935
v -1.5813402 8.9807453 6.6037636
vt 447 575
vn -5.2080903 0.1730493 2.4349279
v -1.1361034 8.4585123 6.9895229
vt 416 575
vn -2.7327003 -0.4990859 5.2653489
f 2229/2229/2229 2230/2230/2230 2231/2231/2231 2232/2232/2232
v 0.2165735 6.4260225 11.1271811
vt 448 544
vn 0.0610317 3.8053603 4.6663222
v 0.2235546 6.7861915 10.7126064
vt 479 544
vn -0.5596006 5.2205601 3.0804729
v -0.0869374 6.3594532 11.1174679
vt 479 575
vn 0.8459584 3.6103296 4.8231378
v 0.1960661 5.9785547 11.4059973
vt 448 575
vn -0.0788301 2.3712111 5.5194702
f 2233/2233/2233 2234/2234/2234 2235/2235/2235 2236/2236/2236
v 2.751991 11.1305952 6.9259443
vt 480 544
vn 5.2912951 1.2824922 -0.2046138
v 2.7140052 10.9984865 7.4814391
vt 511 544
vn 5.3227201 -2.0525503 0.2722756
v 2.4640999 10.7524261 7.4049788
vt 511 575
vn 4.5063467 -0.1145662 0.0360584
v 2.71644 10.9898043 6.8579626
vt 480 575
vn 5.242713 -2.6677444 -0.5336816
f 2237/2237/2237 2238/2238/2238 2239/2239/2239 2240/2240/2240
v -1.6241899 4.2711887 5.6097426
vt 512 544
vn -4.7542491 0.6288702 -3.6470056
v -1.7739084 4.7945409 6.2888799
vt 543 544
vn -6.135736 0.669776 -0.2603381
v -1.7074028 5.4003491 6.2740707
vt 543 575
vn -6.1406288 0.925922 0.0287403
v -1.7186565 5.2483177 6.1031179
vt 512 575
vn -5.854816 0.829129 -1.5278989
f 2241/2241/2241 2242/2242/2242 2243/2243/2243 2244/2244/2244
v 0.2649283 6.7315946 9.1532755
vt 544 544
vn -0.5695527 4.8538465 -2.2191575
v -0.1578207 6.8193412 9.8998241
vt 575 544
vn 1.8666877 4.2586145 -1.8672713
v 0.4047287 6.813684 9.6323442
vt 575 575
vn 0.7151984 5.9128962 -1.7359785
v 0.1234915 6.5070224 8.9591265
vt 544 575
vn -2.3249419 5.4225206 -1.8187951
f 2245/2245/2245 2246/2246/2246 2247/2247/2247 2248/2248/2248
v 0.197573 0.8561366 8.4704599
vt 576 544
vn -1.1533995 0.5247422 5.8738585
v 0.131071 0.5068895 8.5106688
vt 607 544
vn -1.9456134 0.5957783 5.7312651
v -0.1020105 0.2629225 8.53368
vt 607 575
vn -1.0379301 1.0967709 6.0772891
v 0.3602766 0.1267013 8.6257391
vt 576 575
vn 0.6483039 0.3061719 5.9571118
f 2249/2249/2249 2250/2250/2250 2251/2251/2251 2252/2252/2252
v -1.4718252 0.5114745 7.0216637
vt 608 544
vn -5.1632543 0.6180125 -2.6380436
v -1.3342793 0.3901164 6.8723059
vt 639 544
vn -4.8155446 0.6268277 -3.8554108
v -1.3683766 -0.3304695 6.921886
vt 639 575
vn -5.2693672 -0.5760315 -3.2339082
v -1.4918048 0.2235941 7.0357504
vt 608 575
vn -5.3387156 0.182021 -2.6094346
f 2253/2253/2253 2254/2254/2254 2255/2255/2255 2256/2256/2256
v 2.2646616 9.6466465 10.6859331
vt 640 544
vn 2.0578024 -1.8014038 2.658421
v 2.3039167 10.5340843 10.6700888
vt 671 544
vn 3.2368956 0.214792 3.7371922
v 1.5660644 10.8713198 10.6853781
vt 671 575
vn 0.4538155 0.781212 6.2118273
v 1.4133464 10.3653994 10.7429714
vt 640 575
vn 0.2399225 0.1454961 6.257638
f 2257/2257/2257 2258/2258/2258 2259/2259/2259 2260/2260/2260
v -0.838824 -2.7574296 7.088985
vt 672 544
vn -1.8573016 -2.087801 0.8802856
v -0.4983022 -2.8212736 6.7819729
vt 703 544
vn -0.5451912 -4.17314 -1.784736
v -0.4438263 -2.7875116 7.0190849
vt 703 575
vn -1.1024172 -5.2584019 2.2267075
v -0.6871943 -2.4638488 7.2460985
vt 672 575
vn -1.5237991 -4.0238957 4.4002037
f 2261/2261/2261 2262/2262/2262 2263/2263/2263 2264/2264/2264
v -0.0902869 6.3776259 8.3282776
vt 704 544
vn -2.3804009 5.7223058 -0.5110473
v 0.4683181 6.5744615 8.9229183
vt 735 544
vn 1.1830832 5.6473832 -1.8632547
v 1.1996183 6.11308 8.7859955
vt 735 575
vn 4.1026454 4.284955 -1.75784
v 0.3690233 6.4896326 8.1900015
vt 704 575
vn 0.7227297 5.6345415 -0.9126898
f 2265/2265/2265 2266/2266/2266 2267/2267/2267 2268/2268/2268
v -1.6856735 9.0684738 9.38235
vt 736 544
vn -4.625967 -3.3139822 -2.0981743
v -1.7702596 9.0807648 9.8286619
vt 767 544
vn -5.5289726 -2.6719313 0.1317254
v -1.8472596 9.4003592 9.3700686
vt 767 575
vn -4.7121801 -3.4805365 -1.0187896
v -1.904598 9.4341097 8.9796915
vt 736 575
vn -3.3718729 -1.9216355 -2.2560964
f 2269/2269/2269 2270/2270/2270 2271/2271/2271 2272/2272/2272
v 2.1469436 9.6621571 6.5103092
vt 768 544
vn 0.8572376 -6.1868773 0.0905563
v 2.7540355 9.6922426 6.190959
vt 799 544
vn 3.2653902 -2.6851051 -0.0636414
v 2.7611051 9.6800289 6.8581715
vt 799 575
vn 3.1811173 -2.7929919 -0.0766009
v 1.9439826 9.6690979 7.5739646
vt 768 575
vn 0.1559818 -6.2734199 -0.060296
f 2273/2273/2273 2274/2274/2274 2275/2275/2275 2276/2276/2276
v 2.1703277 0.4303749 7.2698779
vt 800 544
vn 4.7474637 1.585324 0.7242641
v 1.9417834 -0.0208976 7.594275
vt 831 544
vn 4.8761678 0.3181888 3.9426255
v 1.9595025 -0.3573636 7.6000943
vt 831 575
vn 4.8143973 0.0972116 4.0229158
v 2.2452257 -0.1317795 7.2132392
vt 800 575
vn 5.0769215 0.3637425 0.0930577
f 2277/2277/2277 2278/2278/2278 2279/2279/2279 2280/2280/2280
v -2.2996731 10.5667105 7.7387967
vt 832 544
vn -4.6905355 -0.2145839 0.046561
v -2.1207969 10.3838358 8.0646715
vt 863 544
vn -4.6901903 -0.4000166 0.014211
v -2.3053966 10.5365944 8.7295065
vt 863 575
vn -4.088872 -0.2924671 -0.0315438
v -2.1678884 10.7336321 7.5415764
vt 832 575
vn -4.7957101 -0.0388334 -0.0133276
f 2281/2281/2281 2282/2282/2282 2283/2283/2283 2284/2284/2284
v 0.9297174 9.2690716 9.2664928
vt 864 544
vn -5.1750278 -3.1879284 -0.4739927
v 1.1912304 9.0035133 9.1726151
vt 895 544
vn -3.7372246 -4.2427244 -2.456044
v 0.8701451 9.3303328 9.6277971
vt 895 575
vn -5.9077249 -1.7787943 -0.0327998
v 0.7903621 9.6716537 9.2572803
vt 864 575
vn -2.6197088 -4.3311925 -0.1888965
f 2285/2285/2285 2286/2286/2286 2287/2287/2287 2288/2288/2288
v -0.3471948 10.7539425 10.7739067
vt 896 544
vn 0.1184 0.4066218 6.2467475
v -1.033446 11.2428942 10.7446308
vt 927 544
vn -0.0589846 3.2440076 3.1336877
v -2.089206 11.1408386 10.707346
vt 927 575
vn -2.0324981 1.9298031 2.4744358
v -1.4399793 10.5319357 10.7670441
vt 896 575
vn -0.1389892 0.1654233 6.2758346
f 2289/2289/2289 2290/2290/2290 2291/2291/2291 2292/2292/2292
v 1.1996183 6.11308 8.7859955
vt 928 544
vn 4.1026454 4.284955 -1.75784
v 1.0868367 6.403605 9.2048731
vt 959 544
vn -1.1607244 2.8194234 -3.4269857
v 1.428494 5.9591227 8.9892912
vt 959 575
vn 0.0870481 0.41723 -3.3565907
v 1.5572207 5.2399898 8.371789
vt 928 575
vn 5.9881616 1.4036967 -0.4447609
f 2293/2293/2293 2294/2294/2294 2295/2295/2295 2296/2296/2296
v 0.1521023 -2.0492618 5.7047348
vt 960 544
vn 0.2624848 -2.8282139 -5.527463
v 0.5852232 -2.2761736 5.8586383
vt 991 544
vn 0.0822607 -4.1437621 -4.4313054
v 0.5915576 -2.5969982 6.3827891
vt 991 575
vn 1.8432662 -3.871177 -4.0354452
v 0.2339423 -2.3865983 5.9404812
vt 960 575
vn -0.1028401 -4.4991517 -4.0818105
f 2297/2297/2297 2298/2298/2298 2299/2299/2299 2300/2300/2300
v 1.0868367 6.403605 9.2048731
vt 992 544
vn -1.1607244 2.8194234 -3.4269857
v 1.1996183 6.11308 8.7859955
vt 1023 544
vn 4.1026454 4.284955 -1.75784
v 0.4683181 6.5744615 8.9229183
vt 1023 575
vn 1.1830832 5.6473832 -1.8632547
v 0.6797994 6.813416 9.7568579
vt 992 575
vn -1.7675267 4.6223326 -2.824064
f 2301/2301/2301 2302/2302/2302 2303/2303/2303 2304/2304/2304
v 1.1197946 5.4550605 5.417994
vt 0 576
vn -0.6609487 1.1314217 -5.842083
v 0.8632342 5.8049364 5.5894437
vt 31 576
vn -2.6096272 1.2845687 -5.4325409
v 1.2416314 6.703361 5.6346526
vt 31 607
vn 0.5633855 0.6306366 -5.8119988
v 1.3284473 6.0823674 5.5581117
vt 0 607
vn 1.3654482 1.1071955 -5.649765
f 2305/2305/2305 2306/2306/2306 2307/2307/2307 2308/2308/2308
v -0.6762748 -0.027533 8.3547812
vt 32 576
vn -2.8835306 0.0861724 5.5446501
v -0.9979711 0.0847734 8.1565037
vt 63 576
vn -3.6487777 0.5438191 5.0340571
v -0.9552729 -0.3092592 8.1923828
vt 63 607
vn -2.9789455 -0.2847018 5.5091805
v -0.5572207 -0.3146074 8.388504
vt 32 607
vn -2.6177106 -0.482862 5.6843915
f 2309/2309/2309 2310/2310/2310 2311/2311/2311 2312/2312/2312
v -0.5764898 1.2129443 8.1954317
vt 64 576
vn -2.8249483 0.8965482 5.4338923
v -0.3206217 0.9376569 8.351449
vt 95 576
vn -2.2366414 1.342864 5.6961865
v 0.197573 0.8561366 8.4704599
vt 95 607
vn -1.1533995 0.5247422 5.8738585
v -0.0038174 1.2333388 8.4290371
vt 64 607
vn -1.5189712 1.1068832 5.7660294
f 2313/2313/2313 2314/2314/2314 2315/2315/2315 2316/2316/2316
v 0.7903621 9.6716537 9.2572803
vt 96 576
vn -2.6197088 -4.3311925 -0.1888965
v 1.2172902 9.6202259 8.582408
vt 127 576
vn -1.1451399 -5.2232094 -2.1675096
v 1.3974378 9.3275108 8.7740784
vt 127 607
vn -0.3912064 -3.6710262 -5.0767384
v 1.0158211 9.1996098 8.9192772
vt 96 607
vn -3.121115 -2.5849113 -2.5884972
f 2317/2317/2317 2318/2318/2318 2319/2319/2319 2320/2320/2320
v -0.0902869 6.3776259 8.3282776
vt 128 576
vn -2.3804009 5.7223058 -0.5110473
v 0.199689 6.3223133 7.2654676
vt 159 576
vn 0.2242054 6.0396957 -0.3482504
v -0.3143164 6.277101 6.9014168
vt 159 607
vn 2.2261367 4.0524411 2.5453
v -0.5888251 6.0758433 7.2126212
vt 128 607
vn -0.8088347 4.006062 3.0490334
f 2321/2321/2321 2322/2322/2322 2323/2323/2323 2324/2324/2324
v 0.117906 -0.1429975 5.1309581
vt 160 576
vn -0.9588346 -0.7084841 -5.1139932
v -0.0146127 0.2438526 5.3614326
vt 191 576
vn -1.9908903 4.2353892 -3.164392
v 0.729355 0.148228 5.4116402
vt 191 607
vn 2.6724799 3.7883942 -3.7309852
v 0.2295149 0.3327681 5.2140784
vt 160 607
vn -0.1373588 2.3767586 -1.1224414
f 2325/2325/2325 2326/2326/2326 2327/2327/2327 2328/2328/2328
v 2.1047018 3.4308853 5.602838
vt 192 576
vn 4.8026776 -0.3638418 -3.311677
v 1.8969966 2.2071919 5.8884444
vt 223 576
vn 4.7284117 -2.0717468 -3.348948
v 1.0488949 2.9535499 4.8839684
vt 223 607
vn 2.9909182 -0.4782904 -5.2776318
v 1.4306035 2.9011769 5.1812916
vt 192 607
vn 3.8502409 -0.8494465 -4.82866
f 2329/2329/2329 2330/2330/2330 2331/2331/2331 2332/2332/2332
v 1.2336193 7.1473188 10.6735687
vt 224 576
vn -3.3545973 2.9083815 3.925432
v 1.37133 7.7636466 10.6623516
vt 255 576
vn -4.4917035 0.7189015 4.3270655
v 1.1998558 8.2195101 10.4065247
vt 255 607
vn -5.1934929 0.688625 3.3619006
v 0.9651346 7.4437947 10.3043079
vt 224 607
vn -5.2807035 0.7192719 2.3658073
f 2333/2333/2333 2334/2334/2334 2335/2335/2335 2336/2336/2336
v 0.4405781 -1.3473299 4.7524858
vt 256 576
vn 0.6922486 -0.4380176 -5.7174253
v 0.8988553 -1.2940068 4.897398
vt 287 576
vn 3.0158353 -1.817013 -3.6619129
v 0.5944185 -1.5403377 4.8912325
vt 287 607
vn 2.2491546 -3.8317652 -1.8326962
v 0.0616551 -1.6454318 4.7679496
vt 256 607
vn -0.9896978 -2.034971 -1.8591251
f 2337/2337/2337 2338/2338/2338 2339/2339/2339 2340/2340/2340
v 0.6480937 1.4739243 5.3123622
vt 288 576
vn 2.1354966 -3.1759748 -4.8622203
v 0.9128847 1.2075851 5.6649389
vt 319 576
vn 2.5718534 -3.6341062 -4.2826252
v 0.2566007 0.941287 5.7603073
vt 319 607
vn 0.1163355 -3.2465198 -4.933486
v 0.1896707 1.1727921 5.3624778
vt 288 607
vn -0.2207861 -3.9204173 -3.899368
f 2341/2341/2341 2342/2342/2342 2343/2343/2343 2344/2344/2344
v 2.319593 11.2352247 10.4274683
vt 320 576
vn 2.6502388 3.0657089 1.3803985
v 2.49352 10.4443789 9.8055992
vt 351 576
vn 6.1407166 0.0173029 1.3193043
v 2.6055505 10.8017054 9.3157434
vt 351 607
vn 6.1105413 -0.2947946 0.4532343
v 2.645376 11.2439251 9.087471
vt 320 607
vn 3.0870714 3.1219182 0.4998778
f 2345/2345/2345 2346/2346/2346 2347/2347/2347 2348/2348/2348
v -0.2480418 -0.3282507 5.3927498
vt 352 576
vn -2.9911373 -3.3015873 -3.3139408
v 0.1992213 -0.5453549 5.472517
vt 383 576
vn -0.823494 -2.8057334 -4.9831514
v 0.0945862 -0.876982 5.4627609
vt 383 607
vn 0.2008002 3.5446491 -0.9947082
v -0.3998626 -0.5079306 6.052639
vt 352 607
vn -0.4093586 0.5714488 -1.5863019
f 2349/2349/2349 2350/2350/2350 2351/2351/2351 2352/2352/2352
v -0.1026302 -1.312364 5.5270538
vt 384 576
vn -2.1481106 -2.9944291 -2.0261302
v -0.3745954 -1.6231073 5.558054
vt 415 576
vn -2.3544574 0.1623618 -4.4711041
v -0.3054976 -1.3080076 5.7124519
vt 415 607
vn -3.0628209 -1.6625233 -2.5605803
v -0.5537177 -1.1793394 5.1779699
vt 384 607
vn -3.5196738 -1.9026171 -2.0845795
f 2353/2353/2353 2354/2354/2354 2355/2355/2355 2356/2356/2356
v 0.2045924 3.8276851 8.8958168
vt 416 576
vn 0.1461888 -5.6628723 2.5142636
v -0.5879263 3.7530088 8.3972807
vt 447 576
vn -2.9004326 -4.0520177 3.5587671
v -0.1758097 3.0225344 8.0947495
vt 447 607
vn -1.7395442 -0.8609504 5.7462597
v 0.3073533 3.5043333 8.4004221
vt 416 607
vn 0.445205 -3.8193932 4.7133093
f 2357/2357/2357 2358/2358/2358 2359/2359/2359 2360/2360/2360
v 2.3585465 9.540061 10.2339096
vt 448 576
vn 4.6630759 -2.5081279 2.3695915
v 1.8637838 9.3014441 10.4364872
vt 479 576
vn 4.4176502 -1.0712456 3.7545331
v 2.3242514 9.2557869 9.9157972
vt 479 607
vn 5.3402967 -2.3867252 1.9169003
v 2.5398571 9.5475302 9.7129898
vt 448 607
vn 5.5296636 -1.8113351 1.0765184
f 2361/2361/2361 2362/2362/2362 2363/2363/2363 2364/2364/2364
v 1.6252351 0.7632064 6.7004547
vt 480 576
vn 3.4927595 0.5990512 -4.2089348
v 1.8550019 0.6232461 6.7557373
vt 511 576
vn 3.3776145 1.3147994 -5.0241446
v 1.8133552 0.4428629 6.6243544
vt 511 607
vn 4.2063074 2.4793279 -3.8401258
v 1.4695929 0.4076726 6.2916512
vt 480 607
vn 3.4284413 2.8347371 -4.3843899
f 2365/2365/2365 2366/2366/2366 2367/2367/2367 2368/2368/2368
v 1.1610943 9.2584438 5.3675017
vt 512 576
vn 1.0808039 -2.6583111 -2.3336387
v 0.9431259 9.3333368 5.4838243
vt 543 576
vn -2.5286295 -4.7180734 -3.2508655
v 0.9131269 9.6787405 5.1035728
vt 543 607
vn -0.1381631 -3.1009948 -4.9072909
v 1.3318908 9.5333643 5.4720297
vt 512 607
vn 1.3644822 -3.4282289 -3.770592
f 2369/2369/2369 2370/2370/2370 2371/2371/2371 2372/2372/2372
v -1.6300114 5.6380792 6.0886016
vt 544 576
vn -5.8950977 0.9448941 -1.7383655
v -1.7186565 5.2483177 6.1031179
vt 575 576
vn -5.854816 0.829129 -1.5278989
v -1.7074028 5.4003491 6.2740707
vt 575 607
vn -6.1406288 0.925922 0.0287403
v -1.6478422 5.7903638 6.5032783
vt 544 607
vn -5.653378 0.8351051 1.6037071
f 2373/2373/2373 2374/2374/2374 2375/2375/2375 2376/2376/2376
v 0.1721294 4.2999787 4.6582446
vt 576 576
vn -0.182039 2.4904988 -3.6929073
v 0.7020045 3.9603119 4.8389473
vt 607 576
vn 2.7533834 1.6741241 -5.3610682
v -0.1406698 3.7821763 4.6492801
vt 607 607
vn -2.2505269 0.8680989 -5.4221754
v -0.2677985 4.0479312 4.8525467
vt 576 607
vn -2.9944005 2.1255896 -5.0717635
f 2377/2377/2377 2378/2378/2378 2379/2379/2379 2380/2380/2380
v 1.9364496 -1.8923683 7.1905069
vt 608 576
vn 4.4636307 -2.024142 1.4634535
v 1.5931158 -2.430516 6.9921889
vt 639 576
vn 4.1454272 -3.1544294 0.8589252
v 1.496455 -2.1932118 6.692246
vt 639 607
vn 4.4468751 -2.1343689 -3.1400254
v 1.7953528 -2.1716671 6.7891612
vt 608 607
vn 3.1349297 -1.8395039 -2.4939117
f 2381/2381/2381 2382/2382/2382 2383/2383/2383 2384/2384/2384
v -0.5572207 -0.3146074 8.388504
vt 640 576
vn -2.6177106 -0.482862 5.6843915
v -0.6298488 -0.6730745 8.3453665
vt 671 576
vn -2.4623125 -0.6044784 5.6975226
v -0.2615512 -0.7754563 8.4774914
vt 671 607
vn -1.7960021 -0.9522947 5.8222146
v -0.2107034 -0.4854413 8.4937353
vt 640 607
vn -1.7293668 -0.6674303 5.9571805
f 2385/2385/2385 2386/2386/2386 2387/2387/2387 2388/2388/2388
v -1.8371121 5.0199275 10.0931492
vt 672 576
vn -3.5800936 -4.83284 0.2800821
v -2.1761847 5.450007 10.3137732
vt 703 576
vn -4.8938251 -2.6705918 1.9423342
v -2.4616792 5.8456368 9.9926882
vt 703 607
vn -5.3701148 -0.9830762 1.5255117
v -2.3777645 5.513401 8.9822121
vt 672 607
vn -3.9981718 -3.382514 -1.3312237
f 2389/2389/2389 2390/2390/2390 2391/2391/2391 2392/2392/2392
v -1.3295109 1.5560086 7.5216827
vt 704 576
vn -4.9380374 -1.1770959 3.501415
v -1.2459973 1.2842181 7.5112739
vt 735 576
vn -5.1608462 -0.9470112 3.3693209
v -0.5764898 1.2129443 8.1954317
vt 735 607
vn -2.8249483 0.8965482 5.4338923
v -1.037149 1.6705198 7.8646469
vt 704 607
vn -4.0166016 -0.4940187 4.650465
f 2393/2393/2393 2394/2394/2394 2395/2395/2395 2396/2396/2396
v 1.463582 7.9540358 5.8474088
vt 736 576
vn 3.1766644 0.5687504 -4.7197471
v 1.1690669 8.673481 5.7597446
vt 767 576
vn 0.5142588 -0.6306475 -5.9327259
v 1.4583799 9.0611343 5.7471519
vt 767 607
vn 2.4464931 0.3052062 -4.6687775
v 1.5425136 8.6745443 5.9761591
vt 736 607
vn 4.6665258 -0.9854602 -3.7927973
f 2397/2397/2397 2398/2398/2398 2399/2399/2399 2400/2400/2400
v 0.563645 -1.7042028 5.6401429
vt 768 576
vn 0.3664081 -2.5070207 -5.5331545
v 0.5852232 -2.2761736 5.8586383
vt 799 576
vn 0.0822607 -4.1437621 -4.4313054
v 0.1521023 -2.0492618 5.7047348
vt 799 607
vn 0.2624848 -2.8282139 -5.527463
v 0.2729014 -1.6193513 5.5166512
vt 768 607
vn 0.2145558 -4.0590706 -3.9604282
f 2401/2401/2401 2402/2402/2402 2403/2403/2403 2404/2404/2404
v -0.0038174 1.2333388 8.4290371
vt 800 576
vn -1.5189712 1.1068832 5.7660294
v 0.5938598 1.1847203 8.4284649
vt 831 576
vn 1.8527051 2.3656912 4.9070683
v 0.8837773 0.9162911 8.3062
vt 831 607
vn 2.9417577 0.8115298 5.4545455
v 0.8083784 1.3902309 8.2110214
vt 800 607
vn 2.6467252 1.2770283 5.5070539
f 2405/2405/2405 2406/2406/2406 2407/2407/2407 2408/2408/2408
v 0.5571769 -0.0621887 5.1889009
vt 832 576
vn 1.9080704 0.7147143 -5.3795266
v 0.9399669 -0.031468 5.4653616
vt 863 576
vn 4.1601391 1.7026976 -3.8857918
v 0.8124229 -0.3640853 5.2878165
vt 863 607
vn 1.9473077 -2.1747482 -2.7900202
v 0.4650186 -0.353432 5.2453833
vt 832 607
vn 0.5592277 -3.5420339 -4.4253469
f 2409/2409/2409 2410/2410/2410 2411/2411/2411 2412/2412/2412
v -0.4333994 9.2071657 9.8003101
vt 864 576
vn 5.8054824 -1.5954679 -0.2380118
v -0.4881511 8.9170847 10.0357542
vt 895 576
vn 5.9599838 0.1437897 1.1116444
v -0.4209428 8.3505898 9.9897118
vt 895 607
vn 5.7987165 0.5742427 0.3017739
v -0.5981789 8.6624746 9.5662079
vt 864 607
vn 4.5258589 -0.2928806 -3.7051811
f 2413/2413/2413 2414/2414/2414 2415/2415/2415 2416/2416/2416
v 1.7828457 11.1498623 5.1241546
vt 896 576
vn -0.0299917 1.0178345 -5.564117
v 1.2542537 11.2434769 5.1932297
vt 927 576
vn -0.1636839 4.0287976 -3.0082901
v 2.3847964 11.2413883 5.1896887
vt 927 607
vn 1.2512435 2.4276531 -2.6441686
v 1.9616995 11.0344448 5.1419959
vt 896 607
vn 0.1825979 -1.0089858 -6.0704322
f 2417/2417/2417 2418/2418/2418 2419/2419/2419 2420/2420/2420
v -0.8353338 9.1119928 5.6603389
vt 928 576
vn 1.5880945 -3.6451063 -4.472014
v -1.2957491 8.6485729 5.8386111
vt 959 576
vn -2.9375589 -1.105872 -5.1511378
v -1.464416 9.0957222 5.766304
vt 959 607
vn -3.7880883 -3.3797112 -3.4197748
v -1.1136544 9.1727552 5.564456
vt 928 607
vn 0.3313871 -3.8936377 -4.779582
f 2421/2421/2421 2422/2422/2422 2423/2423/2423 2424/2424/2424
v 1.5088542 7.0223751 10.8895273
vt 960 576
vn -0.1671395 2.3647056 5.5037017
v 1.8869864 6.7386556 10.9845953
vt 991 576
vn 2.1837254 3.0441775 4.8987837
v 1.8632526 7.0260792 10.7882643
vt 991 607
vn 2.9369791 1.9854512 5.0009646
v 1.6170613 7.5603294 10.9375019
vt 960 607
vn 0.0468336 0.4841409 4.5448756
f 2425/2425/2425 2426/2426/2426 2427/2427/2427 2428/2428/2428
v 0.960896 3.4793823 4.870791
vt 992 576
vn 2.9894929 0.5387328 -5.4462562
v 0.5007415 3.1651368 4.6552167
vt 1023 576
vn 1.6325296 -0.3947167 -5.9385309
v 0.0149915 3.2573111 4.5860701
vt 1023 607
vn -0.8761541 -0.2644362 -5.9039197
v 0.3371052 3.7314296 4.6068001
vt 992 607
vn 1.2436131 0.5952711 -5.8526645
f 2429/2429/2429 2430/2430/2430 2431/2431/2431 2432/2432/2432
v -1.2910845 1.0389718 7.3449225
vt 0 608
vn -4.7032585 1.5204687 2.7325885
v -1.0896046 1.0690819 7.7908597
vt 31 608
vn -4.321907 2.4301097 3.761862
v -0.5764898 1.2129443 8.1954317
vt 31 639
vn -2.8249483 0.8965482 5.4338923
v -1.2459973 1.2842181 7.5112739
vt 0 639
vn -5.1608462 -0.9470112 3.3693209
f 2433/2433/2433 2434/2434/2434 2435/2435/2435 2436/2436/2436
v 1.6926731 3.8023508 5.2143116
vt 32 608
vn 3.1070576 0.4568711 -5.0011616
v 1.2052482 3.7372944 5.0458412
vt 63 608
vn 2.5568986 0.8000829 -5.6437478
v 0.7020045 3.9603119 4.8389473
vt 63 639
vn 2.7533834 1.6741241 -5.3610682
v 0.908794 4.4898252 5.1390667
vt 32 639
vn 1.89477 1.9099817 -5.6536989
f 2437/2437/2437 2438/2438/2438 2439/2439/2439 2440/2440/2440
v -0.7287021 -0.3919527 6.0537472
vt 64 608
vn -3.5272567 1.8784 -4.2064238
v -0.9228174 -0.7567344 5.8721051
vt 95 608
vn -4.9847155 1.9159563 -2.5140054
v -1.0353884 -1.0590802 6.1028352
vt 95 639
vn -5.8536625 0.5035093 -2.1934602
v -0.9911216 -0.6637969 6.1976037
vt 64 639
vn -5.134304 1.5910665 -3.1109138
f 2441/2441/2441 2442/2442/2442 2443/2443/2443 2444/2444/2444
v -2.389179 10.0429659 7.0727453
vt 96 608
vn -5.8135171 1.6129109 0.1479813
v -2.4213271 9.6988945 6.4937453
vt 127 608
vn -3.5602317 -2.7126038 0.1460681
v -1.7363863 9.6240749 6.7649441
vt 127 639
vn -2.4094403 -4.721199 1.6997935
v -2.3455255 9.6739101 7.7498221
vt 96 639
vn -3.2322302 -3.3618081 0.0720229
f 2445/2445/2445 2446/2446/2446 2447/2447/2447 2448/2448/2448
v 0.8801453 4.0181279 8.879878
vt 128 608
vn 2.4381139 -5.3405118 1.9561906
v 1.0876253 4.166503 9.8527956
vt 159 608
vn 2.1757216 -5.7533836 0.2954232
v 1.6038773 4.4369297 10.0536261
vt 159 639
vn 3.5153041 -4.9334154 0.0608528
v 1.0089836 4.1994104 10.3900986
vt 128 639
vn 1.6390414 -5.5140657 1.7066886
f 2449/2449/2449 2450/2450/2450 2451/2451/2451 2452/2452/2452
v 2.7611051 9.6800289 6.8581715
vt 160 608
vn 3.1811173 -2.7929919 -0.0766009
v 2.7540355 9.6922426 6.190959
vt 191 608
vn 3.2653902 -2.6851051 -0.0636414
v 2.690618 10.1114864 6.5042572
vt 191 639
vn 5.3546958 2.6897469 -0.1487044
v 2.747328 10.0211658 7.2266998
vt 160 639
vn 5.5988688 1.9527674 0.0561761
f 2453/2453/2453 2454/2454/2454 2455/2455/2455 2456/2456/2456
v -1.0902056 9.6505461 7.8246217
vt 192 608
vn -0.0212921 -6.2721329 0.3524283
v -1.1681788 9.6167936 7.1853209
vt 223 608
vn -0.4073812 -5.6703429 1.9581908
v -0.5092713 9.6540346 7.7603951
vt 223 639
vn 0.1276505 -6.2730331 0.2688394
v -1.1563927 9.6775455 8.2806435
vt 192 639
vn 0.0455229 -6.2721052 -0.032991
f 2457/2457/2457 2458/2458/2458 2459/2459/2459 2460/2460/2460
v 0.1509862 9.7346964 5.0512204
vt 224 608
vn -0.0128471 -2.7342186 -3.9763525
v -0.6208786 9.7075348 5.0894232
vt 255 608
vn 0.4049763 -2.1025109 -5.2545943
v -1.0653387 10.146102 5.1497765
vt 255 639
vn 0.2588091 2.347908 -5.6441298
v -0.4809497 10.1006184 5.0889878
vt 224 639
vn -0.2551135 1.9993123 -5.5712094
f 2461/2461/2461 2462/2462/2462 2463/2463/2463 2464/2464/2464
v -0.4768795 8.2453394 6.656878
vt 256 608
vn 5.3819427 0.1967286 2.5711935
v -1.1361034 8.4585123 6.9895229
vt 287 608
vn -2.7327003 -0.4990859 5.2653489
v -1.1936022 7.8760519 6.9059567
vt 287 639
vn -3.4548869 0.1691352 5.0099311
v -0.8014895 8.0357037 7.0034304
vt 256 639
vn 1.7252208 0.1796633 5.3419838
f 2465/2465/2465 2466/2466/2466 2467/2467/2467 2468/2468/2468
v 1.7495652 -1.5985535 6.761035
vt 288 608
vn 5.1050549 -0.8959483 -3.470448
v 1.8058797 -1.1584716 6.7105446
vt 319 608
vn 5.6561079 -1.2448403 -2.19818
v 1.8969065 -1.3026146 6.9009051
vt 319 639
vn 5.0706244 -0.3452204 -3.6125793
v 1.8839529 -1.6786504 6.9619255
vt 288 639
vn 5.114459 -0.9211079 -3.4164369
f 2469/2469/2469 2470/2470/2470 2471/2471/2471 2472/2472/2472
v 1.403482 11.243824 10.6195965
vt 320 608
vn 0.4062445 4.0723462 2.9630799
v 0.0187843 11.2437611 10.674159
vt 351 608
vn -0.0157338 3.8972194 3.0462792
v -0.3471948 10.7539425 10.7739067
vt 351 639
vn 0.1184 0.4066218 6.2467475
v 0.6180144 11.1000423 10.7349701
vt 320 639
vn 0.2096794 1.6049256 5.8449426
f 2473/2473/2473 2474/2474/2474 2475/2475/2475 2476/2476/2476
v 1.9439826 9.6690979 7.5739646
vt 352 608
vn 0.1559818 -6.2734199 -0.060296
v 2.7611051 9.6800289 6.8581715
vt 383 608
vn 3.1811173 -2.7929919 -0.0766009
v 2.747328 10.0211658 7.2266998
vt 383 639
vn 5.5988688 1.9527674 0.0561761
v 2.739068 9.6838598 7.4582844
vt 352 639
vn 3.2465966 -3.2607012 -0.0588962
f 2477/2477/2477 2478/2478/2478 2479/2479/2479 2480/2480/2480
v 2.2646616 9.6466465 10.6859331
vt 384 608
vn 2.0578024 -1.8014038 2.658421
v 2.4275866 9.9688702 10.1063356
vt 415 608
vn 6.0812263 -0.1074709 1.5538548
v 2.49352 10.4443789 9.8055992
vt 415 639
vn 6.1407166 0.0173029 1.3193043
v 2.3039167 10.5340843 10.6700888
vt 384 639
vn 3.2368956 0.214792 3.7371922
f 2481/2481/2481 2482/2482/2482 2483/2483/2483 2484/2484/2484
v -0.5853232 9.30758 10.3265638
vt 416 608
vn 4.8831515 -1.3612778 3.3932395
v -0.4305431 9.5870934 10.30723
vt 447 608
vn 2.6451082 -4.826581 1.6875436
v -0.542484 9.6640034 10.5845737
vt 447 639
vn 1.1473324 -5.6538863 1.989096
v -0.9380537 9.5008602 10.6340351
vt 416 639
vn 1.4869531 -1.9499049 4.9878411
f 2485/2485/2485 2486/2486/2486 2487/2487/2487 2488/2488/2488
v 2.3867195 10.4145832 6.3253713
vt 448 608
vn 4.7849164 0.4452308 0.0569477
v 2.4552734 10.4623652 7.121942
vt 479 608
vn 4.8300767 -2.1769173 -0.1845933
v 2.437186 10.4201927 7.8837714
vt 479 639
vn 4.6567101 -0.4474545 -0.0025285
v 2.5269501 10.2737236 7.5892291
vt 448 639
vn 5.152072 3.5012264 0.0499052
f 2489/2489/2489 2490/2490/2490 2491/2491/2491 2492/2492/2492
v 0.8801453 4.0181279 8.879878
vt 480 608
vn 2.4381139 -5.3405118 1.9561906
v 0.9426506 3.5671461 8.1524916
vt 511 608
vn 2.9703069 -3.0414302 4.3756661
v 1.252677 4.1978521 8.7101736
vt 511 639
vn 4.3255596 -4.0643759 1.7694275
v 1.3759007 4.3850851 9.3504019
vt 480 639
vn 4.1969304 -4.5941219 -0.4226854
f 2493/2493/2493 2494/2494/2494 2495/2495/2495 2496/2496/2496
v 2.7875972 9.6783333 8.2369566
vt 512 608
vn 3.3777688 -2.7266772 -0.0024118
v 2.7570465 10.0122547 8.0929031
vt 543 608
vn 5.571959 2.1332023 -0.0124173
v 2.3951421 10.4538717 8.7462893
vt 543 639
vn 4.2760949 -0.6742337 -0.173905
v 2.7264566 9.9746828 8.8115988
vt 512 639
vn 5.7293177 2.1683261 0.353292
f 2497/2497/2497 2498/2498/2498 2499/2499/2499 2500/2500/2500
v -1.003618 9.6597157 8.7096863
vt 544 608
vn 0.0402384 -4.3661723 -3.0229743
v -1.0003899 9.4001589 8.8582191
vt 575 608
vn 0.6493219 -3.8276634 -4.6777163
v -1.4165095 9.639658 8.6773758
vt 575 639
vn -0.3824878 -4.0546713 -3.3260775
v -1.1563927 9.6775455 8.2806435
vt 544 639
vn 0.0455229 -6.2721052 -0.032991
f 2501/2501/2501 2502/2502/2502 2503/2503/2503 2504/2504/2504
v 0.0052788 4.781146 11.3477612
vt 576 608
vn 0.0610252 -3.144897 5.0786958
v 0.4587194 4.4404883 11.0689335
vt 607 608
vn 0.4516228 -4.3804588 3.9006567
v 0.3786738 4.9079046 11.3146791
vt 607 639
vn 0.7359012 -2.6292005 5.6378198
v 0.178081 5.3496771 11.5329714
vt 576 639
vn 0.1062829 -0.478034 5.9471412
f 2505/2505/2505 2506/2506/2506 2507/2507/2507 2508/2508/2508
v -1.3084128 -0.4771491 7.9148946
vt 608 608
vn -4.6756825 -0.4406719 4.0878377
v -1.4551014 -0.3733066 7.7363782
vt 639 608
vn -5.2352467 0.1879357 3.141293
v -1.3692995 -0.9264985 7.7462411
vt 639 639
vn -4.87046 -1.3718907 3.4711967
v -1.1458505 -0.6357483 8.068224
vt 608 639
vn -3.8421264 -0.6111656 4.7093992
f 2509/2509/2509 2510/2510/2510 2511/2511/2511 2512/2512/2512
v -0.0100253 -1.6689574 8.2147427
vt 640 608
vn -1.7987405 -3.0477409 5.1802649
v -0.1982963 -2.0553088 7.9505944
vt 671 608
vn -1.3982229 -3.627516 4.7505498
v 0.1293611 -1.9630965 8.0485649
vt 671 639
vn -2.0200453 -3.5056314 4.5748925
v 0.3685624 -1.7719582 8.3264523
vt 640 639
vn 0.5192498 -2.5763426 4.7575684
f 2513/2513/2513 2514/2514/2514 2515/2515/2515 2516/2516/2516
v 2.5398571 9.5475302 9.7129898
vt 672 608
vn 5.5296636 -1.8113351 1.0765184
v 2.3051574 9.1376219 9.4396553
vt 703 608
vn 5.0642066 -3.185107 -1.0906036
v 2.3718534 9.2422962 8.9607944
vt 703 639
vn 1.9240437 -2.0283952 -2.1777363
v 2.4635239 9.555829 9.0544901
vt 672 639
vn 3.8598704 -3.9759634 -1.9596416
f 2517/2517/2517 2518/2518/2518 2519/2519/2519 2520/2520/2520
v -1.0206362 7.5440578 5.7082272
vt 704 608
vn -0.9177183 0.4819466 -5.9125514
v -0.8058481 6.8591022 5.643723
vt 735 608
vn 0.939312 0.6667811 -5.8257513
v -0.8014017 6.1614299 5.5516667
vt 735 639
vn 0.4479024 0.9049633 -5.9238629
v -1.3596679 6.4234614 5.7268333
vt 704 639
vn -3.4153907 0.5356427 -4.7471714
f 2521/2521/2521 2522/2522/2522 2523/2523/2523 2524/2524/2524
v -2.3762779 10.9279776 8.412118
vt 736 608
vn -5.264545 -2.005017 0.061256
v -2.3662388 10.9499302 7.7437057
vt 767 608
vn -5.4968839 -2.1197083 -0.0152873
v -2.4251354 11.0795164 6.9037066
vt 767 639
vn -5.4664216 -0.7143909 -0.2140677
v -2.1678884 10.7336321 7.5415764
vt 736 639
vn -4.7957101 -0.0388334 -0.0133276
f 2525/2525/2525 2526/2526/2526 2527/2527/2527 2528/2528/2528
v -1.1416475 -0.3472425 6.4509497
vt 768 608
vn -5.0329528 -0.1398982 -3.6200137
v -1.3683766 -0.3304695 6.921886
vt 799 608
vn -5.2693672 -0.5760315 -3.2339082
v -1.3342793 0.3901164 6.8723059
vt 799 639
vn -4.8155446 0.6268277 -3.8554108
v -1.2787204 0.0556001 6.5045505
vt 768 639
vn -4.3591919 0.5836865 -3.1239223
f 2529/2529/2529 2530/2530/2530 2531/2531/2531 2532/2532/2532
v -1.1372898 0.8304871 7.9028363
vt 800 608
vn -4.0623541 1.8685861 4.225287
v -1.3314002 0.8347505 7.6781616
vt 831 608
vn -4.7128048 2.2657239 2.8364737
v -1.2308538 0.4038499 7.8959956
vt 831 639
vn -4.6491814 0.6893381 4.1315265
v -0.9386582 0.4800442 8.1719427
vt 800 639
vn -3.46984 0.8916986 4.996604
f 2533/2533/2533 2534/2534/2534 2535/2535/2535 2536/2536/2536
v 1.8109777 9.2482901 6.0158143
vt 832 608
vn 4.5031219 -3.4626563 -1.6406703
v 2.0209684 9.6496305 5.9833879
vt 863 608
vn 2.7936082 -4.8009648 -0.5135505
v 1.5454214 9.2182503 6.8873286
vt 863 639
vn 3.7931497 -1.4250321 4.4634023
v 1.7382145 9.0523577 6.5402384
vt 832 639
vn 5.3267374 0.0545316 1.77853
f 2537/2537/2537 2538/2538/2538 2539/2539/2539 2540/2540/2540
v -0.2527322 7.0459571 6.3037581
vt 864 608
vn 5.7751565 0.9882213 -0.398723
v -0.4267973 7.2159395 6.7380295
vt 895 608
vn 5.073638 0.7490232 3.3681297
v -0.6388968 6.570303 7.0727406
vt 895 639
vn 2.3998623 1.3744711 5.452652
v -0.3143164 6.277101 6.9014168
vt 864 639
vn 2.2261367 4.0524411 2.5453
f 2541/2541/2541 2542/2542/2542 2543/2543/2543 2544/2544/2544
v -2.1207969 10.3838358 8.0646715
vt 896 608
vn -4.6901903 -0.4000166 0.014211
v -2.2428086 10.2204647 8.1622257
vt 927 608
vn -5.1769052 3.5499067 0.0023546
v -2.2744122 10.1421089 8.8109436
vt 927 639
vn -5.7328725 2.3419013 0.2035503
v -2.1120269 10.4010887 8.8424835
vt 896 639
vn -4.2592235 -0.9396238 -0.2051636
f 2545/2545/2545 2546/2546/2546 2547/2547/2547 2548/2548/2548
v -2.1913517 10.8023682 5.9939799
vt 928 608
vn -5.5029254 0.9167875 0.229073
v -2.3337803 11.0630264 6.3556499
vt 959 608
vn -5.7382383 -0.5175447 -1.1148973
v -2.3616428 11.2428331 6.7112784
vt 959 639
vn -3.0621405 3.6786928 -0.440222
v -2.2117488 11.2430048 6.0252771
vt 928 639
vn -2.9245784 3.8431671 0.1220604
f 2549/2549/2549 2550/2550/2550 2551/2551/2551 2552/2552/2552
v 1.1286099 0.177379 5.8659687
vt 960 608
vn 3.7378294 2.9074235 -3.9046161
v 0.9399669 -0.031468 5.4653616
vt 991 608
vn 4.1601391 1.7026976 -3.8857918
v 0.5571769 -0.0621887 5.1889009
vt 991 639
vn 1.9080704 0.7147143 -5.3795266
v 0.729355 0.148228 5.4116402
vt 960 639
vn 2.6724799 3.7883942 -3.7309852
f 2553/2553/2553 2554/2554/2554 2555/2555/2555 2556/2556/2556
v 1.5660644 10.8713198 10.6853781
vt 992 608
vn 0.4538155 0.781212 6.2118273
v 1.403482 11.243824 10.6195965
vt 1023 608
vn 0.4062445 4.0723462 2.9630799
v 0.6180144 11.1000423 10.7349701
vt 1023 639
vn 0.2096794 1.6049256 5.8449426
v 1.1763449 11.1543951 10.6996574
vt 992 639
vn 0.2862573 2.316756 5.3521509
f 2557/2557/2557 2558/2558/2558 2559/2559/2559 2560/2560/2560
v 0.8851747 -2.0248067 7.8854108
vt 0 640
vn 2.4104741 -3.4937105 4.4640737
v 0.3854974 -2.2770343 7.9078479
vt 31 640
vn 0.4340144 -3.8864138 4.3726344
v 1.1401659 -2.3231974 7.3811817
vt 31 671
vn 2.4313376 -4.1542354 4.0204434
v 1.2622963 -1.8757921 7.7505622
vt 0 671
vn 3.1208916 -3.1833007 4.3330374
f 2561/2561/2561 2562/2562/2562 2563/2563/2563 2564/2564/2564
v -0.9745372 8.1740179 10.8571215
vt 32 640
vn 0.7100646 0.8058112 5.1375966
v -1.2494122 8.1640263 10.7049074
vt 63 640
vn -3.7301366 0.711486 4.9754858
v -1.2210258 7.6665621 10.8452988
vt 63 671
vn -2.743155 1.0657957 5.3534875
v -0.8940806 7.6872821 10.913928
vt 32 671
vn 1.8154317 0.7719237 5.0433683
f 2565/2565/2565 2566/2566/2566 2567/2567/2567 2568/2568/2568
v 0.3685624 -1.7719582 8.3264523
vt 64 640
vn 0.5192498 -2.5763426 4.7575684
v 0.5403359 -2.0000944 8.0331774
vt 95 640
vn 2.760581 -3.1293075 4.6279655
v 0.8851747 -2.0248067 7.8854108
vt 95 671
vn 2.4104741 -3.4937105 4.4640737
v 0.6119051 -1.7397609 8.1436405
vt 64 671
vn 2.8202188 -3.0167058 4.6134443
f 2569/2569/2569 2570/2570/2570 2571/2571/2571 2572/2572/2572
v 1.7773294 9.2191858 8.8512411
vt 96 640
vn -0.7938854 -4.1076417 -4.6068673
v 1.3974378 9.3275108 8.7740784
vt 127 640
vn -0.3912064 -3.6710262 -5.0767384
v 1.2172902 9.6202259 8.582408
vt 127 671
vn -1.1451399 -5.2232094 -2.1675096
v 1.7053293 9.5684919 8.5815344
vt 96 671
vn -0.1597433 -4.8782177 -3.2378733
f 2573/2573/2573 2574/2574/2574 2575/2575/2575 2576/2576/2576
v 1.6522735 -1.1933361 5.8807287
vt 128 640
vn 3.5540905 -2.0927036 -2.403825
v 1.6863248 -0.6857357 6.1599131
vt 159 640
vn 5.0079126 1.0012867 -3.4411464
v 1.7761593 -1.0380633 6.1958628
vt 159 671
vn 5.6417909 -0.5840425 -1.5887986
v 1.5909963 -1.5251173 6.4209256
vt 128 671
vn 5.6374345 -1.4517872 -1.8958515
f 2577/2577/2577 2578/2578/2578 2579/2579/2579 2580/2580/2580
v 2.5701919 10.5918608 8.8654432
vt 160 640
vn 4.8344393 -0.4435202 -0.713047
v 2.6055505 10.8017054 9.3157434
vt 191 640
vn 6.1105413 -0.2947946 0.4532343
v 2.5770962 10.4493847 9.3783379
vt 191 671
vn 6.1922655 -0.2062679 0.3344977
v 2.3951421 10.4538717 8.7462893
vt 160 671
vn 4.2760949 -0.6742337 -0.173905
f 2581/2581/2581 2582/2582/2582 2583/2583/2583 2584/2584/2584
v -1.3031965 -0.0448947 7.8788333
vt 192 640
vn -5.0020905 0.8111993 3.6689665
v -1.4551014 -0.3733066 7.7363782
vt 223 640
vn -5.2352467 0.1879357 3.141293
v -1.3084128 -0.4771491 7.9148946
vt 223 671
vn -4.6756825 -0.4406719 4.0878377
v -1.2259207 -0.2289454 8.0781021
vt 192 671
vn -3.727349 -0.0702757 4.0183311
f 2585/2585/2585 2586/2586/2586 2587/2587/2587 2588/2588/2588
v -0.8410676 4.3209219 9.2506323
vt 224 640
vn -4.201488 -4.4414473 0.7374034
v -0.3521717 4.0994339 9.4594727
vt 255 640
vn -1.8737949 -5.8323979 1.1573695
v -1.081682 4.4285793 10.2669582
vt 255 671
vn -3.2797976 -4.9153123 0.5397025
v -1.2061226 4.7579384 9.4087458
vt 224 671
vn -2.5834455 -0.5478902 -3.2715831
f 2589/2589/2589 2590/2590/2590 2591/2591/2591 2592/2592/2592
v 2.2927637 2.7105222 6.2517943
vt 256 640
vn 5.5789623 -1.0930232 -1.3325969
v 2.2904239 3.0231051 6.7349267
vt 287 640
vn 5.7725091 -0.0084005 1.5794727
v 2.1318374 1.9104071 6.8085103
vt 287 671
vn 5.7254062 -1.2967029 0.2856369
v 1.8969966 2.2071919 5.8884444
vt 256 671
vn 4.7284117 -2.0717468 -3.348948
f 2593/2593/2593 2594/2594/2594 2595/2595/2595 2596/2596/2596
v -0.2371945 0.8892134 5.9124956
vt 288 640
vn -2.6142974 -2.0678833 -5.0190344
v -0.2783193 1.1780266 5.6425447
vt 319 640
vn -2.3721094 -4.2110701 -3.9346237
v 0.1896707 1.1727921 5.3624778
vt 319 671
vn -0.2207861 -3.9204173 -3.899368
v 0.2566007 0.941287 5.7603073
vt 288 671
vn 0.1163355 -3.2465198 -4.933486
f 2597/2597/2597 2598/2598/2598 2599/2599/2599 2600/2600/2600
v 1.7467508 -0.2417219 7.8809805
vt 320 640
vn 4.3701806 0.3966221 4.2579937
v 1.9595025 -0.3573636 7.6000943
vt 351 640
vn 4.8143973 0.0972116 4.0229158
v 1.9417834 -0.0208976 7.594275
vt 351 671
vn 4.8761678 0.3181888 3.9426255
v 1.4751626 -0.0239591 8.0702887
vt 320 671
vn 3.8896072 0.2829351 4.908886
f 2601/2601/2601 2602/2602/2602 2603/2603/2603 2604/2604/2604
v -0.650422 0.9899484 6.1910033
vt 352 640
vn -3.5117109 -2.8346798 -3.8073697
v -0.2783193 1.1780266 5.6425447
vt 383 640
vn -2.3721094 -4.2110701 -3.9346237
v -0.2371945 0.8892134 5.9124956
vt 383 671
vn -2.6142974 -2.0678833 -5.0190344
v -0.7384909 0.4666251 6.334569
vt 352 671
vn -3.8928144 1.5286133 -4.2730989
f 2605/2605/2605 2606/2606/2606 2607/2607/2607 2608/2608/2608
v 0.8162653 -0.9321076 4.9391103
vt 384 640
vn 2.3230147 2.5058475 -4.9248371
v 0.818948 -0.6193954 5.1631851
vt 415 640
vn 0.6855996 4.2080717 -2.0870705
v 0.978116 -0.5075712 5.3858638
vt 415 671
vn -0.0482423 3.8626673 -1.1340632
v 1.2688855 -0.9990348 5.2716994
vt 384 671
vn 3.9011805 -0.4433318 -2.8099306
f 2609/2609/2609 2610/2610/2610 2611/2611/2611 2612/2612/2612
v 0.2862116 9.6646376 7.4927473
vt 416 640
vn -0.0146699 -6.2814994 0.0254503
v 0.8530086 9.6505203 7.2684865
vt 447 640
vn -0.6299813 -6.0489225 1.0425885
v 0.8917028 9.6638517 7.946044
vt 447 671
vn -0.1399271 -6.2771916 0.0304363
v 0.4133098 9.6623001 8.0760765
vt 416 671
vn -0.0019081 -6.2768435 0.1947693
f 2613/2613/2613 2614/2614/2614 2615/2615/2615 2616/2616/2616
v -0.2111288 9.6584282 6.6273379
vt 448 640
vn 2.4245653 -4.9865727 0.6149707
v 0.2862116 9.6646376 7.4927473
vt 479 640
vn -0.0146699 -6.2814994 0.0254503
v -0.5092713 9.6540346 7.7603951
vt 479 671
vn 0.1276505 -6.2730331 0.2688394
v -0.4527687 9.6362877 6.9970369
vt 448 671
vn 1.8888086 -4.9829421 1.7824028
f 2617/2617/2617 2618/2618/2618 2619/2619/2619 2620/2620/2620
v -1.5069791 2.2955258 7.4187245
vt 480 640
vn -4.8025422 -0.2539376 3.7667608
v -1.3295109 1.5560086 7.5216827
vt 511 640
vn -4.9380374 -1.1770959 3.501415
v -1.037149 1.6705198 7.8646469
vt 511 671
vn -4.0166016 -0.4940187 4.650465
v -1.2327002 2.0899041 7.6966968
vt 480 671
vn -4.1325788 0.3355935 4.5895009
f 2621/2621/2621 2622/2622/2622 2623/2623/2623 2624/2624/2624
v -2.1614296 11.2450733 10.2360344
vt 512 640
vn -2.9416361 3.495734 0.7897298
v -2.4177713 11.2429972 9.2105036
vt 543 640
vn -2.9716568 2.2198498 0.040523
v -2.3826749 10.48666 9.4986334
vt 543 671
vn -5.4340515 -0.2053437 -1.0953072
v -2.2136307 10.6116438 10.3538723
vt 512 671
vn -6.0971594 0.406626 1.3918227
f 2625/2625/2625 2626/2626/2626 2627/2627/2627 2628/2628/2628
v -0.6557755 2.2674012 5.121798
vt 544 640
vn -3.0514557 -2.2000761 -4.937355
v -0.4101831 2.7595057 4.7945085
vt 575 640
vn -2.575017 -1.3438486 -5.3877473
v 0.0226585 2.1747408 4.8501377
vt 575 671
vn -0.8708083 -2.2808034 -5.5144715
v -0.3149407 1.5311927 5.3453093
vt 544 671
vn -2.6164639 -3.2218649 -4.6306272
f 2629/2629/2629 2630/2630/2630 2631/2631/2631 2632/2632/2632
v -1.1566347 10.7507401 5.3130832
vt 576 640
vn 0.4507797 -0.6230388 -5.7901664
v -2.1931427 10.7453804 5.2846761
vt 607 640
vn -3.8416836 -0.2039901 -3.608269
v -1.7352365 10.9354429 5.1328826
vt 607 671
vn 0.1302546 -0.896121 -5.2377725
v -1.2548101 11.2435379 5.1733704
vt 576 671
vn 0.0314023 2.6147716 -3.0925198
f 2633/2633/2633 2634/2634/2634 2635/2635/2635 2636/2636/2636
v -2.2117488 11.2430048 6.0252771
vt 608 640
vn -2.9245784 3.8431671 0.1220604
v -1.8330982 11.2441425 5.2991867
vt 639 640
vn -0.2859316 4.8638539 -2.5485957
v -2.4772971 11.1951599 5.5269294
vt 639 671
vn -2.545527 1.2341386 -0.1487705
v -2.1913517 10.8023682 5.9939799
vt 608 671
vn -5.5029254 0.9167875 0.229073
f 2637/2637/2637 2638/2638/2638 2639/2639/2639 2640/2640/2640
v 1.7474864 6.0397696 5.8338871
vt 640 640
vn 4.6334176 0.9938191 -3.7674696
v 1.8487684 5.5742683 5.7788644
vt 671 640
vn 4.8362656 1.1475626 -2.9982684
v 1.3284473 6.0823674 5.5581117
vt 671 671
vn 1.3654482 1.1071955 -5.649765
v 1.2416314 6.703361 5.6346526
vt 640 671
vn 0.5633855 0.6306366 -5.8119988
f 2641/2641/2641 2642/2642/2642 2643/2643/2643 2644/2644/2644
v 2.7707596 9.721509 8.9013767
vt 672 640
vn 4.0785704 -2.105417 0.2340901
v 2.4635239 9.555829 9.0544901
vt 703 640
vn 3.8598704 -3.9759634 -1.9596416
v 2.3718534 9.2422962 8.9607944
vt 703 671
vn 1.9240437 -2.0283952 -2.1777363
v 2.1589882 9.5860863 8.8140898
vt 672 671
vn 2.6434622 -3.434063 -2.349324
f 2645/2645/2645 2646/2646/2646 2647/2647/2647 2648/2648/2648
v 0.3290911 10.4089203 5.3486986
vt 704 640
vn 0.051999 0.0210249 -3.838973
v 1.0566025 10.5504255 5.1182423
vt 735 640
vn 0.0931214 -0.7996079 -4.1685023
v 1.421774 10.4175138 5.3287106
vt 735 671
vn -0.0380286 -0.2940138 -4.3165288
v 0.5518577 10.2844315 5.2021556
vt 704 671
vn -0.1785696 3.5884006 -4.9611378
f 2649/2649/2649 2650/2650/2650 2651/2651/2651 2652/2652/2652
v 0.4405781 -1.3473299 4.7524858
vt 736 640
vn 0.6922486 -0.4380176 -5.7174253
v -0.1339166 -1.0843452 4.8703456
vt 767 640
vn -2.2063594 0.8148447 -4.9952145
v -0.1961747 -0.6653081 5.1495795
vt 767 671
vn -0.3276337 4.0550065 -2.9024062
v 0.2465568 -0.9175953 4.8645229
vt 736 671
vn -0.456844 2.2514651 -5.6662016
f 2653/2653/2653 2654/2654/2654 2655/2655/2655 2656/2656/2656
v -0.5687036 -0.1679843 5.8734784
vt 768 640
vn -4.9381118 -1.2231476 -3.3703945
v -0.3998626 -0.5079306 6.052639
vt 799 640
vn -0.4093586 0.5714488 -1.5863019
v -0.5705459 -0.4363656 5.7736001
vt 799 671
vn -0.4958162 4.7417817 -1.305958
v -0.7287021 -0.3919527 6.0537472
vt 768 671
vn -3.5272567 1.8784 -4.2064238
f 2657/2657/2657 2658/2658/2658 2659/2659/2659 2660/2660/2660
v 2.3420067 7.6894956 9.5640326
vt 800 640
vn 5.1351461 2.8531015 -1.6190464
v 1.9479016 7.8755865 9.2940407
vt 831 640
vn 1.7321278 3.4238148 -4.714334
v 1.4656782 8.0190258 9.2638721
vt 831 671
vn -0.9287001 -2.252121 -2.8907106
v 2.1546113 8.1316204 9.5307226
vt 800 671
vn 4.3205614 1.1041963 -3.9472563
f 2661/2661/2661 2662/2662/2662 2663/2663/2663 2664/2664/2664
v 1.887434 9.5416889 10.5510302
vt 832 640
vn 1.4294401 -3.5367727 4.1849976
v 1.3936867 9.6405935 10.7122478
vt 863 640
vn -0.4904335 -3.1977453 3.3025126
v 1.0015219 9.7375374 10.7205858
vt 863 671
vn 0.008331 -3.0545919 4.2728453
v 1.1721839 9.6645765 10.4477901
vt 832 671
vn -1.9472895 -4.5076895 2.4448342
f 2665/2665/2665 2666/2666/2666 2667/2667/2667 2668/2668/2668
v 2.3982751 6.7401972 8.3472595
vt 864 640
vn -0.0249389 2.1570299 -4.9376283
v 2.4475043 7.0964732 8.6530333
vt 895 640
vn 1.3804443 4.0631647 -3.8654935
v 2.7479188 6.8557677 8.6138716
vt 895 671
vn 3.7206657 3.276937 -2.9270535
v 2.7638106 6.4174733 8.346489
vt 864 671
vn 2.740427 0.9611902 -4.5391808
f 2669/2669/2669 2670/2670/2670 2671/2671/2671 2672/2672/2672
v 1.4200889 10.1611824 5.1259336
vt 896 640
vn 0.4441569 2.7605259 -5.5214586
v 2.1116905 10.1344881 5.0237174
vt 927 640
vn -0.3464006 2.175988 -5.4798036
v 1.5254872 9.7569256 5.0426397
vt 927 671
vn 0.0594151 -2.5504711 -4.2854247
v 1.1197672 10.1565971 5.0457721
vt 896 671
vn 0.1172368 2.1132028 -5.149384
f 2673/2673/2673 2674/2674/2674 2675/2675/2675 2676/2676/2676
v 0.2633373 10.7941189 5.2889843
vt 928 640
vn 0.3354449 0.0517355 -5.4429402
v 0.6361413 10.7350883 5.2453589
vt 959 640
vn -0.4447865 1.2230963 -5.806242
v 1.0566025 10.5504255 5.1182423
vt 959 671
vn 0.0931214 -0.7996079 -4.1685023
v 0.2191307 10.5640764 5.1632395
vt 928 671
vn -0.0066299 -0.8793529 -4.8607121
f 2677/2677/2677 2678/2678/2678 2679/2679/2679 2680/2680/2680
v -0.2371945 0.8892134 5.9124956
vt 960 640
vn -2.6142974 -2.0678833 -5.0190344
v -0.4121389 0.429222 5.9754782
vt 991 640
vn -3.7642496 2.5872877 -4.0868139
v -0.5970426 0.1754886 5.929956
vt 991 671
vn -4.6000929 1.9455298 -3.5035121
v -0.7384909 0.4666251 6.334569
vt 960 671
vn -3.8928144 1.5286133 -4.2730989
f 2681/2681/2681 2682/2682/2682 2683/2683/2683 2684/2684/2684
v 0.6406015 11.2268114 5.1872492
vt 992 640
vn -0.1726125 2.0898874 -5.2158442
v 1.0102755 11.0251389 5.1492429
vt 1023 640
vn -0.1884916 -0.4505951 -6.0299888
v 0.6361413 10.7350883 5.2453589
vt 1023 671
vn -0.4447865 1.2230963 -5.806242
v 0.2633373 10.7941189 5.2889843
vt 992 671
vn 0.3354449 0.0517355 -5.4429402
f 2685/2685/2685 2686/2686/2686 2687/2687/2687 2688/2688/2688
v -0.7262635 7.5532265 5.7594571
vt 0 672
vn 2.6854658 0.821678 -5.3629951
v -0.453526 8.2163687 6.1696272
vt 31 672
vn 5.457027 0.2905065 -2.2113364
v -0.4719974 7.0685849 5.8695879
vt 31 703
vn 4.4074526 0.8329158 -4.0924168
v -0.8058481 6.8591022 5.643723
vt 0 703
vn 0.939312 0.6667811 -5.8257513
f 2689/2689/2689 2690/2690/2690 2691/2691/2691 2692/2692/2692
v -0.0494224 -0.3073368 5.278883
vt 32 672
vn -1.8302183 -3.3172553 -4.613049
v 0.4650186 -0.353432 5.2453833
vt 63 672
vn 0.5592277 -3.5420339 -4.4253469
v 0.1992213 -0.5453549 5.472517
vt 63 703
vn -0.823494 -2.8057334 -4.9831514
v -0.2480418 -0.3282507 5.3927498
vt 32 703
vn -2.9911373 -3.3015873 -3.3139408
f 2693/2693/2693 2694/2694/2694 2695/2695/2695 2696/2696/2696
v -1.4401715 10.0318079 5.0767245
vt 64 672
vn 0.1378451 0.9949213 -5.9523654
v -1.3843302 10.2899847 5.1918154
vt 95 672
vn 0.361553 3.5561659 -4.9475222
v -1.1307811 10.4534607 5.3918943
vt 95 703
vn 0.4272544 0.3428605 -4.7200494
v -1.0653387 10.146102 5.1497765
vt 64 703
vn 0.2588091 2.347908 -5.6441298
f 2697/2697/2697 2698/2698/2698 2699/2699/2699 2700/2700/2700
v -1.8472596 9.4003592 9.3700686
vt 96 672
vn -4.7121801 -3.4805365 -1.0187896
v -2.3297055 9.6155701 9.8078003
vt 127 672
vn -4.544405 -2.7627492 0.3759262
v -2.4046476 9.6727228 9.1892328
vt 127 703
vn -3.458344 -2.3180325 -0.3403981
v -1.9445221 9.6276093 8.9883957
vt 96 703
vn -2.5015297 -4.630353 -1.5793747
f 2701/2701/2701 2702/2702/2702 2703/2703/2703 2704/2704/2704
v -0.3149407 1.5311927 5.3453093
vt 128 672
vn -2.6164639 -3.2218649 -4.6306272
v -0.6365531 1.5646168 5.537693
vt 159 672
vn -3.2087622 -3.2535558 -4.2522898
v -1.0014415 2.082675 5.4640813
vt 159 703
vn -3.7634258 -2.4853818 -4.2395282
v -0.6557755 2.2674012 5.121798
vt 128 703
vn -3.0514557 -2.2000761 -4.937355
f 2705/2705/2705 2706/2706/2706 2707/2707/2707 2708/2708/2708
v 1.4200889 10.1611824 5.1259336
vt 160 672
vn 0.4441569 2.7605259 -5.5214586
v 1.1197672 10.1565971 5.0457721
vt 191 672
vn 0.1172368 2.1132028 -5.149384
v 0.5518577 10.2844315 5.2021556
vt 191 703
vn -0.1785696 3.5884006 -4.9611378
v 1.421774 10.4175138 5.3287106
vt 160 703
vn -0.0380286 -0.2940138 -4.3165288
f 2709/2709/2709 2710/2710/2710 2711/2711/2711 2712/2712/2712
v 1.6796459 7.1562839 6.575644
vt 192 672
vn 5.5505562 0.5483052 2.6445882
v 1.3501085 7.0312924 7.0113769
vt 223 672
vn 2.0309515 0.3664667 5.1388845
v 0.9262017 6.6342587 7.0110979
vt 223 703
vn -1.9200077 1.1740745 5.5936003
v 1.4367099 6.611845 6.9995289
vt 192 703
vn 2.7850723 0.8821993 5.0666518
f 2713/2713/2713 2714/2714/2714 2715/2715/2715 2716/2716/2716
v 1.2416314 6.703361 5.6346526
vt 224 672
vn 0.5633855 0.6306366 -5.8119988
v 1.1597363 7.3552203 5.6551194
vt 255 672
vn -0.012782 0.4431426 -5.6637616
v 0.8169413 8.0532026 5.8237739
vt 255 703
vn -2.8528895 0.2559165 -4.8149347
v 1.463582 7.9540358 5.8474088
vt 224 703
vn 3.1766644 0.5687504 -4.7197471
f 2717/2717/2717 2718/2718/2718 2719/2719/2719 2720/2720/2720
v 1.1286099 0.177379 5.8659687
vt 256 672
vn 3.7378294 2.9074235 -3.9046161
v 1.3044606 0.5682266 6.2896552
vt 287 672
vn 3.7257864 1.4432673 -4.4737029
v 1.6252351 0.7632064 6.7004547
vt 287 703
vn 3.4927595 0.5990512 -4.2089348
v 1.4695929 0.4076726 6.2916512
vt 256 703
vn 3.4284413 2.8347371 -4.3843899
f 2721/2721/2721 2722/2722/2722 2723/2723/2723 2724/2724/2724
v 1.1396034 7.3441401 7.0124331
vt 288 672
vn -0.807534 0.3257559 5.8183708
v 0.8638358 7.0733929 6.91608
vt 319 672
vn -3.0119452 0.4247835 5.2693758
v 0.9262017 6.6342587 7.0110979
vt 319 703
vn -1.9200077 1.1740745 5.5936003
v 1.3501085 7.0312924 7.0113769
vt 288 703
vn 2.0309515 0.3664667 5.1388845
f 2725/2725/2725 2726/2726/2726 2727/2727/2727 2728/2728/2728
v -0.8572863 7.1963835 10.9847851
vt 320 672
vn 1.4801691 -1.4594855 3.0381548
v -1.0674857 7.077527 10.8738565
vt 351 672
vn -1.0783471 0.410025 4.9366026
v -0.5353661 7.255373 10.5398188
vt 351 703
vn 4.6515164 2.3389928 3.0635061
v -0.8940806 7.6872821 10.913928
vt 320 703
vn 1.8154317 0.7719237 5.0433683
f 2729/2729/2729 2730/2730/2730 2731/2731/2731 2732/2732/2732
v 0.722725 -1.2226905 8.3751125
vt 352 672
vn 2.3351271 -1.9427232 5.476047
v 0.6784472 -0.8475407 8.4786615
vt 383 672
vn 2.736299 -0.8184657 5.5812516
v 0.5233399 -0.5078017 8.5806608
vt 383 703
vn 1.6028932 0.0535178 5.9808984
v 0.3534673 -0.8498608 8.6774569
vt 352 703
vn 0.1429768 -0.5601619 5.0523629
f 2733/2733/2733 2734/2734/2734 2735/2735/2735 2736/2736/2736
v -0.385563 0.1387181 5.6133518
vt 384 672
vn -3.6434412 3.8099864 -3.2802536
v 0.0179361 0.3594832 5.6075969
vt 415 672
vn -1.8174 2.1858473 -4.4854674
v -0.0146127 0.2438526 5.3614326
vt 415 703
vn -1.9908903 4.2353892 -3.164392
v -0.3055941 -0.0481977 5.3248944
vt 384 703
vn -3.3231583 0.72281 -3.7933707
f 2737/2737/2737 2738/2738/2738 2739/2739/2739 2740/2740/2740
v -0.6388968 6.570303 7.0727406
vt 416 672
vn 2.3998623 1.3744711 5.452652
v -0.9892552 6.7377157 7.0815978
vt 447 672
vn -1.5057777 0.7418464 5.7521758
v -1.2270828 6.0351944 6.9885073
vt 447 703
vn -4.4101667 0.7908964 4.3691163
v -0.892659 6.0074282 7.2691894
vt 416 703
vn -1.5822488 1.9036695 5.3386555
f 2741/2741/2741 2742/2742/2742 2743/2743/2743 2744/2744/2744
v -0.4881511 8.9170847 10.0357542
vt 448 672
vn 5.9599838 0.1437897 1.1116444
v -0.6213395 8.7918234 10.349391
vt 479 672
vn 5.474906 0.340349 3.025811
v -0.8280192 8.584527 10.6582174
vt 479 703
vn 4.3684421 0.5285163 4.4113865
v -0.4209428 8.3505898 9.9897118
vt 448 703
vn 5.7987165 0.5742427 0.3017739
f 2745/2745/2745 2746/2746/2746 2747/2747/2747 2748/2748/2748
v 0.4683181 6.5744615 8.9229183
vt 480 672
vn 1.1830832 5.6473832 -1.8632547
v 0.1234915 6.5070224 8.9591265
vt 511 672
vn -2.3249419 5.4225206 -1.8187951
v 0.4047287 6.813684 9.6323442
vt 511 703
vn 0.7151984 5.9128962 -1.7359785
v 0.6797994 6.813416 9.7568579
vt 480 703
vn -1.7675267 4.6223326 -2.824064
f 2749/2749/2749 2750/2750/2750 2751/2751/2751 2752/2752/2752
v 1.2416314 6.703361 5.6346526
vt 512 672
vn 0.5633855 0.6306366 -5.8119988
v 0.8632342 5.8049364 5.5894437
vt 543 672
vn -2.6096272 1.2845687 -5.4325409
v 0.5085476 5.9540815 5.9537101
vt 543 703
vn -1.7514588 2.6368275 -4.2180071
v 0.6547778 7.1153526 5.8788619
vt 512 703
vn -4.171629 0.4706916 -4.0542054
f 2753/2753/2753 2754/2754/2754 2755/2755/2755 2756/2756/2756
v -0.3745954 -1.6231073 5.558054
vt 544 672
vn -2.3544574 0.1623618 -4.4711041
v -0.2944016 -2.1407585 5.7567201
vt 575 672
vn -1.406755 -3.3923333 -4.4561028
v -0.6251901 -1.8061054 5.766212
vt 575 703
vn -3.8220189 -0.2529834 -3.9892328
v -0.3054976 -1.3080076 5.7124519
vt 544 703
vn -3.0628209 -1.6625233 -2.5605803
f 2757/2757/2757 2758/2758/2758 2759/2759/2759 2760/2760/2760
v 1.8532237 4.7113152 7.1693091
vt 576 672
vn 5.5162072 1.4360697 2.6044176
v 1.8545645 5.2744927 6.8957906
vt 607 672
vn 5.2767997 1.5975035 2.8703041
v 1.5889006 5.6599684 7.0714989
vt 607 703
vn 4.5759091 1.631588 3.9071317
v 1.5857024 5.2612023 7.2615881
vt 576 703
vn 5.1129794 2.2992103 2.4091277
f 2761/2761/2761 2762/2762/2762 2763/2763/2763 2764/2764/2764
v 1.4690241 3.9482136 7.9391232
vt 608 672
vn 4.9034166 -2.0386505 3.1251621
v 1.7007601 4.5443125 7.6560855
vt 639 672
vn 5.9112806 0.3275608 1.8005992
v 1.5572207 5.2399898 8.371789
vt 639 703
vn 5.9881616 1.4036967 -0.4447609
v 1.5327439 4.6922383 8.7457895
vt 608 703
vn 5.8499112 -1.9119102 -0.0228716
f 2765/2765/2765 2766/2766/2766 2767/2767/2767 2768/2768/2768
v 0.1054404 9.632679 10.7236853
vt 640 672
vn 0.326997 -3.4501648 2.7588964
v -0.4305431 9.5870934 10.30723
vt 671 672
vn 2.6451082 -4.826581 1.6875436
v -0.2901676 9.590086 9.7916622
vt 671 703
vn 4.0116014 -4.4051704 -0.2120917
v 0.0910722 9.7125959 10.083271
vt 640 703
vn 0.6997601 -6.149694 -0.2232749
f 2769/2769/2769 2770/2770/2770 2771/2771/2771 2772/2772/2772
v 0.0114481 5.7260952 5.7334285
vt 672 672
vn -1.4577215 3.9930799 -4.6016698
v 0.22394 5.3871398 5.3895779
vt 703 672
vn -0.0333375 3.3854027 -4.8219752
v -0.397787 4.9283071 5.350462
vt 703 703
vn -0.7011815 2.5819831 -5.5109854
v -0.2974375 5.32937 5.5604849
vt 672 703
vn -0.1130924 2.8894734 -5.2756343
f 2773/2773/2773 2774/2774/2774 2775/2775/2775 2776/2776/2776
v 2.6164451 10.5836248 7.364922
vt 704 672
vn 4.3342762 -0.3565798 -0.0269334
v 2.6264586 10.5938215 8.2180405
vt 735 672
vn 4.2965512 -0.4222783 0.2382667
v 2.437186 10.4201927 7.8837714
vt 735 703
vn 4.6567101 -0.4474545 -0.0025285
v 2.4552734 10.4623652 7.121942
vt 704 703
vn 4.8300767 -2.1769173 -0.1845933
f 2777/2777/2777 2778/2778/2778 2779/2779/2779 2780/2780/2780
v 1.4661305 -0.8731542 5.6952767
vt 736 672
vn 5.0240097 2.1897779 -2.9546521
v 1.6863248 -0.6857357 6.1599131
vt 767 672
vn 5.0079126 1.0012867 -3.4411464
v 1.6522735 -1.1933361 5.8807287
vt 767 703
vn 3.5540905 -2.0927036 -2.403825
v 1.2688855 -0.9990348 5.2716994
vt 736 703
vn 3.9011805 -0.4433318 -2.8099306
f 2781/2781/2781 2782/2782/2782 2783/2783/2783 2784/2784/2784
v 2.443707 7.4207349 10.0253792
vt 768 672
vn 5.3912401 1.9556389 2.1385257
v 2.3420067 7.6894956 9.5640326
vt 799 672
vn 5.1351461 2.8531015 -1.6190464
v 2.2152112 8.5205212 10.0201521
vt 799 703
vn 5.9022751 0.2678153 1.4528019
v 1.9305544 8.0792265 10.5247536
vt 768 703
vn 4.8109026 0.6971435 3.9637933
f 2785/2785/2785 2786/2786/2786 2787/2787/2787 2788/2788/2788
v 0.1545463 9.6921329 9.5613937
vt 800 672
vn -0.4522038 -6.2547445 0.2419435
v 0.4534553 9.6119251 8.9685497
vt 831 672
vn -0.7170019 -6.0202417 -0.1674086
v 1.2172902 9.6202259 8.582408
vt 831 703
vn -1.1451399 -5.2232094 -2.1675096
v 0.7903621 9.6716537 9.2572803
vt 800 703
vn -2.6197088 -4.3311925 -0.1888965
f 2789/2789/2789 2790/2790/2790 2791/2791/2791 2792/2792/2792
v 1.5254872 9.7569256 5.0426397
vt 832 672
vn 0.0594151 -2.5504711 -4.2854247
v 2.4334784 9.7072916 4.9898734
vt 863 672
vn 0.6562477 -2.7500319 -2.8940775
v 2.0209684 9.6496305 5.9833879
vt 863 703
vn 2.7936082 -4.8009648 -0.5135505
v 1.6764359 9.6491089 5.4652085
vt 832 703
vn 1.6801196 -4.6781821 -2.6589601
f 2793/2793/2793 2794/2794/2794 2795/2795/2795 2796/2796/2796
v -0.4809497 10.1006184 5.0889878
vt 864 672
vn -0.2551135 1.9993123 -5.5712094
v -1.0653387 10.146102 5.1497765
vt 895 672
vn 0.2588091 2.347908 -5.6441298
v -0.0814279 10.4106922 5.3226976
vt 895 703
vn -0.0054868 -0.4436722 -4.6734233
v 0.0773562 10.0813293 5.0890136
vt 864 703
vn -0.0014021 2.116946 -5.7259622
f 2797/2797/2797 2798/2798/2798 2799/2799/2799 2800/2800/2800
v 1.7007601 4.5443125 7.6560855
vt 896 672
vn 5.9112806 0.3275608 1.8005992
v 1.5857024 5.2612023 7.2615881
vt 927 672
vn 5.1129794 2.2992103 2.4091277
v 1.5889006 5.6599684 7.0714989
vt 927 703
vn 4.5759091 1.631588 3.9071317
v 1.5572207 5.2399898 8.371789
vt 896 703
vn 5.9881616 1.4036967 -0.4447609
f 2801/2801/2801 2802/2802/2802 2803/2803/2803 2804/2804/2804
v -0.441927 -0.2644987 5.6268635
vt 928 672
vn -4.7970047 -2.3448098 -2.3679166
v -0.2480418 -0.3282507 5.3927498
vt 959 672
vn -2.9911373 -3.3015873 -3.3139408
v -0.3998626 -0.5079306 6.052639
vt 959 703
vn -0.4093586 0.5714488 -1.5863019
v -0.5687036 -0.1679843 5.8734784
vt 928 703
vn -4.9381118 -1.2231476 -3.3703945
f 2805/2805/2805 2806/2806/2806 2807/2807/2807 2808/2808/2808
v -0.8880043 -1.8791348 6.5816884
vt 960 672
vn -5.8850598 -1.240225 -1.1321852
v -0.7735083 -2.1827884 6.8465829
vt 991 672
vn -4.2299237 -0.7464724 -2.8063321
v -0.9073601 -1.9434416 6.8880744
vt 991 703
vn -2.1272793 -1.5206029 -3.6784565
v -0.9739276 -1.5906215 6.7791219
vt 960 703
vn -4.5250025 -1.1907078 -3.338979
f 2809/2809/2809 2810/2810/2810 2811/2811/2811 2812/2812/2812
v 2.3951421 10.4538717 8.7462893
vt 992 672
vn 4.2760949 -0.6742337 -0.173905
v 2.5770962 10.4493847 9.3783379
vt 1023 672
vn 6.1922655 -0.2062679 0.3344977
v 2.60075 10.2069435 9.2327309
vt 1023 703
vn 5.9845886 1.4572521 0.2777516
v 2.7264566 9.9746828 8.8115988
vt 992 703
vn 5.7293177 2.1683261 0.353292
f 2813/2813/2813 2814/2814/2814 2815/2815/2815 2816/2816/2816
v 2.1277735 8.9047947 10.2088995
vt 0 704
vn 5.2633553 0.1967844 3.1880956
v 1.7028666 8.4357662 10.7567835
vt 31 704
vn 2.0704033 0.5599631 5.097178
v 1.470961 8.4145737 10.7041836
vt 31 735
vn -3.5221868 0.7751808 4.8516822
v 1.9305544 8.0792265 10.5247536
vt 0 735
vn 4.8109026 0.6971435 3.9637933
f 2817/2817/2817 2818/2818/2818 2819/2819/2819 2820/2820/2820
v 2.4275866 9.9688702 10.1063356
vt 32 704
vn 6.0812263 -0.1074709 1.5538548
v 2.5398571 9.5475302 9.7129898
vt 63 704
vn 5.5296636 -1.8113351 1.0765184
v 2.4635239 9.555829 9.0544901
vt 63 735
vn 3.8598704 -3.9759634 -1.9596416
v 2.7707596 9.721509 8.9013767
vt 32 735
vn 4.0785704 -2.105417 0.2340901
f 2821/2821/2821 2822/2822/2822 2823/2823/2823 2824/2824/2824
v 0.9765083 -1.3020148 5.6575246
vt 64 704
vn 2.7401087 -1.8719114 -3.2118831
v 0.5395677 -1.384315 5.4068942
vt 95 704
vn 2.3779442 -4.2145977 -1.4295788
v 0.2729014 -1.6193513 5.5166512
vt 95 735
vn 0.2145558 -4.0590706 -3.9604282
v 0.2985592 -1.6381383 5.1553187
vt 64 735
vn 0.4125881 -5.3550968 0.8533768
f 2825/2825/2825 2826/2826/2826 2827/2827/2827 2828/2828/2828
v -0.292598 9.7286282 9.0273685
vt 96 704
vn 2.0358574 -5.1485004 -0.5797781
v -0.5203976 9.4228077 9.001194
vt 127 704
vn 3.7909737 -4.0102882 -2.1883392
v -0.7892779 9.4103651 8.7579527
vt 127 735
vn 0.3827201 -3.2271774 -3.6122079
v -0.5100005 9.673604 8.7333517
vt 96 735
vn 1.6668537 -5.2897134 -1.6172861
f 2829/2829/2829 2830/2830/2830 2831/2831/2831 2832/2832/2832
v -0.4267973 7.2159395 6.7380295
vt 128 704
vn 5.073638 0.7490232 3.3681297
v -0.2527322 7.0459571 6.3037581
vt 159 704
vn 5.7751565 0.9882213 -0.398723
v -0.4768795 8.2453394 6.656878
vt 159 735
vn 5.3819427 0.1967286 2.5711935
v -0.8014895 8.0357037 7.0034304
vt 128 735
vn 1.7252208 0.1796633 5.3419838
f 2833/2833/2833 2834/2834/2834 2835/2835/2835 2836/2836/2836
v -0.8353338 9.1119928 5.6603389
vt 160 704
vn 1.5880945 -3.6451063 -4.472014
v -0.5743551 9.2003822 5.5839872
vt 191 704
vn 1.8409771 -4.9872751 -1.9771069
v -0.3809947 9.3242874 5.5068946
vt 191 735
vn 3.3336463 -2.620899 -1.6800573
v -0.5322234 9.2192078 5.888144
vt 160 735
vn 4.5414085 -3.3513205 -1.6044178
f 2837/2837/2837 2838/2838/2838 2839/2839/2839 2840/2840/2840
v 0.908794 4.4898252 5.1390667
vt 192 704
vn 1.89477 1.9099817 -5.6536989
v 1.1636405 5.0307012 5.3349538
vt 223 704
vn 1.0896308 1.6416361 -5.7943759
v 1.863346 5.1633849 5.7061825
vt 223 735
vn 4.5257387 0.9749251 -3.7072239
v 1.6926731 3.8023508 5.2143116
vt 192 735
vn 3.1070576 0.4568711 -5.0011616
f 2841/2841/2841 2842/2842/2842 2843/2843/2843 2844/2844/2844
v 2.0209684 9.6496305 5.9833879
vt 224 704
vn 2.7936082 -4.8009648 -0.5135505
v 1.861766 9.5757189 6.627039
vt 255 704
vn 4.2604227 -3.2214282 1.7390944
v 1.6924539 9.6261673 7.0094481
vt 255 735
vn 1.7390356 -4.9679804 2.1527886
v 1.8577704 9.2822142 6.5561986
vt 224 735
vn 3.6387792 -3.0668676 1.1424298
f 2845/2845/2845 2846/2846/2846 2847/2847/2847 2848/2848/2848
v -1.2464603 9.717392 5.0887446
vt 256 704
vn 0.1278345 -1.9378308 -5.3617759
v -1.2850853 9.398531 5.2249365
vt 287 704
vn -0.4974381 -1.8355135 -2.8757606
v -1.4306961 9.3216124 5.5008874
vt 287 735
vn -2.5968153 -3.9458437 -3.9499793
v -1.6159868 9.6896362 5.12042
vt 256 735
vn -0.728895 -3.0517437 -4.5959058
f 2849/2849/2849 2850/2850/2850 2851/2851/2851 2852/2852/2852
v -0.5066888 6.143816 5.6668625
vt 288 704
vn 3.4775267 1.0095404 -4.9279079
v -0.4719974 7.0685849 5.8695879
vt 319 704
vn 4.4074526 0.8329158 -4.0924168
v -0.1400393 6.0382028 6.0991654
vt 319 735
vn 1.7490149 3.0161119 -3.6389143
v -0.2867411 5.5355349 5.6592112
vt 288 735
vn 1.2267461 2.4300461 -5.4222274
f 2853/2853/2853 2854/2854/2854 2855/2855/2855 2856/2856/2856
v -0.9741753 9.1171474 9.1051807
vt 320 704
vn 1.7111099 -4.3469033 -4.0433149
v -1.3934928 9.0534449 9.0979795
vt 351 704
vn -1.1514165 -4.6297359 -3.5629945
v -1.6492144 9.2447395 9.0334549
vt 351 735
vn -2.7952561 -4.420289 -3.2947407
v -1.2912626 9.2387905 8.8740177
vt 320 735
vn 0.4604082 -4.6514297 -3.9211369
f 2857/2857/2857 2858/2858/2858 2859/2859/2859 2860/2860/2860
v 1.0599459 5.3065166 11.4759569
vt 352 704
vn 0.8197986 -1.2241209 5.7963486
v 1.2002891 4.7716894 11.2159805
vt 383 704
vn 1.5517262 -3.5139706 4.3692479
v 2.0666349 5.0160508 10.8631926
vt 383 735
vn 3.5552342 -3.4246783 2.9962575
v 1.8641528 5.4495788 11.2383375
vt 352 735
vn 2.9311695 -1.5430486 5.0547996
f 2861/2861/2861 2862/2862/2862 2863/2863/2863 2864/2864/2864
v 1.6170613 7.5603294 10.9375019
vt 384 704
vn 0.0468336 0.4841409 4.5448756
v 1.8632526 7.0260792 10.7882643
vt 415 704
vn 2.9369791 1.9854512 5.0009646
v 2.2881055 6.990561 10.4338932
vt 415 735
vn 4.4115605 2.4361563 3.6131589
v 1.8926207 7.4792008 10.6850195
vt 384 735
vn 4.2479401 0.8337528 4.5510526
f 2865/2865/2865 2866/2866/2866 2867/2867/2867 2868/2868/2868
v 1.252677 4.1978521 8.7101736
vt 416 704
vn 4.3255596 -4.0643759 1.7694275
v 1.4690241 3.9482136 7.9391232
vt 447 704
vn 4.9034166 -2.0386505 3.1251621
v 1.5327439 4.6922383 8.7457895
vt 447 735
vn 5.8499112 -1.9119102 -0.0228716
v 1.3759007 4.3850851 9.3504019
vt 416 735
vn 4.1969304 -4.5941219 -0.4226854
f 2869/2869/2869 2870/2870/2870 2871/2871/2871 2872/2872/2872
v -0.6298488 -0.6730745 8.3453665
vt 448 704
vn -2.4623125 -0.6044784 5.6975226
v -0.9166684 -0.8949609 8.175437
vt 479 704
vn -3.2068982 -1.3779272 5.0522518
v -1.3692995 -0.9264985 7.7462411
vt 479 735
vn -4.87046 -1.3718907 3.4711967
v -1.1763526 -1.2910016 7.7975221
vt 448 735
vn -4.2873473 -1.8426478 4.1113577
f 2873/2873/2873 2874/2874/2874 2875/2875/2875 2876/2876/2876
v -1.8287635 7.4030085 10.2274227
vt 480 704
vn -5.6102629 1.8935571 1.9557706
v -1.7185326 7.1400337 10.6151886
vt 511 704
vn -3.4974771 -0.5485775 3.9737272
v -1.5039607 7.3509002 10.6967258
vt 511 735
vn -3.6559777 1.5122541 4.8740058
v -1.5805739 8.0357399 10.4197817
vt 480 735
vn -5.0258064 1.1085787 3.3823464
f 2877/2877/2877 2878/2878/2878 2879/2879/2879 2880/2880/2880
v 0.563645 -1.7042028 5.6401429
vt 512 704
vn 0.3664081 -2.5070207 -5.5331545
v 0.8809294 -1.4781747 5.5448375
vt 543 704
vn 1.4887655 0.0005104 -5.6604347
v 0.5395677 -1.384315 5.4068942
vt 543 735
vn 2.3779442 -4.2145977 -1.4295788
v 0.9765083 -1.3020148 5.6575246
vt 512 735
vn 2.7401087 -1.8719114 -3.2118831
f 2881/2881/2881 2882/2882/2882 2883/2883/2883 2884/2884/2884
v -2.3762779 10.9279776 8.412118
vt 544 704
vn -5.264545 -2.005017 0.061256
v -2.3741369 11.0382748 8.8651476
vt 575 704
vn -5.7847104 -1.796393 0.0455415
v -2.3479958 11.2417755 8.4964228
vt 575 735
vn -3.1371558 3.4516387 -0.0787318
v -2.3662388 10.9499302 7.7437057
vt 544 735
vn -5.4968839 -2.1197083 -0.0152873
f 2885/2885/2885 2886/2886/2886 2887/2887/2887 2888/2888/2888
v -0.5293183 0.5765483 8.3513918
vt 576 704
vn -2.4249728 1.1044817 5.6526179
v -0.3673558 0.335025 8.4681511
vt 607 704
vn -1.8831254 1.1877029 5.7500615
v -0.1020105 0.2629225 8.53368
vt 607 735
vn -1.0379301 1.0967709 6.0772891
v 0.131071 0.5068895 8.5106688
vt 576 735
vn -1.9456134 0.5957783 5.7312651
f 2889/2889/2889 2890/2890/2890 2891/2891/2891 2892/2892/2892
v -0.8513927 0.0089383 6.2278404
vt 608 704
vn -4.2071681 0.6133001 -4.553926
v -0.7287021 -0.3919527 6.0537472
vt 639 704
vn -3.5272567 1.8784 -4.2064238
v -0.9911216 -0.6637969 6.1976037
vt 639 735
vn -5.134304 1.5910665 -3.1109138
v -1.1416475 -0.3472425 6.4509497
vt 608 735
vn -5.0329528 -0.1398982 -3.6200137
f 2893/2893/2893 2894/2894/2894 2895/2895/2895 2896/2896/2896
v 0.5584534 -0.8400118 5.5560622
vt 640 704
vn -0.1792037 2.9378138 -1.6081966
v 1.0921702 -0.4304393 6.0087914
vt 671 704
vn -0.1034992 0.0792279 -1.8309892
v 1.2365189 -0.4064962 5.8765507
vt 671 735
vn 1.6691439 1.8289648 -4.3081317
v 1.1797349 -0.4729138 5.5885787
vt 640 735
vn 1.1805127 3.9534419 -1.5105653
f 2897/2897/2897 2898/2898/2898 2899/2899/2899 2900/2900/2900
v -1.0428972 3.4881134 7.843751
vt 672 704
vn -3.9869297 -1.2851192 4.5422449
v -1.5069791 2.2955258 7.4187245
vt 703 704
vn -4.8025422 -0.2539376 3.7667608
v -1.2327002 2.0899041 7.6966968
vt 703 735
vn -4.1325788 0.3355935 4.5895009
v -0.7645516 2.733459 7.9045601
vt 672 735
vn -2.7882063 0.3689084 5.5751543
f 2901/2901/2901 2902/2902/2902 2903/2903/2903 2904/2904/2904
v -1.3031965 -0.0448947 7.8788333
vt 704 704
vn -5.0020905 0.8111993 3.6689665
v -0.9979711 0.0847734 8.1565037
vt 735 704
vn -3.6487777 0.5438191 5.0340571
v -0.9386582 0.4800442 8.1719427
vt 735 735
vn -3.46984 0.8916986 4.996604
v -1.2308538 0.4038499 7.8959956
vt 704 735
vn -4.6491814 0.6893381 4.1315265
f 2905/2905/2905 2906/2906/2906 2907/2907/2907 2908/2908/2908
v -1.4718252 0.5114745 7.0216637
vt 736 704
vn -5.1632543 0.6180125 -2.6380436
v -1.4965099 0.4653306 7.534812
vt 767 704
vn -5.5680213 0.7139383 2.0062363
v -1.3314002 0.8347505 7.6781616
vt 767 735
vn -4.7128048 2.2657239 2.8364737
v -1.5186722 0.7826401 7.2905617
vt 736 735
vn -5.3585978 1.2559522 0.340872
f 2909/2909/2909 2910/2910/2910 2911/2911/2911 2912/2912/2912
v 0.199689 6.3223133 7.2654676
vt 768 704
vn 0.2242054 6.0396957 -0.3482504
v -0.0614582 6.2054162 6.5373263
vt 799 704
vn 1.8791364 4.5061145 0.2437119
v -0.2527322 7.0459571 6.3037581
vt 799 735
vn 5.7751565 0.9882213 -0.398723
v -0.3143164 6.277101 6.9014168
vt 768 735
vn 2.2261367 4.0524411 2.5453
f 2913/2913/2913 2914/2914/2914 2915/2915/2915 2916/2916/2916
v -2.4251354 11.0795164 6.9037066
vt 800 704
vn -5.4664216 -0.7143909 -0.2140677
v -2.3662388 10.9499302 7.7437057
vt 831 704
vn -5.4968839 -2.1197083 -0.0152873
v -2.3479958 11.2417755 8.4964228
vt 831 735
vn -3.1371558 3.4516387 -0.0787318
v -2.3730822 11.2434273 7.5889797
vt 800 735
vn -3.1304896 3.2056382 0.1620463
f 2917/2917/2917 2918/2918/2918 2919/2919/2919 2920/2920/2920
v -1.2932153 1.9278194 5.9074445
vt 832 704
vn -4.5395341 -2.7089942 -3.3022654
v -1.0405208 1.4932895 5.9780655
vt 863 704
vn -4.1439104 -3.1255379 -3.4957299
v -1.1335492 1.2055802 6.4005895
vt 863 735
vn -3.9127731 -3.9676795 -2.6142101
v -1.3232021 1.3853191 6.4996829
vt 832 735
vn -4.7631626 -3.1269014 -2.5644014
f 2921/2921/2921 2922/2922/2922 2923/2923/2923 2924/2924/2924
v -0.3199176 -0.0237292 8.5284872
vt 864 704
vn -1.9248368 0.238131 5.8473005
v -0.6762748 -0.027533 8.3547812
vt 895 704
vn -2.8835306 0.0861724 5.5446501
v -0.5572207 -0.3146074 8.388504
vt 895 735
vn -2.6177106 -0.482862 5.6843915
v -0.2618432 -0.3318602 8.5389519
vt 864 735
vn -1.2807822 -1.2734066 5.558732
f 2925/2925/2925 2926/2926/2926 2927/2927/2927 2928/2928/2928
v -1.8716853 2.6699269 6.2343702
vt 896 704
vn -5.438261 -1.3938055 -1.5347779
v -1.2932153 1.9278194 5.9074445
vt 927 704
vn -4.5395341 -2.7089942 -3.3022654
v -1.3232021 1.3853191 6.4996829
vt 927 735
vn -4.7631626 -3.1269014 -2.5644014
v -1.5583048 1.6912619 6.6121373
vt 896 735
vn -5.3301797 -2.4784501 -1.9481717
f 2929/2929/2929 2930/2930/2930 2931/2931/2931 2932/2932/2932
v 0.117906 -0.1429975 5.1309581
vt 928 704
vn -0.9588346 -0.7084841 -5.1139932
v 0.5571769 -0.0621887 5.1889009
vt 959 704
vn 1.9080704 0.7147143 -5.3795266
v 0.4650186 -0.353432 5.2453833
vt 959 735
vn 0.5592277 -3.5420339 -4.4253469
v -0.0494224 -0.3073368 5.278883
vt 928 735
vn -1.8302183 -3.3172553 -4.613049
f 2933/2933/2933 2934/2934/2934 2935/2935/2935 2936/2936/2936
v -0.5970426 0.1754886 5.929956
vt 960 704
vn -4.6000929 1.9455298 -3.5035121
v -0.5687036 -0.1679843 5.8734784
vt 991 704
vn -4.9381118 -1.2231476 -3.3703945
v -0.7287021 -0.3919527 6.0537472
vt 991 735
vn -3.5272567 1.8784 -4.2064238
v -0.8513927 0.0089383 6.2278404
vt 960 735
vn -4.2071681 0.6133001 -4.553926
f 2937/2937/2937 2938/2938/2938 2939/2939/2939 2940/2940/2940
v 0.6480937 1.4739243 5.3123622
vt 992 704
vn 2.1354966 -3.1759748 -4.8622203
v 0.8620512 2.1514463 5.0363021
vt 1023 704
vn 2.4298825 -2.2777784 -5.2217045
v 1.2739623 1.9804562 5.3861847
vt 1023 735
vn 3.5172293 -2.5526259 -4.4484668
v 0.9128847 1.2075851 5.6649389
vt 992 735
vn 2.5718534 -3.6341062 -4.2826252
f 2941/2941/2941 2942/2942/2942 2943/2943/2943 2944/2944/2944
v -0.3199176 -0.0237292 8.5284872
vt 0 736
vn -1.9248368 0.238131 5.8473005
v -0.3673558 0.335025 8.4681511
vt 31 736
vn -1.8831254 1.1877029 5.7500615
v -0.5293183 0.5765483 8.3513918
vt 31 767
vn -2.4249728 1.1044817 5.6526179
v -0.6762748 -0.027533 8.3547812
vt 0 767
vn -2.8835306 0.0861724 5.5446501
f 2945/2945/2945 2946/2946/2946 2947/2947/2947 2948/2948/2948
v -2.089206 11.1408386 10.707346
vt 32 736
vn -2.0324981 1.9298031 2.4744358
v -2.1106284 10.250227 10.757185
vt 63 736
vn -3.051533 0.0968603 3.9280624
v -1.7943202 9.5774755 10.7596321
vt 63 767
vn -0.4502278 -3.0634665 3.5853498
v -1.4399793 10.5319357 10.7670441
vt 32 767
vn -0.1389892 0.1654233 6.2758346
f 2949/2949/2949 2950/2950/2950 2951/2951/2951 2952/2952/2952
v -0.5537177 -1.1793394 5.1779699
vt 64 736
vn -3.5196738 -1.9026171 -2.0845795
v -0.37614 -1.3944002 4.9856915
vt 95 736
vn -1.3636818 -1.6853163 -1.2948239
v 0.2985592 -1.6381383 5.1553187
vt 95 767
vn 0.4125881 -5.3550968 0.8533768
v -0.1026302 -1.312364 5.5270538
vt 64 767
vn -2.1481106 -2.9944291 -2.0261302
f 2953/2953/2953 2954/2954/2954 2955/2955/2955 2956/2956/2956
v 0.8339563 0.3761266 8.4447155
vt 96 736
vn 2.3116724 1.3308315 5.4421902
v 0.983665 0.0231167 8.383832
vt 127 736
vn 2.7188635 0.2541569 5.6460633
v 1.330883 -0.3975908 8.2165356
vt 127 767
vn 3.4624541 -0.0983893 5.1543279
v 1.1895468 0.1492107 8.2623634
vt 96 767
vn 3.2250381 0.4958729 5.3517213
f 2957/2957/2957 2958/2958/2958 2959/2959/2959 2960/2960/2960
v 2.4584129 10.7072306 6.3284054
vt 128 736
vn 5.7001495 -1.0108333 -0.1859441
v 2.4848893 10.7706537 5.9899688
vt 159 736
vn 5.5449281 -0.1341558 0.097325
v 2.6478891 11.0331087 6.3067393
vt 159 767
vn 5.7639341 -1.9906055 -0.5726041
v 2.4861958 10.7444792 6.6898198
vt 128 767
vn 5.0952067 -0.0590736 -0.394064
f 2961/2961/2961 2962/2962/2962 2963/2963/2963 2964/2964/2964
v 1.0599459 5.3065166 11.4759569
vt 160 736
vn 0.8197986 -1.2241209 5.7963486
v 1.4889481 5.696034 11.4309616
vt 191 736
vn 1.4169426 -0.1428038 5.8740697
v 1.64491 6.2935638 11.3365841
vt 191 767
vn 1.3613468 1.7702959 5.4203458
v 0.8726748 5.7651901 11.4472189
vt 160 767
vn -0.0286559 1.1906347 6.1290116
f 2965/2965/2965 2966/2966/2966 2967/2967/2967 2968/2968/2968
v 0.9814779 9.3250599 6.9966917
vt 192 736
vn -2.1315196 -0.7079641 5.7014804
v 0.5939207 9.3000984 6.6945052
vt 223 736
vn -4.6817713 -2.5651679 2.9683051
v 1.0294914 8.8824196 6.9543691
vt 223 767
vn -2.4748807 -1.040123 5.474834
v 1.279066 9.010828 7.0778728
vt 192 767
vn 0.7630007 -0.8183218 4.8824754
f 2969/2969/2969 2970/2970/2970 2971/2971/2971 2972/2972/2972
v -0.0614582 6.2054162 6.5373263
vt 224 736
vn 1.8791364 4.5061145 0.2437119
v 0.1714268 6.3603458 6.2867742
vt 255 736
vn -0.1634682 3.9265954 -0.6144813
v -0.1400393 6.0382028 6.0991654
vt 255 767
vn 1.7490149 3.0161119 -3.6389143
v -0.2527322 7.0459571 6.3037581
vt 224 767
vn 5.7751565 0.9882213 -0.398723
f 2973/2973/2973 2974/2974/2974 2975/2975/2975 2976/2976/2976
v 2.6164451 10.5836248 7.364922
vt 256 736
vn 4.3342762 -0.3565798 -0.0269334
v 2.4640999 10.7524261 7.4049788
vt 287 736
vn 4.5063467 -0.1145662 0.0360584
v 2.4792349 10.7819519 8.0970497
vt 287 767
vn 4.6690536 -0.4696443 0.0703152
v 2.6264586 10.5938215 8.2180405
vt 256 767
vn 4.2965512 -0.4222783 0.2382667
f 2977/2977/2977 2978/2978/2978 2979/2979/2979 2980/2980/2980
v -1.1409019 -1.0111458 6.4409757
vt 288 736
vn -5.4701905 -1.5991478 -1.5404168
v -1.2351441 -1.1447117 6.9266734
vt 319 736
vn -4.8991303 -0.8336018 -3.542563
v -1.3683766 -0.3304695 6.921886
vt 319 767
vn -5.2693672 -0.5760315 -3.2339082
v -1.1361779 -0.5894452 6.4483161
vt 288 767
vn -5.6994123 -0.0720944 -2.5783892
f 2981/2981/2981 2982/2982/2982 2983/2983/2983 2984/2984/2984
v 1.6946858 1.5908445 7.5744157
vt 320 736
vn 4.5559063 -0.4605723 4.1768112
v 1.4559971 2.043937 7.782608
vt 351 736
vn 3.9989054 0.5122554 4.7439737
v 0.7232741 2.0269649 8.2301989
vt 351 767
vn 2.2323422 0.6283507 5.7001057
v 1.2145513 1.6348497 7.9858394
vt 320 767
vn 3.4048808 0.2161151 5.2157493
f 2985/2985/2985 2986/2986/2986 2987/2987/2987 2988/2988/2988
v 2.9669881 5.557107 9.2920551
vt 352 736
vn 4.8052702 -3.0714366 -0.2004314
v 2.4097595 5.1390147 9.0158463
vt 383 736
vn 1.1874639 -4.6853986 -1.8838922
v 2.3878357 5.8343811 8.2780771
vt 383 767
vn -0.1113843 -1.7094145 -4.927382
v 2.7569957 5.6981459 8.4565001
vt 352 767
vn 2.6115475 -2.8172925 -3.5188944
f 2989/2989/2989 2990/2990/2990 2991/2991/2991 2992/2992/2992
v 2.3949847 10.7855349 8.8342695
vt 384 736
vn 3.8970306 -0.1502984 -0.4414581
v 2.4792349 10.7819519 8.0970497
vt 415 736
vn 4.6690536 -0.4696443 0.0703152
v 2.4640999 10.7524261 7.4049788
vt 415 767
vn 4.5063467 -0.1145662 0.0360584
v 2.669667 10.9540939 8.3142271
vt 384 767
vn 5.060111 -2.2396903 0.253898
f 2993/2993/2993 2994/2994/2994 2995/2995/2995 2996/2996/2996
v 1.2145513 1.6348497 7.9858394
vt 416 736
vn 3.4048808 0.2161151 5.2157493
v 1.2645837 1.2491651 7.9577398
vt 447 736
vn 3.8802543 1.0306517 4.7431464
v 1.7508558 1.0295582 7.3285022
vt 447 767
vn 4.1662002 1.4722935 3.406357
v 1.6946858 1.5908445 7.5744157
vt 416 767
vn 4.5559063 -0.4605723 4.1768112
f 2997/2997/2997 2998/2998/2998 2999/2999/2999 3000/3000/3000
v -1.717285 3.4405951 7.1362567
vt 448 736
vn -5.3047609 0.047028 3.1370995
v -1.6825491 4.1093178 7.0826092
vt 479 736
vn -5.6805573 0.7174449 2.5512064
v -1.7353045 4.5255651 6.8577476
vt 479 767
vn -5.6088581 1.003949 2.2110543
v -1.939693 3.4936404 6.5680256
vt 448 767
vn -5.9710422 0.1718936 0.7634349
f 3001/3001/3001 3002/3002/3002 3003/3003/3003 3004/3004/3004
v 2.1404333 9.1275501 9.1159821
vt 480 736
vn 2.5228739 -5.2425537 -1.8425707
v 2.3051574 9.1376219 9.4396553
vt 511 736
vn 5.0642066 -3.185107 -1.0906036
v 2.169488 8.8164339 9.5041428
vt 511 767
vn 4.6878438 -1.6074075 -3.4513831
v 1.8215096 8.9998684 9.0834217
vt 480 767
vn 1.6623918 -4.4876184 -3.8357751
f 3005/3005/3005 3006/3006/3006 3007/3007/3007 3008/3008/3008
v -1.003618 9.6597157 8.7096863
vt 512 736
vn 0.0402384 -4.3661723 -3.0229743
v -1.1563927 9.6775455 8.2806435
vt 543 736
vn 0.0455229 -6.2721052 -0.032991
v -0.5092713 9.6540346 7.7603951
vt 543 767
vn 0.1276505 -6.2730331 0.2688394
v -0.5100005 9.673604 8.7333517
vt 512 767
vn 1.6668537 -5.2897134 -1.6172861
f 3009/3009/3009 3010/3010/3010 3011/3011/3011 3012/3012/3012
v -1.0116974 -2.3056417 7.2650547
vt 544 736
vn -1.9721097 -3.12391 4.9845872
v -0.4389219 -2.3145313 7.5923452
vt 575 736
vn -1.9469794 -4.4002914 3.94489
v -0.6948797 -1.967615 7.7723093
vt 575 767
vn -2.723351 -3.4585593 4.4018955
v -0.9594899 -2.0457401 7.5236945
vt 544 767
vn -3.3348131 -3.2758586 4.092267
f 3013/3013/3013 3014/3014/3014 3015/3015/3015 3016/3016/3016
v 1.6924539 9.6261673 7.0094481
vt 576 736
vn 1.7390356 -4.9679804 2.1527886
v 1.5454214 9.2182503 6.8873286
vt 607 736
vn 3.7931497 -1.4250321 4.4634023
v 2.0209684 9.6496305 5.9833879
vt 607 767
vn 2.7936082 -4.8009648 -0.5135505
v 1.8577704 9.2822142 6.5561986
vt 576 767
vn 3.6387792 -3.0668676 1.1424298
f 3017/3017/3017 3018/3018/3018 3019/3019/3019 3020/3020/3020
v 1.2645837 1.2491651 7.9577398
vt 608 736
vn 3.8802543 1.0306517 4.7431464
v 0.8083784 1.3902309 8.2110214
vt 639 736
vn 2.6467252 1.2770283 5.5070539
v 1.1475153 0.9558646 8.1486235
vt 639 767
vn 3.1588831 1.4230464 5.2015519
v 1.3888021 0.9444687 7.9786372
vt 608 767
vn 3.6570263 2.0167203 4.6916232
f 3021/3021/3021 3022/3022/3022 3023/3023/3023 3024/3024/3024
v 1.4690241 3.9482136 7.9391232
vt 640 736
vn 4.9034166 -2.0386505 3.1251621
v 0.9363221 2.9153082 7.9488268
vt 671 736
vn 2.8749809 -0.2269236 5.4660854
v 1.4493843 2.4590156 7.719521
vt 671 767
vn 3.6546397 0.4457414 5.0651298
v 1.6653414 3.5142775 7.577424
vt 640 767
vn 4.3677473 -0.6115099 4.4209538
f 3025/3025/3025 3026/3026/3026 3027/3027/3027 3028/3028/3028
v 2.1277735 8.9047947 10.2088995
vt 672 736
vn 5.2633553 0.1967844 3.1880956
v 2.257925 8.9249821 9.7396545
vt 703 736
vn 6.0775485 -1.1815724 0.0666867
v 2.3242514 9.2557869 9.9157972
vt 703 767
vn 5.3402967 -2.3867252 1.9169003
v 1.8637838 9.3014441 10.4364872
vt 672 767
vn 4.4176502 -1.0712456 3.7545331
f 3029/3029/3029 3030/3030/3030 3031/3031/3031 3032/3032/3032
v 0.6614017 9.6907463 10.7021313
vt 704 736
vn 0.0736775 -3.5511284 3.1227837
v 0.5562208 10.1565199 10.751193
vt 735 736
vn 0.1546247 -0.1951472 6.2705917
v -0.1455901 9.7724323 10.7591314
vt 735 767
vn -0.2391314 -1.8064146 5.6879034
v 0.1054404 9.632679 10.7236853
vt 704 767
vn 0.326997 -3.4501648 2.7588964
f 3033/3033/3033 3034/3034/3034 3035/3035/3035 3036/3036/3036
v 2.1277735 8.9047947 10.2088995
vt 736 736
vn 5.2633553 0.1967844 3.1880956
v 1.9305544 8.0792265 10.5247536
vt 767 736
vn 4.8109026 0.6971435 3.9637933
v 2.2152112 8.5205212 10.0201521
vt 767 767
vn 5.9022751 0.2678153 1.4528019
v 2.257925 8.9249821 9.7396545
vt 736 767
vn 6.0775485 -1.1815724 0.0666867
f 3037/3037/3037 3038/3038/3038 3039/3039/3039 3040/3040/3040
v -1.4099125 7.3669314 8.9226952
vt 768 736
vn -0.2420045 4.2845392 -4.3558936
v -1.2194276 6.9493709 8.6262741
vt 799 736
vn 2.3963363 2.0925527 -4.7629476
v -1.6115783 6.2267656 8.2366791
vt 799 767
vn 1.5605452 -0.3642344 -5.0046811
v -1.9521031 6.6095591 8.2862778
vt 768 767
vn -1.1895962 1.7605941 -4.7161107
f 3041/3041/3041 3042/3042/3042 3043/3043/3043 3044/3044/3044
v -1.1681788 9.6167936 7.1853209
vt 800 736
vn -0.4073812 -5.6703429 1.9581908
v -0.7848545 9.5563469 7.0879884
vt 831 736
vn 1.0345184 -4.1852565 3.444665
v -0.4527687 9.6362877 6.9970369
vt 831 767
vn 1.8888086 -4.9829421 1.7824028
v -0.5092713 9.6540346 7.7603951
vt 800 767
vn 0.1276505 -6.2730331 0.2688394
f 3045/3045/3045 3046/3046/3046 3047/3047/3047 3048/3048/3048
v 2.2881055 6.990561 10.4338932
vt 832 736
vn 4.4115605 2.4361563 3.6131589
v 2.4023101 6.617691 10.7329683
vt 863 736
vn 4.0516829 2.1755593 3.5523868
v 2.9055579 5.9104042 10.159482
vt 863 767
vn 5.2113743 -0.5738693 2.1927321
v 2.7416883 6.6724429 10.0167494
vt 832 767
vn 5.3627682 1.9894375 2.4956753
f 3049/3049/3049 3050/3050/3050 3051/3051/3051 3052/3052/3052
v -1.2957491 8.6485729 5.8386111
vt 864 736
vn -2.9375589 -1.105872 -5.1511378
v -0.8353338 9.1119928 5.6603389
vt 895 736
vn 1.5880945 -3.6451063 -4.472014
v -0.8710191 8.3866062 5.788528
vt 895 767
vn 1.7483236 -0.1149284 -5.6563783
v -1.0206362 7.5440578 5.7082272
vt 864 767
vn -0.9177183 0.4819466 -5.9125514
f 3053/3053/3053 3054/3054/3054 3055/3055/3055 3056/3056/3056
v -1.1307811 10.4534607 5.3918943
vt 896 736
vn 0.4272544 0.3428605 -4.7200494
v -1.3843302 10.2899847 5.1918154
vt 927 736
vn 0.361553 3.5561659 -4.9475222
v -2.1909523 10.4511518 5.3252163
vt 927 767
vn -3.4567223 -0.2185169 -3.548866
v -1.3189741 10.5713148 5.1407623
vt 896 767
vn 0.8687006 -0.5694786 -3.1967614
f 3057/3057/3057 3058/3058/3058 3059/3059/3059 3060/3060/3060
v 1.4935538 -2.6717498 6.9400787
vt 928 736
vn 3.0399108 -2.7805736 0.9708156
v 1.3302191 -2.6825333 6.4982076
vt 959 736
vn 2.3669679 -2.3242869 -2.9144316
v 1.21513 -2.4710884 6.3955317
vt 959 767
vn 3.0382249 -3.5182912 -3.6041915
v 1.496455 -2.1932118 6.692246
vt 928 767
vn 4.4468751 -2.1343689 -3.1400254
f 3061/3061/3061 3062/3062/3062 3063/3063/3063 3064/3064/3064
v 0.978116 -0.5075712 5.3858638
vt 960 736
vn -0.0482423 3.8626673 -1.1340632
v 0.5584534 -0.8400118 5.5560622
vt 991 736
vn -0.1792037 2.9378138 -1.6081966
v 1.1797349 -0.4729138 5.5885787
vt 991 767
vn 1.1805127 3.9534419 -1.5105653
v 1.2688855 -0.9990348 5.2716994
vt 960 767
vn 3.9011805 -0.4433318 -2.8099306
f 3065/3065/3065 3066/3066/3066 3067/3067/3067 3068/3068/3068
v -1.9445221 9.6276093 8.9883957
vt 992 736
vn -2.5015297 -4.630353 -1.5793747
v -2.4046476 9.6727228 9.1892328
vt 1023 736
vn -3.458344 -2.3180325 -0.3403981
v -2.3373358 9.6663332 8.7612944
vt 1023 767
vn -3.3103676 -3.0895419 -0.0787804
v -1.661285 9.6356497 8.8161707
vt 992 767
vn -1.8119786 -3.6605389 -2.6660669
f 3069/3069/3069 3070/3070/3070 3071/3071/3071 3072/3072/3072
v -0.2618432 -0.3318602 8.5389519
vt 0 768
vn -1.2807822 -1.2734066 5.558732
v -0.1020105 0.2629225 8.53368
vt 31 768
vn -1.0379301 1.0967709 6.0772891
v -0.3673558 0.335025 8.4681511
vt 31 799
vn -1.8831254 1.1877029 5.7500615
v -0.3199176 -0.0237292 8.5284872
vt 0 799
vn -1.9248368 0.238131 5.8473005
f 3073/3073/3073 3074/3074/3074 3075/3075/3075 3076/3076/3076
v -0.3521717 4.0994339 9.4594727
vt 32 768
vn -1.8737949 -5.8323979 1.1573695
v -0.8410676 4.3209219 9.2506323
vt 63 768
vn -4.201488 -4.4414473 0.7374034
v -0.5879263 3.7530088 8.3972807
vt 63 799
vn -2.9004326 -4.0520177 3.5587671
v 0.2045924 3.8276851 8.8958168
vt 32 799
vn 0.1461888 -5.6628723 2.5142636
f 3077/3077/3077 3078/3078/3078 3079/3079/3079 3080/3080/3080
v -0.7471567 9.3466778 5.37286
vt 64 768
vn 0.3237016 -4.1550326 -4.3967452
v -0.9271678 9.6919479 5.0828795
vt 95 768
vn -0.3198134 -1.8901668 -5.1131721
v -0.6208786 9.7075348 5.0894232
vt 95 799
vn 0.4049763 -2.1025109 -5.2545943
v -0.5743551 9.2003822 5.5839872
vt 64 799
vn 1.8409771 -4.9872751 -1.9771069
f 3081/3081/3081 3082/3082/3082 3083/3083/3083 3084/3084/3084
v -1.3642857 4.9836116 11.0563173
vt 96 768
vn -3.1965647 -3.4478374 3.5581796
v -0.6704236 4.3613739 10.7611504
vt 127 768
vn -1.7785062 -4.9772229 2.5246749
v -0.6715243 4.9176145 11.3745842
vt 127 799
vn -1.208536 -2.8702235 4.9082518
v -0.9895087 5.1805997 11.3603535
vt 96 799
vn -2.1170552 -1.7350476 5.489532
f 3085/3085/3085 3086/3086/3086 3087/3087/3087 3088/3088/3088
v -1.4099125 7.3669314 8.9226952
vt 128 768
vn -0.2420045 4.2845392 -4.3558936
v -2.2645571 6.7790737 8.5789814
vt 159 768
vn -3.510113 2.6844094 -2.6778049
v -1.8517867 7.5301313 9.6358824
vt 159 799
vn -5.212945 2.9350543 -1.0057502
v -1.4675272 7.6837769 9.3091917
vt 128 799
vn -2.166954 3.2333519 -4.5468388
f 3089/3089/3089 3090/3090/3090 3091/3091/3091 3092/3092/3092
v 0.5085476 5.9540815 5.9537101
vt 160 768
vn -1.7514588 2.6368275 -4.2180071
v 0.6195915 5.496706 5.6417651
vt 191 768
vn -0.3279333 2.7984939 -5.0515151
v 0.2655662 5.9636383 5.8776512
vt 191 799
vn 0.2256939 4.1107392 -4.4277897
v 0.1714268 6.3603458 6.2867742
vt 160 799
vn -0.1634682 3.9265954 -0.6144813
f 3093/3093/3093 3094/3094/3094 3095/3095/3095 3096/3096/3096
v -2.3741369 11.0382748 8.8651476
vt 192 768
vn -5.7847104 -1.796393 0.0455415
v -2.1340489 10.6980181 8.8576603
vt 223 768
vn -4.5533199 0.3727804 -0.0009658
v -2.3826749 10.48666 9.4986334
vt 223 799
vn -5.4340515 -0.2053437 -1.0953072
v -2.1920443 10.7297535 9.3436899
vt 192 799
vn -3.5319405 -0.3036835 -2.1325605
f 3097/3097/3097 3098/3098/3098 3099/3099/3099 3100/3100/3100
v -0.5322234 9.2192078 5.888144
vt 224 768
vn 4.5414085 -3.3513205 -1.6044178
v -0.3809947 9.3242874 5.5068946
vt 255 768
vn 3.3336463 -2.620899 -1.6800573
v -0.364071 9.3821621 6.0001798
vt 255 799
vn 4.9734383 -3.7259846 -0.6939453
v -0.3515609 9.3514986 6.2243505
vt 224 799
vn 5.6524658 -2.4791574 -0.3561953
f 3101/3101/3101 3102/3102/3102 3103/3103/3103 3104/3104/3104
v -0.2371945 0.8892134 5.9124956
vt 256 768
vn -2.6142974 -2.0678833 -5.0190344
v 0.2094641 0.5752348 5.794559
vt 287 768
vn 0.2430514 3.2063892 -4.0030479
v -0.2560364 0.5119627 5.6918926
vt 287 799
vn -1.686904 0.8983763 -1.2656667
v -0.4121389 0.429222 5.9754782
vt 256 799
vn -3.7642496 2.5872877 -4.0868139
f 3105/3105/3105 3106/3106/3106 3107/3107/3107 3108/3108/3108
v 0.2921142 -2.6584468 7.6359415
vt 288 768
vn 0.0379116 -3.1225328 4.2835817
v 0.5802208 -2.5991874 7.4368696
vt 319 768
vn 3.1347876 -3.7225542 3.889528
v 1.1401659 -2.3231974 7.3811817
vt 319 799
vn 2.4313376 -4.1542354 4.0204434
v 0.3854974 -2.2770343 7.9078479
vt 288 799
vn 0.4340144 -3.8864138 4.3726344
f 3109/3109/3109 3110/3110/3110 3111/3111/3111 3112/3112/3112
v -0.8736831 -2.3639419 6.9093943
vt 320 768
vn -3.5759528 -1.6862506 -4.3481975
v -1.2318172 -2.3884845 7.1660166
vt 351 768
vn -2.616601 -3.0199802 1.1284925
v -1.2767534 -2.1588535 6.8630543
vt 351 799
vn -2.2612143 -1.0373771 -3.5025804
v -0.9073601 -1.9434416 6.8880744
vt 320 799
vn -2.1272793 -1.5206029 -3.6784565
f 3113/3113/3113 3114/3114/3114 3115/3115/3115 3116/3116/3116
v -2.0433869 6.3771353 10.7119074
vt 352 768
vn -4.6605253 1.5783683 3.217227
v -1.7769905 5.8806086 11.0936489
vt 383 768
vn -3.7470417 -0.2355175 4.4279552
v -0.7535881 6.3570552 11.4531088
vt 383 799
vn 0.1158636 1.6532385 5.2353082
v -1.4945551 6.6195636 11.1541767
vt 352 799
vn -2.5267017 2.4635952 4.2277594
f 3117/3117/3117 3118/3118/3118 3119/3119/3119 3120/3120/3120
v -2.3741369 11.0382748 8.8651476
vt 384 768
vn -5.7847104 -1.796393 0.0455415
v -2.3762779 10.9279776 8.412118
vt 415 768
vn -5.264545 -2.005017 0.061256
v -2.1678884 10.7336321 7.5415764
vt 415 799
vn -4.7957101 -0.0388334 -0.0133276
v -2.1340489 10.6980181 8.8576603
vt 384 799
vn -4.5533199 0.3727804 -0.0009658
f 3121/3121/3121 3122/3122/3122 3123/3123/3123 3124/3124/3124
v 2.2881055 6.990561 10.4338932
vt 416 768
vn 4.4115605 2.4361563 3.6131589
v 1.8632526 7.0260792 10.7882643
vt 447 768
vn 2.9369791 1.9854512 5.0009646
v 1.8869864 6.7386556 10.9845953
vt 447 799
vn 2.1837254 3.0441775 4.8987837
v 2.4023101 6.617691 10.7329683
vt 416 799
vn 4.0516829 2.1755593 3.5523868
f 3125/3125/3125 3126/3126/3126 3127/3127/3127 3128/3128/3128
v -1.717285 3.4405951 7.1362567
vt 448 768
vn -5.3047609 0.047028 3.1370995
v -1.3460523 4.5562067 7.6893163
vt 479 768
vn -5.77354 0.055606 2.3209417
v -1.4503205 4.9996858 7.0948677
vt 479 799
vn -5.2868118 1.5108345 2.8112323
v -1.6825491 4.1093178 7.0826092
vt 448 799
vn -5.6805573 0.7174449 2.5512064
f 3129/3129/3129 3130/3130/3130 3131/3131/3131 3132/3132/3132
v 1.8644645 0.0639281 6.363378
vt 480 768
vn 4.1959701 1.0965636 -3.3007948
v 1.5021605 -0.0453919 6.1454501
vt 511 768
vn 3.6302722 1.2217085 -4.9345665
v 1.1286099 0.177379 5.8659687
vt 511 799
vn 3.7378294 2.9074235 -3.9046161
v 1.4695929 0.4076726 6.2916512
vt 480 799
vn 3.4284413 2.8347371 -4.3843899
f 3133/3133/3133 3134/3134/3134 3135/3135/3135 3136/3136/3136
v -1.5805739 8.0357399 10.4197817
vt 512 768
vn -5.0258064 1.1085787 3.3823464
v -1.6740961 8.3214512 9.9950943
vt 543 768
vn -6.0782409 0.741044 0.5460804
v -1.8517867 7.5301313 9.6358824
vt 543 799
vn -5.212945 2.9350543 -1.0057502
v -1.8287635 7.4030085 10.2274227
vt 512 799
vn -5.6102629 1.8935571 1.9557706
f 3137/3137/3137 3138/3138/3138 3139/3139/3139 3140/3140/3140
v 2.443707 7.4207349 10.0253792
vt 544 768
vn 5.3912401 1.9556389 2.1385257
v 2.9339159 6.7494378 9.4348669
vt 575 768
vn 5.5250969 2.2957199 0.8099131
v 3.0408945 6.5114121 8.818099
vt 575 799
vn 5.2880678 1.619025 -1.3542998
v 2.3420067 7.6894956 9.5640326
vt 544 799
vn 5.1351461 2.8531015 -1.6190464
f 3141/3141/3141 3142/3142/3142 3143/3143/3143 3144/3144/3144
v 2.3420067 7.6894956 9.5640326
vt 576 768
vn 5.1351461 2.8531015 -1.6190464
v 2.1546113 8.1316204 9.5307226
vt 607 768
vn 4.3205614 1.1041963 -3.9472563
v 2.257925 8.9249821 9.7396545
vt 607 799
vn 6.0775485 -1.1815724 0.0666867
v 2.2152112 8.5205212 10.0201521
vt 576 799
vn 5.9022751 0.2678153 1.4528019
f 3145/3145/3145 3146/3146/3146 3147/3147/3147 3148/3148/3148
v -0.5970426 0.1754886 5.929956
vt 608 768
vn -4.6000929 1.9455298 -3.5035121
v -0.8513927 0.0089383 6.2278404
vt 639 768
vn -4.2071681 0.6133001 -4.553926
v -0.824479 0.2617442 6.2555861
vt 639 799
vn -3.9781907 2.2248986 -4.2422676
v -0.7384909 0.4666251 6.334569
vt 608 799
vn -3.8928144 1.5286133 -4.2730989
f 3149/3149/3149 3150/3150/3150 3151/3151/3151 3152/3152/3152
v 1.0294914 8.8824196 6.9543691
vt 640 768
vn -2.4748807 -1.040123 5.474834
v 1.4036626 8.7129354 6.9085779
vt 671 768
vn 3.4386692 -0.8088332 4.6253877
v 1.5454214 9.2182503 6.8873286
vt 671 799
vn 3.7931497 -1.4250321 4.4634023
v 1.279066 9.010828 7.0778728
vt 640 799
vn 0.7630007 -0.8183218 4.8824754
f 3153/3153/3153 3154/3154/3154 3155/3155/3155 3156/3156/3156
v -2.2996731 10.5667105 7.7387967
vt 672 768
vn -4.6905355 -0.2145839 0.046561
v -2.1571815 10.4209909 7.5721645
vt 703 768
vn -4.9890413 -0.7257475 0.2239134
v -2.389179 10.0429659 7.0727453
vt 703 799
vn -5.8135171 1.6129109 0.1479813
v -2.1207969 10.3838358 8.0646715
vt 672 799
vn -4.6901903 -0.4000166 0.014211
f 3157/3157/3157 3158/3158/3158 3159/3159/3159 3160/3160/3160
v 1.9275669 -1.0878932 6.9910297
vt 704 768
vn 4.9095612 -0.3407529 -3.2006505
v 2.2013748 -1.0820241 7.2820959
vt 735 768
vn 4.2732081 -0.3481173 0.5562597
v 1.9002632 -1.1498021 7.5429368
vt 735 799
vn 4.3342648 -1.7552335 4.1775789
v 2.131808 -1.4516894 7.1331162
vt 704 799
vn 4.1405334 -1.0289912 -0.5037495
f 3161/3161/3161 3162/3162/3162 3163/3163/3163 3164/3164/3164
v 1.8926207 7.4792008 10.6850195
vt 736 768
vn 4.2479401 0.8337528 4.5510526
v 1.9305544 8.0792265 10.5247536
vt 767 768
vn 4.8109026 0.6971435 3.9637933
v 1.470961 8.4145737 10.7041836
vt 767 799
vn -3.5221868 0.7751808 4.8516822
v 1.6050775 8.0355549 10.8820391
vt 736 799
vn -0.0492803 0.6140744 4.3153186
f 3165/3165/3165 3166/3166/3166 3167/3167/3167 3168/3168/3168
v -1.1566347 10.7507401 5.3130832
vt 768 768
vn 0.4507797 -0.6230388 -5.7901664
v -1.2548101 11.2435379 5.1733704
vt 799 768
vn 0.0314023 2.6147716 -3.0925198
v -0.1291358 11.2438231 5.2218757
vt 799 799
vn 0.0810893 4.4458046 -2.8545709
v -0.6404546 11.1290884 5.1396737
vt 768 799
vn -0.2047035 0.6560122 -5.7971988
f 3169/3169/3169 3170/3170/3170 3171/3171/3171 3172/3172/3172
v -1.939693 3.4936404 6.5680256
vt 800 768
vn -5.9710422 0.1718936 0.7634349
v -1.8716853 2.6699269 6.2343702
vt 831 768
vn -5.438261 -1.3938055 -1.5347779
v -1.7937911 2.3467178 6.8733883
vt 831 799
vn -5.7641153 -1.0188448 1.2801946
v -1.717285 3.4405951 7.1362567
vt 800 799
vn -5.3047609 0.047028 3.1370995
f 3173/3173/3173 3174/3174/3174 3175/3175/3175 3176/3176/3176
v -0.4527687 9.6362877 6.9970369
vt 832 768
vn 1.8888086 -4.9829421 1.7824028
v -0.5128239 9.2181759 6.7730579
vt 863 768
vn 4.7382474 -1.3905895 3.5230994
v -0.3515609 9.3514986 6.2243505
vt 863 799
vn 5.6524658 -2.4791574 -0.3561953
v -0.2111288 9.6584282 6.6273379
vt 832 799
vn 2.4245653 -4.9865727 0.6149707
f 3177/3177/3177 3178/3178/3178 3179/3179/3179 3180/3180/3180
v 1.1318012 8.9694481 10.2101679
vt 864 768
vn -5.4132719 -0.1320374 3.018862
v 1.4226304 8.9795189 10.5438871
vt 895 768
vn -4.6721787 -0.1428125 4.1318302
v 1.2564873 9.3295574 10.4071636
vt 895 799
vn -4.1245461 -0.2973964 4.4243507
v 0.9474071 9.2304316 9.8774996
vt 864 799
vn -5.6785622 -1.4911777 2.0973847
f 3181/3181/3181 3182/3182/3182 3183/3183/3183 3184/3184/3184
v 0.5085476 5.9540815 5.9537101
vt 896 768
vn -1.7514588 2.6368275 -4.2180071
v 0.5221684 7.4388018 6.2723918
vt 927 768
vn -5.8534927 0.5395494 -0.4341276
v 0.8169413 8.0532026 5.8237739
vt 927 799
vn -2.8528895 0.2559165 -4.8149347
v 0.6547778 7.1153526 5.8788619
vt 896 799
vn -4.171629 0.4706916 -4.0542054
f 3185/3185/3185 3186/3186/3186 3187/3187/3187 3188/3188/3188
v 2.1116905 10.1344881 5.0237174
vt 928 768
vn -0.3464006 2.175988 -5.4798036
v 2.642184 10.1255007 5.0132904
vt 959 768
vn 2.2869916 1.9474897 -2.7987518
v 2.4334784 9.7072916 4.9898734
vt 959 799
vn 0.6562477 -2.7500319 -2.8940775
v 1.5254872 9.7569256 5.0426397
vt 928 799
vn 0.0594151 -2.5504711 -4.2854247
f 3189/3189/3189 3190/3190/3190 3191/3191/3191 3192/3192/3192
v 0.4679124 2.1036599 4.9250412
vt 960 768
vn 1.2575336 -2.3047211 -5.6265502
v 0.1211347 1.626623 5.0963125
vt 991 768
vn -0.5148141 -2.8563468 -5.229044
v -0.3149407 1.5311927 5.3453093
vt 991 799
vn -2.6164639 -3.2218649 -4.6306272
v 0.0226585 2.1747408 4.8501377
vt 960 799
vn -0.8708083 -2.2808034 -5.5144715
f 3193/3193/3193 3194/3194/3194 3195/3195/3195 3196/3196/3196
v 2.6468494 11.2435379 8.1074123
vt 992 768
vn 3.1148231 3.5393357 0.1316857
v 2.669667 10.9540939 8.3142271
vt 1023 768
vn 5.060111 -2.2396903 0.253898
v 2.4640999 10.7524261 7.4049788
vt 1023 799
vn 4.5063467 -0.1145662 0.0360584
v 2.7140052 10.9984865 7.4814391
vt 992 799
vn 5.3227201 -2.0525503 0.2722756
f 3197/3197/3197 3198/3198/3198 3199/3199/3199 3200/3200/3200
v 1.9547986 5.4045324 6.1344967
vt 0 800
vn 6.082406 1.0891136 -0.8143694
v 1.863346 5.1633849 5.7061825
vt 31 800
vn 4.5257387 0.9749251 -3.7072239
v 1.1636405 5.0307012 5.3349538
vt 31 831
vn 1.0896308 1.6416361 -5.7943759
v 1.5287533 5.4950833 5.5160828
vt 0 831
vn 2.6755383 0.8618432 -5.4066453
f 3201/3201/3201 3202/3202/3202 3203/3203/3203 3204/3204/3204
v 0.5746207 8.6825209 6.2233591
vt 32 800
vn -5.7466712 -0.1542217 -0.7788576
v 0.7911156 8.8314238 5.8543115
vt 63 800
vn -3.704994 -0.4170832 -4.6156201
v 0.8169413 8.0532026 5.8237739
vt 63 831
vn -2.8528895 0.2559165 -4.8149347
v 0.5221684 7.4388018 6.2723918
vt 32 831
vn -5.8534927 0.5395494 -0.4341276
f 3205/3205/3205 3206/3206/3206 3207/3207/3207 3208/3208/3208
v 0.9474071 9.2304316 9.8774996
vt 64 800
vn -5.6785622 -1.4911777 2.0973847
v 0.8115607 9.6933651 9.968277
vt 95 800
vn -2.6169882 -4.5516934 0.9656029
v 0.7903621 9.6716537 9.2572803
vt 95 831
vn -2.6197088 -4.3311925 -0.1888965
v 0.8701451 9.3303328 9.6277971
vt 64 831
vn -5.9077249 -1.7787943 -0.0327998
f 3209/3209/3209 3210/3210/3210 3211/3211/3211 3212/3212/3212
v 1.0868367 6.403605 9.2048731
vt 96 800
vn -1.1607244 2.8194234 -3.4269857
v 1.8354954 5.9885211 8.4386625
vt 127 800
vn -2.9355896 -1.1340969 -4.4800549
v 2.1045403 5.3733683 8.7215691
vt 127 831
vn -1.685748 -4.0803123 -3.5306828
v 1.428494 5.9591227 8.9892912
vt 96 831
vn 0.0870481 0.41723 -3.3565907
f 3213/3213/3213 3214/3214/3214 3215/3215/3215 3216/3216/3216
v -0.3927453 7.5837603 10.1226349
vt 128 800
vn 5.9554062 0.5233779 1.0476024
v -0.5353661 7.255373 10.5398188
vt 159 800
vn 4.6515164 2.3389928 3.0635061
v -0.3616599 7.1166983 10.1853008
vt 159 831
vn 5.1335254 2.856595 0.7179743
v -0.4349629 7.7264352 9.7418842
vt 128 831
vn 5.6344285 0.7205561 -2.1582367
f 3217/3217/3217 3218/3218/3218 3219/3219/3219 3220/3220/3220
v -0.1339166 -1.0843452 4.8703456
vt 160 800
vn -2.2063594 0.8148447 -4.9952145
v 0.4405781 -1.3473299 4.7524858
vt 191 800
vn 0.6922486 -0.4380176 -5.7174253
v 0.0616551 -1.6454318 4.7679496
vt 191 831
vn -0.9896978 -2.034971 -1.8591251
v -0.1307013 -1.3436469 5.1282716
vt 160 831
vn -0.4849483 -0.0814815 -2.0566597
f 3221/3221/3221 3222/3222/3222 3223/3223/3223 3224/3224/3224
v -2.0433869 6.3771353 10.7119074
vt 192 800
vn -4.6605253 1.5783683 3.217227
v -2.4931767 6.5565538 9.5489655
vt 223 800
vn -5.4614873 1.7883087 0.6952843
v -2.5434177 6.0380216 8.6842232
vt 223 831
vn -4.3426604 -0.5189633 -2.1614332
v -2.4616792 5.8456368 9.9926882
vt 192 831
vn -5.3701148 -0.9830762 1.5255117
f 3225/3225/3225 3226/3226/3226 3227/3227/3227 3228/3228/3228
v -0.5596338 -1.6414132 8.0602722
vt 224 800
vn -2.2701626 -2.7827191 5.0891733
v -0.6037544 -1.1663642 8.2535982
vt 255 800
vn -2.4509454 -1.8281493 5.3906226
v -0.9206949 -1.5130373 7.9303923
vt 255 831
vn -3.3679919 -2.2780318 4.6171536
v -0.6948797 -1.967615 7.7723093
vt 224 831
vn -2.723351 -3.4585593 4.4018955
f 3229/3229/3229 3230/3230/3230 3231/3231/3231 3232/3232/3232
v -0.7287021 -0.3919527 6.0537472
vt 256 800
vn -3.5272567 1.8784 -4.2064238
v -0.5705459 -0.4363656 5.7736001
vt 287 800
vn -0.4958162 4.7417817 -1.305958
v -0.3394015 -0.4882895 5.3180256
vt 287 831
vn 0.0758208 3.2754376 -1.4728585
v -0.6796274 -0.6740582 5.598927
vt 256 831
vn -4.6112337 2.9613969 -2.9052773
f 3233/3233/3233 3234/3234/3234 3235/3235/3235 3236/3236/3236
v -0.9271678 9.6919479 5.0828795
vt 288 800
vn -0.3198134 -1.8901668 -5.1131721
v -1.1132717 9.5302172 5.3571625
vt 319 800
vn 1.1103506 -3.1603811 -3.8596778
v -1.2850853 9.398531 5.2249365
vt 319 831
vn -0.4974381 -1.8355135 -2.8757606
v -1.2464603 9.717392 5.0887446
vt 288 831
vn 0.1278345 -1.9378308 -5.3617759
f 3237/3237/3237 3238/3238/3238 3239/3239/3239 3240/3240/3240
v -1.9449686 5.7450042 8.3217554
vt 320 800
vn -0.6688774 -2.2792857 -4.0425858
v -2.3777645 5.513401 8.9822121
vt 351 800
vn -3.9981718 -3.382514 -1.3312237
v -2.4616792 5.8456368 9.9926882
vt 351 831
vn -5.3701148 -0.9830762 1.5255117
v -2.5434177 6.0380216 8.6842232
vt 320 831
vn -4.3426604 -0.5189633 -2.1614332
f 3241/3241/3241 3242/3242/3242 3243/3243/3243 3244/3244/3244
v -0.2677985 4.0479312 4.8525467
vt 352 800
vn -2.9944005 2.1255896 -5.0717635
v -0.1406698 3.7821763 4.6492801
vt 383 800
vn -2.2505269 0.8680989 -5.4221754
v -0.4990519 3.642421 4.8627152
vt 383 831
vn -3.282546 0.9667239 -5.2256093
v -0.7057173 4.3615289 5.173676
vt 352 831
vn -1.9422998 1.6172109 -5.7088647
f 3245/3245/3245 3246/3246/3246 3247/3247/3247 3248/3248/3248
v -0.5572207 -0.3146074 8.388504
vt 384 800
vn -2.6177106 -0.482862 5.6843915
v -0.2107034 -0.4854413 8.4937353
vt 415 800
vn -1.7293668 -0.6674303 5.9571805
v -0.0577635 -0.0876487 8.5750875
vt 415 831
vn -1.0804735 0.0700508 6.1650643
v -0.2618432 -0.3318602 8.5389519
vt 384 831
vn -1.2807822 -1.2734066 5.558732
f 3249/3249/3249 3250/3250/3250 3251/3251/3251 3252/3252/3252
v -2.3861246 10.5586576 5.5098348
vt 416 800
vn -3.5704532 -0.5658408 -0.576023
v -2.1575983 10.5887547 5.1474738
vt 447 800
vn -1.2981974 -0.2662951 -3.1855388
v -1.3189741 10.5713148 5.1407623
vt 447 831
vn 0.8687006 -0.5694786 -3.1967614
v -2.1909523 10.4511518 5.3252163
vt 416 831
vn -3.4567223 -0.2185169 -3.548866
f 3253/3253/3253 3254/3254/3254 3255/3255/3255 3256/3256/3256
v 2.443707 7.4207349 10.0253792
vt 448 800
vn 5.3912401 1.9556389 2.1385257
v 1.9305544 8.0792265 10.5247536
vt 479 800
vn 4.8109026 0.6971435 3.9637933
v 1.8926207 7.4792008 10.6850195
vt 479 831
vn 4.2479401 0.8337528 4.5510526
v 2.2881055 6.990561 10.4338932
vt 448 831
vn 4.4115605 2.4361563 3.6131589
f 3257/3257/3257 3258/3258/3258 3259/3259/3259 3260/3260/3260
v -1.2686625 9.1632118 10.6305199
vt 480 800
vn -3.0301979 0.1449509 5.3484845
v -1.5009187 8.8957758 10.3920546
vt 511 800
vn -4.9458928 -0.4798009 3.6928663
v -1.2307475 8.7897644 10.6642323
vt 511 831
vn -3.9679987 0.3924905 4.8374791
v -0.9334763 9.1770277 10.8260002
vt 480 831
vn 0.9801224 0.9149505 3.5703192
f 3261/3261/3261 3262/3262/3262 3263/3263/3263 3264/3264/3264
v 2.2904239 3.0231051 6.7349267
vt 512 800
vn 5.7725091 -0.0084005 1.5794727
v 2.0272408 4.4111514 6.9272532
vt 543 800
vn 5.7666721 0.9299095 2.1872256
v 1.8532237 4.7113152 7.1693091
vt 543 831
vn 5.5162072 1.4360697 2.6044176
v 2.0229521 3.631577 7.1755524
vt 512 831
vn 5.2834158 0.2905213 3.2260873
f 3265/3265/3265 3266/3266/3266 3267/3267/3267 3268/3268/3268
v 1.1895468 0.1492107 8.2623634
vt 544 800
vn 3.2250381 0.4958729 5.3517213
v 1.157804 0.5721596 8.1946907
vt 575 800
vn 2.6277754 1.0600555 5.5779419
v 0.8837773 0.9162911 8.3062
vt 575 831
vn 2.9417577 0.8115298 5.4545455
v 0.8339563 0.3761266 8.4447155
vt 544 831
vn 2.3116724 1.3308315 5.4421902
f 3269/3269/3269 3270/3270/3270 3271/3271/3271 3272/3272/3272
v -0.9802535 -1.4148511 6.7062325
vt 576 800
vn -4.7665796 -1.7493064 -3.2227201
v -0.9739276 -1.5906215 6.7791219
vt 607 800
vn -4.5250025 -1.1907078 -3.338979
v -1.3069924 -1.8188565 7.1275802
vt 607 831
vn -3.7447591 -0.0387043 -4.2128205
v -1.3278104 -1.5490314 7.0024056
vt 576 831
vn -4.035121 -0.9407125 -4.3870482
f 3273/3273/3273 3274/3274/3274 3275/3275/3275 3276/3276/3276
v -1.3561753 9.1104231 6.9098597
vt 608 800
vn -3.8495927 -1.2241451 4.5853887
v -0.8962272 8.7418137 7.0564561
vt 639 800
vn 1.1599075 -0.2136801 5.4051771
v -0.5128239 9.2181759 6.7730579
vt 639 831
vn 4.7382474 -1.3905895 3.5230994
v -0.9870054 9.126667 7.0954294
vt 608 831
vn 0.1012444 -0.4927056 5.4533639
f 3277/3277/3277 3278/3278/3278 3279/3279/3279 3280/3280/3280
v -0.2042149 1.7816583 8.2697582
vt 640 800
vn -1.6039884 0.7188681 6.0121274
v -0.5328038 1.7046527 8.1711397
vt 671 800
vn -2.4676223 0.3424181 5.7186337
v -0.5764898 1.2129443 8.1954317
vt 671 831
vn -2.8249483 0.8965482 5.4338923
v -0.4074094 1.3261462 8.2207508
vt 640 831
vn -1.9733094 0.7974437 5.8182778
f 3281/3281/3281 3282/3282/3282 3283/3283/3283 3284/3284/3284
v 1.0767761 8.1330805 9.5163784
vt 672 800
vn -4.436873 0.2991045 -4.0618076
v 1.3249042 7.1191936 8.9365215
vt 703 800
vn -3.3350484 1.417017 -4.4034305
v 1.0868367 6.403605 9.2048731
vt 703 831
vn -1.1607244 2.8194234 -3.4269857
v 0.86103 7.0255513 9.6906958
vt 672 831
vn -5.2273526 1.863063 -2.6727195
f 3285/3285/3285 3286/3286/3286 3287/3287/3287 3288/3288/3288
v 1.2365189 -0.4064962 5.8765507
vt 704 800
vn 1.6691439 1.8289648 -4.3081317
v 1.5021605 -0.0453919 6.1454501
vt 735 800
vn 3.6302722 1.2217085 -4.9345665
v 1.6863248 -0.6857357 6.1599131
vt 735 831
vn 5.0079126 1.0012867 -3.4411464
v 1.4661305 -0.8731542 5.6952767
vt 704 831
vn 5.0240097 2.1897779 -2.9546521
f 3289/3289/3289 3290/3290/3290 3291/3291/3291 3292/3292/3292
v -0.9271678 9.6919479 5.0828795
vt 736 800
vn -0.3198134 -1.8901668 -5.1131721
v -0.7471567 9.3466778 5.37286
vt 767 800
vn 0.3237016 -4.1550326 -4.3967452
v -1.1136544 9.1727552 5.564456
vt 767 831
vn 0.3313871 -3.8936377 -4.779582
v -1.1132717 9.5302172 5.3571625
vt 736 831
vn 1.1103506 -3.1603811 -3.8596778
f 3293/3293/3293 3294/3294/3294 3295/3295/3295 3296/3296/3296
v -1.558568 8.5391893 9.6273689
vt 768 800
vn -4.9644728 -0.5816025 -3.4244225
v -1.8517867 7.5301313 9.6358824
vt 799 800
vn -5.212945 2.9350543 -1.0057502
v -1.6740961 8.3214512 9.9950943
vt 799 831
vn -6.0782409 0.741044 0.5460804
v -1.7702596 9.0807648 9.8286619
vt 768 831
vn -5.5289726 -2.6719313 0.1317254
f 3297/3297/3297 3298/3298/3298 3299/3299/3299 3300/3300/3300
v -1.8405075 9.5992355 5.7155704
vt 800 800
vn -3.2793112 -4.4368625 -1.1000155
v -2.4100764 9.7152596 5.1246719
vt 831 800
vn -1.749984 -1.5222578 -1.89941
v -1.4401715 10.0318079 5.0767245
vt 831 831
vn 0.1378451 0.9949213 -5.9523654
v -1.6159868 9.6896362 5.12042
vt 800 831
vn -0.728895 -3.0517437 -4.5959058
f 3301/3301/3301 3302/3302/3302 3303/3303/3303 3304/3304/3304
v 1.4559971 2.043937 7.782608
vt 832 800
vn 3.9989054 0.5122554 4.7439737
v 1.8973131 1.8759623 7.3423967
vt 863 800
vn 5.0501089 -0.0863852 3.5714562
v 1.6653414 3.5142775 7.577424
vt 863 831
vn 4.3677473 -0.6115099 4.4209538
v 1.4493843 2.4590156 7.719521
vt 832 831
vn 3.6546397 0.4457414 5.0651298
f 3305/3305/3305 3306/3306/3306 3307/3307/3307 3308/3308/3308
v 2.4097595 5.1390147 9.0158463
vt 864 800
vn 1.1874639 -4.6853986 -1.8838922
v 2.1045403 5.3733683 8.7215691
vt 895 800
vn -1.685748 -4.0803123 -3.5306828
v 1.8354954 5.9885211 8.4386625
vt 895 831
vn -2.9355896 -1.1340969 -4.4800549
v 2.3878357 5.8343811 8.2780771
vt 864 831
vn -0.1113843 -1.7094145 -4.927382
f 3309/3309/3309 3310/3310/3310 3311/3311/3311 3312/3312/3312
v 0.999936 0.3393609 5.9652138
vt 896 800
vn 2.9524462 2.9223769 -4.1742082
v 0.729355 0.148228 5.4116402
vt 927 800
vn 2.6724799 3.7883942 -3.7309852
v -0.0146127 0.2438526 5.3614326
vt 927 831
vn -1.9908903 4.2353892 -3.164392
v 0.5942052 0.3744515 5.6777906
vt 896 831
vn 1.8309617 4.5413594 -3.8494656
f 3313/3313/3313 3314/3314/3314 3315/3315/3315 3316/3316/3316
v 0.5938598 1.1847203 8.4284649
vt 928 800
vn 1.8527051 2.3656912 4.9070683
v -0.0038174 1.2333388 8.4290371
vt 959 800
vn -1.5189712 1.1068832 5.7660294
v 0.2015613 1.165269 8.5814304
vt 959 831
vn -0.6004575 1.3704536 3.3341141
v 0.5351284 0.8363273 8.4811764
vt 928 831
vn 2.1406035 0.5690229 5.778739
f 3317/3317/3317 3318/3318/3318 3319/3319/3319 3320/3320/3320
v -0.6796274 -0.6740582 5.598927
vt 960 800
vn -4.6112337 2.9613969 -2.9052773
v -0.595474 -0.8305284 5.3080802
vt 991 800
vn -4.2467642 1.9353641 -3.6496506
v -0.8701866 -1.0456959 5.7126155
vt 991 831
vn -4.1748548 -1.855942 -2.553412
v -0.7287021 -0.3919527 6.0537472
vt 960 831
vn -3.5272567 1.8784 -4.2064238
f 3321/3321/3321 3322/3322/3322 3323/3323/3323 3324/3324/3324
v -0.6037544 -1.1663642 8.2535982
vt 992 800
vn -2.4509454 -1.8281493 5.3906226
v -0.2559122 -1.0317925 8.4072142
vt 1023 800
vn -1.8514465 -1.5601267 5.7810211
v -0.2615512 -0.7754563 8.4774914
vt 1023 831
vn -1.7960021 -0.9522947 5.8222146
v -0.6298488 -0.6730745 8.3453665
vt 992 831
vn -2.4623125 -0.6044784 5.6975226
f 3325/3325/3325 3326/3326/3326 3327/3327/3327 3328/3328/3328
v 0.6195915 5.496706 5.6417651
vt 0 832
vn -0.3279333 2.7984939 -5.0515151
v 0.6636956 5.0223217 5.3064895
vt 31 832
vn 1.2425011 3.0757179 -5.2938266
v 0.3025613 4.7415185 5.0057135
vt 31 863
vn 0.4579698 2.8948746 -5.2020602
v 0.22394 5.3871398 5.3895779
vt 0 863
vn -0.0333375 3.3854027 -4.8219752
f 3329/3329/3329 3330/3330/3330 3331/3331/3331 3332/3332/3332
v 1.8926207 7.4792008 10.6850195
vt 32 832
vn 4.2479401 0.8337528 4.5510526
v 1.6050775 8.0355549 10.8820391
vt 63 832
vn -0.0492803 0.6140744 4.3153186
v 1.37133 7.7636466 10.6623516
vt 63 863
vn -4.4917035 0.7189015 4.3270655
v 1.6170613 7.5603294 10.9375019
vt 32 863
vn 0.0468336 0.4841409 4.5448756
f 3333/3333/3333 3334/3334/3334 3335/3335/3335 3336/3336/3336
v 1.7435158 5.3051586 9.2091408
vt 64 832
vn 1.7988814 -2.3611369 -2.8148158
v 2.1045403 5.3733683 8.7215691
vt 95 832
vn -1.685748 -4.0803123 -3.5306828
v 2.4097595 5.1390147 9.0158463
vt 95 863
vn 1.1874639 -4.6853986 -1.8838922
v 2.0557365 4.9307961 9.7023516
vt 64 863
vn 3.2131162 -4.9644566 -1.5218794
f 3337/3337/3337 3338/3338/3338 3339/3339/3339 3340/3340/3340
v -1.8517867 7.5301313 9.6358824
vt 96 832
vn -5.212945 2.9350543 -1.0057502
v -2.2645571 6.7790737 8.5789814
vt 127 832
vn -3.510113 2.6844094 -2.6778049
v -2.5434177 6.0380216 8.6842232
vt 127 863
vn -4.3426604 -0.5189633 -2.1614332
v -2.4931767 6.5565538 9.5489655
vt 96 863
vn -5.4614873 1.7883087 0.6952843
f 3341/3341/3341 3342/3342/3342 3343/3343/3343 3344/3344/3344
v 0.2619785 3.9958928 9.4920578
vt 128 832
vn 0.1310277 -6.1409736 1.0023395
v 0.2045924 3.8276851 8.8958168
vt 159 832
vn 0.1461888 -5.6628723 2.5142636
v 0.3073533 3.5043333 8.4004221
vt 159 863
vn 0.445205 -3.8193932 4.7133093
v 0.8801453 4.0181279 8.879878
vt 128 863
vn 2.4381139 -5.3405118 1.9561906
f 3345/3345/3345 3346/3346/3346 3347/3347/3347 3348/3348/3348
v 2.4684331 10.4274874 5.4897914
vt 160 832
vn 4.9045525 -0.6767769 -0.0875528
v 2.4424384 10.5012321 6.3124399
vt 191 832
vn 5.5573554 -2.5969427 0.0145437
v 2.4552734 10.4623652 7.121942
vt 191 863
vn 4.8300767 -2.1769173 -0.1845933
v 2.3867195 10.4145832 6.3253713
vt 160 863
vn 4.7849164 0.4452308 0.0569477
f 3349/3349/3349 3350/3350/3350 3351/3351/3351 3352/3352/3352
v 2.045121 1.1137382 6.8726506
vt 192 832
vn 2.349309 1.8619758 -1.4530096
v 1.9581097 1.1780664 7.1098714
vt 223 832
vn 5.4835443 0.7010753 1.7602123
v 1.7508558 1.0295582 7.3285022
vt 223 863
vn 4.1662002 1.4722935 3.406357
v 2.0136395 0.6375112 7.3844314
vt 192 863
vn 5.1144471 1.9476203 2.4964027
f 3353/3353/3353 3354/3354/3354 3355/3355/3355 3356/3356/3356
v -1.6300114 5.6380792 6.0886016
vt 224 832
vn -5.8950977 0.9448941 -1.7383655
v -1.3596679 6.4234614 5.7268333
vt 255 832
vn -3.4153907 0.5356427 -4.7471714
v -1.1964462 5.3805828 5.5128455
vt 255 863
vn -2.2399492 0.9620888 -5.7183504
v -1.4625551 5.4970226 5.6931419
vt 224 863
vn -4.4761114 0.8356288 -4.0167422
f 3357/3357/3357 3358/3358/3358 3359/3359/3359 3360/3360/3360
v -2.2136307 10.6116438 10.3538723
vt 256 832
vn -6.0971594 0.406626 1.3918227
v -2.089206 11.1408386 10.707346
vt 287 832
vn -2.0324981 1.9298031 2.4744358
v -1.033446 11.2428942 10.7446308
vt 287 863
vn -0.0589846 3.2440076 3.1336877
v -2.1614296 11.2450733 10.2360344
vt 256 863
vn -2.9416361 3.495734 0.7897298
f 3361/3361/3361 3362/3362/3362 3363/3363/3363 3364/3364/3364
v 1.1763449 11.1543951 10.6996574
vt 288 832
vn 0.2862573 2.316756 5.3521509
v 0.6180144 11.1000423 10.7349701
vt 319 832
vn 0.2096794 1.6049256 5.8449426
v -0.3471948 10.7539425 10.7739067
vt 319 863
vn 0.1184 0.4066218 6.2467475
v 0.5562208 10.1565199 10.751193
vt 288 863
vn 0.1546247 -0.1951472 6.2705917
f 3365/3365/3365 3366/3366/3366 3367/3367/3367 3368/3368/3368
v 1.0158211 9.1996098 8.9192772
vt 320 832
vn -3.121115 -2.5849113 -2.5884972
v 1.3974378 9.3275108 8.7740784
vt 351 832
vn -0.3912064 -3.6710262 -5.0767384
v 1.7773294 9.2191858 8.8512411
vt 351 863
vn -0.7938854 -4.1076417 -4.6068673
v 1.4114213 9.0052691 8.9991035
vt 320 863
vn -0.8755011 -3.9585979 -4.5186296
f 3369/3369/3369 3370/3370/3370 3371/3371/3371 3372/3372/3372
v -1.6115783 6.2267656 8.2366791
vt 352 832
vn 1.5605452 -0.3642344 -5.0046811
v -1.9449686 5.7450042 8.3217554
vt 383 832
vn -0.6688774 -2.2792857 -4.0425858
v -2.5434177 6.0380216 8.6842232
vt 383 863
vn -4.3426604 -0.5189633 -2.1614332
v -1.9521031 6.6095591 8.2862778
vt 352 863
vn -1.1895962 1.7605941 -4.7161107
f 3373/3373/3373 3374/3374/3374 3375/3375/3375 3376/3376/3376
v -1.2182442 0.6591604 6.7546406
vt 384 832
vn -1.7327232 2.7253063 -2.4449778
v -1.4718252 0.5114745 7.0216637
vt 415 832
vn -5.1632543 0.6180125 -2.6380436
v -1.172616 0.6950392 6.894866
vt 415 863
vn -3.284384 1.3601626 -2.6776304
v -1.007658 0.5508037 6.5954394
vt 384 863
vn -4.2423096 1.3214363 -4.2217231
f 3377/3377/3377 3378/3378/3378 3379/3379/3379 3380/3380/3380
v 0.9599241 8.8877573 9.6357079
vt 416 832
vn -5.44875 -0.9811605 -1.1535496
v 0.8680703 7.1862121 10.0580254
vt 447 832
vn -5.185482 2.869421 0.3188432
v 0.9651346 7.4437947 10.3043079
vt 447 863
vn -5.2807035 0.7192719 2.3658073
v 1.1998558 8.2195101 10.4065247
vt 416 863
vn -5.1934929 0.688625 3.3619006
f 3381/3381/3381 3382/3382/3382 3383/3383/3383 3384/3384/3384
v -2.1678884 10.7336321 7.5415764
vt 448 832
vn -4.7957101 -0.0388334 -0.0133276
v -2.4251354 11.0795164 6.9037066
vt 479 832
vn -5.4664216 -0.7143909 -0.2140677
v -2.3337803 11.0630264 6.3556499
vt 479 863
vn -5.7382383 -0.5175447 -1.1148973
v -2.1844833 10.7296839 6.5513515
vt 448 863
vn -4.947885 0.7693557 -0.0094517
f 3385/3385/3385 3386/3386/3386 3387/3387/3387 3388/3388/3388
v 2.1589882 9.5860863 8.8140898
vt 480 832
vn 2.6434622 -3.434063 -2.349324
v 2.0338378 9.1283989 8.8306026
vt 511 832
vn 1.7223237 -3.0634115 -2.6136806
v 1.7053293 9.5684919 8.5815344
vt 511 863
vn -0.1597433 -4.8782177 -3.2378733
v 2.027647 9.6130495 8.5344868
vt 480 863
vn 0.9860267 -5.3767109 -2.0440443
f 3389/3389/3389 3390/3390/3390 3391/3391/3391 3392/3392/3392
v 1.8869864 6.7386556 10.9845953
vt 512 832
vn 2.1837254 3.0441775 4.8987837
v 2.1207356 6.1021657 11.1518259
vt 543 832
vn 3.479676 0.6438718 4.702558
v 2.4700067 5.5343065 10.744298
vt 543 863
vn 4.5909977 -1.5624859 3.2781017
v 2.4023101 6.617691 10.7329683
vt 512 863
vn 4.0516829 2.1755593 3.5523868
f 3393/3393/3393 3394/3394/3394 3395/3395/3395 3396/3396/3396
v 2.9669881 5.557107 9.2920551
vt 544 832
vn 4.8052702 -3.0714366 -0.2004314
v 2.5016968 5.1696897 10.1213961
vt 575 832
vn 4.204895 -4.1240821 0.924921
v 2.0557365 4.9307961 9.7023516
vt 575 863
vn 3.2131162 -4.9644566 -1.5218794
v 2.4097595 5.1390147 9.0158463
vt 544 863
vn 1.1874639 -4.6853986 -1.8838922
f 3397/3397/3397 3398/3398/3398 3399/3399/3399 3400/3400/3400
v 1.4690241 3.9482136 7.9391232
vt 576 832
vn 4.9034166 -2.0386505 3.1251621
v 1.252677 4.1978521 8.7101736
vt 607 832
vn 4.3255596 -4.0643759 1.7694275
v 0.9426506 3.5671461 8.1524916
vt 607 863
vn 2.9703069 -3.0414302 4.3756661
v 0.9363221 2.9153082 7.9488268
vt 576 863
vn 2.8749809 -0.2269236 5.4660854
f 3401/3401/3401 3402/3402/3402 3403/3403/3403 3404/3404/3404
v -0.6052607 5.1925488 5.4047408
vt 608 832
vn 0.7429719 1.842147 -5.8442659
v -0.8563899 5.4697676 5.4221344
vt 639 832
vn -0.1881696 0.628562 -5.8094897
v -0.2867411 5.5355349 5.6592112
vt 639 863
vn 1.2267461 2.4300461 -5.4222274
v -0.2974375 5.32937 5.5604849
vt 608 863
vn -0.1130924 2.8894734 -5.2756343
f 3405/3405/3405 3406/3406/3406 3407/3407/3407 3408/3408/3408
v 1.4493843 2.4590156 7.719521
vt 640 832
vn 3.6546397 0.4457414 5.0651298
v 0.9363221 2.9153082 7.9488268
vt 671 832
vn 2.8749809 -0.2269236 5.4660854
v 0.72454 2.5253882 8.1145229
vt 671 863
vn 2.1053772 0.9314655 5.8089581
v 1.1191126 2.2608695 7.980011
vt 640 863
vn 3.1485825 0.9006235 5.3313961
f 3409/3409/3409 3410/3410/3410 3411/3411/3411 3412/3412/3412
v 1.5926136 0.3105839 8.0028868
vt 672 832
vn 3.9619272 0.539971 4.5587454
v 1.9477363 0.3162664 7.5705876
vt 703 832
vn 4.8764315 0.6395821 3.8714223
v 2.0136395 0.6375112 7.3844314
vt 703 863
vn 5.1144471 1.9476203 2.4964027
v 1.6950119 0.5678602 7.8151455
vt 672 863
vn 4.5917115 1.3141083 4.0410504
f 3413/3413/3413 3414/3414/3414 3415/3415/3415 3416/3416/3416
v 1.2645837 1.2491651 7.9577398
vt 704 832
vn 3.8802543 1.0306517 4.7431464
v 1.2145513 1.6348497 7.9858394
vt 735 832
vn 3.4048808 0.2161151 5.2157493
v 0.3605995 1.6847346 8.3663025
vt 735 863
vn 0.9122931 0.3414928 5.9925542
v 0.8083784 1.3902309 8.2110214
vt 704 863
vn 2.6467252 1.2770283 5.5070539
f 3417/3417/3417 3418/3418/3418 3419/3419/3419 3420/3420/3420
v -0.4280065 -2.50966 6.5531201
vt 736 832
vn -1.8584417 -4.5523224 -3.5067506
v -0.2840125 -2.4459677 6.1750522
vt 767 832
vn -1.8996339 -5.1177435 -2.6696022
v 0.2339423 -2.3865983 5.9404812
vt 767 863
vn -0.1028401 -4.4991517 -4.0818105
v 0.0867386 -2.6444335 6.446373
vt 736 863
vn -2.3687842 -4.5255551 -3.3346362
f 3421/3421/3421 3422/3422/3422 3423/3423/3423 3424/3424/3424
v 1.7871927 0.8465416 7.5810332
vt 768 832
vn 4.7085228 2.6768477 2.8272133
v 2.0136395 0.6375112 7.3844314
vt 799 832
vn 5.1144471 1.9476203 2.4964027
v 1.7508558 1.0295582 7.3285022
vt 799 863
vn 4.1662002 1.4722935 3.406357
v 1.5818887 0.9647077 7.8094735
vt 768 863
vn 4.3859143 2.4746637 3.2436285
f 3425/3425/3425 3426/3426/3426 3427/3427/3427 3428/3428/3428
v -2.3278267 10.5824432 6.5470357
vt 800 832
vn -4.5108252 -0.1110022 0.0838156
v -2.1844833 10.7296839 6.5513515
vt 831 832
vn -4.947885 0.7693557 -0.0094517
v -2.3337803 11.0630264 6.3556499
vt 831 863
vn -5.7382383 -0.5175447 -1.1148973
v -2.1913517 10.8023682 5.9939799
vt 800 863
vn -5.5029254 0.9167875 0.229073
f 3429/3429/3429 3430/3430/3430 3431/3431/3431 3432/3432/3432
v -1.3232021 1.3853191 6.4996829
vt 832 832
vn -4.7631626 -3.1269014 -2.5644014
v -1.4632496 1.2308605 7.0741878
vt 863 832
vn -5.5109167 -1.5876123 0.1222591
v -1.6552821 1.7268108 6.9413581
vt 863 863
vn -5.5574026 -1.5444213 0.5453253
v -1.5583048 1.6912619 6.6121373
vt 832 863
vn -5.3301797 -2.4784501 -1.9481717
f 3433/3433/3433 3434/3434/3434 3435/3435/3435 3436/3436/3436
v 0.1721294 4.2999787 4.6582446
vt 864 832
vn -0.182039 2.4904988 -3.6929073
v 0.2129934 4.4578581 4.8486381
vt 895 832
vn 0.1430065 3.2140074 -4.9721365
v 0.908794 4.4898252 5.1390667
vt 895 863
vn 1.89477 1.9099817 -5.6536989
v 0.7020045 3.9603119 4.8389473
vt 864 863
vn 2.7533834 1.6741241 -5.3610682
f 3437/3437/3437 3438/3438/3438 3439/3439/3439 3440/3440/3440
v -0.6871943 -2.4638488 7.2460985
vt 896 832
vn -1.5237991 -4.0238957 4.4002037
v -0.4438263 -2.7875116 7.0190849
vt 927 832
vn -1.1024172 -5.2584019 2.2267075
v -0.0237539 -3.0872927 6.9574409
vt 927 863
vn -2.8631866 -4.2617383 -0.6605225
v -0.0567995 -2.6210432 7.3613558
vt 896 863
vn -2.8326683 -3.5859761 3.9804955
f 3441/3441/3441 3442/3442/3442 3443/3443/3443 3444/3444/3444
v 0.6289862 9.8106089 5.0387745
vt 928 832
vn -0.2587776 -1.5378453 -5.1254354
v 0.1509862 9.7346964 5.0512204
vt 959 832
vn -0.0128471 -2.7342186 -3.9763525
v -0.4809497 10.1006184 5.0889878
vt 959 863
vn -0.2551135 1.9993123 -5.5712094
v 0.0773562 10.0813293 5.0890136
vt 928 863
vn -0.0014021 2.116946 -5.7259622
f 3445/3445/3445 3446/3446/3446 3447/3447/3447 3448/3448/3448
v 0.1234915 6.5070224 8.9591265
vt 960 832
vn -2.3249419 5.4225206 -1.8187951
v 0.4683181 6.5744615 8.9229183
vt 991 832
vn 1.1830832 5.6473832 -1.8632547
v -0.0902869 6.3776259 8.3282776
vt 991 863
vn -2.3804009 5.7223058 -0.5110473
v -0.6796842 6.1258168 9.02318
vt 960 863
vn 0.1650196 2.6255929 -3.2222357
f 3449/3449/3449 3450/3450/3450 3451/3451/3451 3452/3452/3452
v -2.4840822 9.7187281 5.6637049
vt 992 832
vn -3.5885992 -2.2755249 -0.0251622
v -2.4213271 9.6988945 6.4937453
vt 1023 832
vn -3.5602317 -2.7126038 0.1460681
v -2.3513043 10.1335888 6.4703016
vt 1023 863
vn -5.659586 2.3946309 0.2310929
v -2.3336396 10.2625933 5.7580814
vt 992 863
vn -5.3487511 2.9600854 0.3046555
f 3453/3453/3453 3454/3454/3454 3455/3455/3455 3456/3456/3456
v -1.2620075 5.486517 7.1067023
vt 0 864
vn -4.9633365 1.9218045 3.1707451
v -1.4503205 4.9996858 7.0948677
vt 31 864
vn -5.2868118 1.5108345 2.8112323
v -1.1427996 5.2087879 8.3528967
vt 31 895
vn -5.9272451 1.4881877 0.4130636
v -1.094227 5.5521626 7.473022
vt 0 895
vn -5.1200428 3.2958298 1.3311802
f 3457/3457/3457 3458/3458/3458 3459/3459/3459 3460/3460/3460
v 0.5468125 5.8928609 11.3859777
vt 32 864
vn -0.1311957 2.1591792 5.8555274
v 0.4552396 6.6774697 10.8734217
vt 63 864
vn -1.0391277 4.6960216 3.8787005
v 0.2165735 6.4260225 11.1271811
vt 63 895
vn 0.0610317 3.8053603 4.6663222
v 0.1960661 5.9785547 11.4059973
vt 32 895
vn -0.0788301 2.3712111 5.5194702
f 3461/3461/3461 3462/3462/3462 3463/3463/3463 3464/3464/3464
v 1.2002891 4.7716894 11.2159805
vt 64 864
vn 1.5517262 -3.5139706 4.3692479
v 1.0089836 4.1994104 10.3900986
vt 95 864
vn 1.6390414 -5.5140657 1.7066886
v 1.6937864 4.62536 10.6303501
vt 95 895
vn 3.0836051 -4.793283 2.0606239
v 2.0666349 5.0160508 10.8631926
vt 64 895
vn 3.5552342 -3.4246783 2.9962575
f 3465/3465/3465 3466/3466/3466 3467/3467/3467 3468/3468/3468
v 1.6653414 3.5142775 7.577424
vt 96 864
vn 4.3677473 -0.6115099 4.4209538
v 1.8973131 1.8759623 7.3423967
vt 127 864
vn 5.0501089 -0.0863852 3.5714562
v 2.2904239 3.0231051 6.7349267
vt 127 895
vn 5.7725091 -0.0084005 1.5794727
v 2.0229521 3.631577 7.1755524
vt 96 895
vn 5.2834158 0.2905213 3.2260873
f 3469/3469/3469 3470/3470/3470 3471/3471/3471 3472/3472/3472
v -0.6388968 6.570303 7.0727406
vt 128 864
vn 2.3998623 1.3744711 5.452652
v -0.892659 6.0074282 7.2691894
vt 159 864
vn -1.5822488 1.9036695 5.3386555
v -0.5888251 6.0758433 7.2126212
vt 159 895
vn -0.8088347 4.006062 3.0490334
v -0.3143164 6.277101 6.9014168
vt 128 895
vn 2.2261367 4.0524411 2.5453
f 3473/3473/3473 3474/3474/3474 3475/3475/3475 3476/3476/3476
v -0.6208786 9.7075348 5.0894232
vt 160 864
vn 0.4049763 -2.1025109 -5.2545943
v -0.9271678 9.6919479 5.0828795
vt 191 864
vn -0.3198134 -1.8901668 -5.1131721
v -1.2464603 9.717392 5.0887446
vt 191 895
vn 0.1278345 -1.9378308 -5.3617759
v -1.0653387 10.146102 5.1497765
vt 160 895
vn 0.2588091 2.347908 -5.6441298
f 3477/3477/3477 3478/3478/3478 3479/3479/3479 3480/3480/3480
v -2.3311281 11.0331211 5.0979328
vt 192 864
vn -1.5526096 0.2564945 -2.1154776
v -2.4772971 11.1951599 5.5269294
vt 223 864
vn -2.545527 1.2341386 -0.1487705
v -1.8330982 11.2441425 5.2991867
vt 223 895
vn -0.2859316 4.8638539 -2.5485957
v -1.7352365 10.9354429 5.1328826
vt 192 895
vn 0.1302546 -0.896121 -5.2377725
f 3481/3481/3481 3482/3482/3482 3483/3483/3483 3484/3484/3484
v 2.2646616 9.6466465 10.6859331
vt 224 864
vn 2.0578024 -1.8014038 2.658421
v 1.4133464 10.3653994 10.7429714
vt 255 864
vn 0.2399225 0.1454961 6.257638
v 1.0015219 9.7375374 10.7205858
vt 255 895
vn 0.008331 -3.0545919 4.2728453
v 1.3936867 9.6405935 10.7122478
vt 224 895
vn -0.4904335 -3.1977453 3.3025126
f 3485/3485/3485 3486/3486/3486 3487/3487/3487 3488/3488/3488
v 1.0016814 6.7162533 11.1798563
vt 256 864
vn -1.0660771 3.3070769 4.4019961
v 1.8869864 6.7386556 10.9845953
vt 287 864
vn 2.1837254 3.0441775 4.8987837
v 1.5088542 7.0223751 10.8895273
vt 287 895
vn -0.1671395 2.3647056 5.5037017
v 1.2336193 7.1473188 10.6735687
vt 256 895
vn -3.3545973 2.9083815 3.925432
f 3489/3489/3489 3490/3490/3490 3491/3491/3491 3492/3492/3492
v 2.0540755 0.4657335 6.9137173
vt 288 864
vn 5.3605194 0.6899251 -2.5709591
v 2.045121 1.1137382 6.8726506
vt 319 864
vn 2.349309 1.8619758 -1.4530096
v 2.0136395 0.6375112 7.3844314
vt 319 895
vn 5.1144471 1.9476203 2.4964027
v 2.1703277 0.4303749 7.2698779
vt 288 895
vn 4.7474637 1.585324 0.7242641
f 3493/3493/3493 3494/3494/3494 3495/3495/3495 3496/3496/3496
v -1.3120775 1.0664783 6.9484434
vt 320 864
vn -4.7747455 -1.7082026 -3.2923951
v -1.4718252 0.5114745 7.0216637
vt 351 864
vn -5.1632543 0.6180125 -2.6380436
v -1.5186722 0.7826401 7.2905617
vt 351 895
vn -5.3585978 1.2559522 0.340872
v -1.4632496 1.2308605 7.0741878
vt 320 895
vn -5.5109167 -1.5876123 0.1222591
f 3497/3497/3497 3498/3498/3498 3499/3499/3499 3500/3500/3500
v 0.0816895 -0.8763002 8.5124559
vt 352 864
vn -2.0454586 -1.0523696 5.7149129
v 0.3534673 -0.8498608 8.6774569
vt 383 864
vn 0.1429768 -0.5601619 5.0523629
v 0.5233399 -0.5078017 8.5806608
vt 383 895
vn 1.6028932 0.0535178 5.9808984
v 0.091033 -0.6043884 8.580184
vt 352 895
vn -1.366987 -0.3431538 6.0585136
f 3501/3501/3501 3502/3502/3502 3503/3503/3503 3504/3504/3504
v 0.054098 10.9838247 5.1173897
vt 384 864
vn 0.4058506 -0.9035331 -5.3192358
v -0.6404546 11.1290884 5.1396737
vt 415 864
vn -0.2047035 0.6560122 -5.7971988
v 0.6406015 11.2268114 5.1872492
vt 415 895
vn -0.1726125 2.0898874 -5.2158442
v 0.2633373 10.7941189 5.2889843
vt 384 895
vn 0.3354449 0.0517355 -5.4429402
f 3505/3505/3505 3506/3506/3506 3507/3507/3507 3508/3508/3508
v -0.2559122 -1.0317925 8.4072142
vt 416 864
vn -1.8514465 -1.5601267 5.7810211
v -0.2330119 -1.3920013 8.2906981
vt 447 864
vn -1.8540455 -2.3924446 5.4891677
v -0.0100253 -1.6689574 8.2147427
vt 447 895
vn -1.7987405 -3.0477409 5.1802649
v 0.3229637 -1.447794 8.4632578
vt 416 895
vn 0.1969837 -2.0481071 5.4046836
f 3509/3509/3509 3510/3510/3510 3511/3511/3511 3512/3512/3512
v 0.818948 -0.6193954 5.1631851
vt 448 864
vn 0.6855996 4.2080717 -2.0870705
v 0.2640909 -0.6282801 4.9951305
vt 479 864
vn -0.3531007 3.7243509 -1.7308348
v 0.2465568 -0.9175953 4.8645229
vt 479 895
vn -0.456844 2.2514651 -5.6662016
v -0.1961747 -0.6653081 5.1495795
vt 448 895
vn -0.3276337 4.0550065 -2.9024062
f 3513/3513/3513 3514/3514/3514 3515/3515/3515 3516/3516/3516
v 0.978116 -0.5075712 5.3858638
vt 480 864
vn -0.0482423 3.8626673 -1.1340632
v 0.818948 -0.6193954 5.1631851
vt 511 864
vn 0.6855996 4.2080717 -2.0870705
v 0.0945862 -0.876982 5.4627609
vt 511 895
vn 0.2008002 3.5446491 -0.9947082
v 0.5584534 -0.8400118 5.5560622
vt 480 895
vn -0.1792037 2.9378138 -1.6081966
f 3517/3517/3517 3518/3518/3518 3519/3519/3519 3520/3520/3520
v -0.6796842 6.1258168 9.02318
vt 512 864
vn 0.1650196 2.6255929 -3.2222357
v -0.0902869 6.3776259 8.3282776
vt 543 864
vn -2.3804009 5.7223058 -0.5110473
v -0.5888251 6.0758433 7.2126212
vt 543 895
vn -0.8088347 4.006062 3.0490334
v -0.7117216 5.9726324 8.3521652
vt 512 895
vn -4.4674997 4.2530169 -0.2488972
f 3521/3521/3521 3522/3522/3522 3523/3523/3523 3524/3524/3524
v 0.8988553 -1.2940068 4.897398
vt 544 864
vn 3.0158353 -1.817013 -3.6619129
v 0.4405781 -1.3473299 4.7524858
vt 575 864
vn 0.6922486 -0.4380176 -5.7174253
v 0.2465568 -0.9175953 4.8645229
vt 575 895
vn -0.456844 2.2514651 -5.6662016
v 0.6768399 -1.1621737 4.80335
vt 544 895
vn 1.5057498 1.0095204 -5.5874767
f 3525/3525/3525 3526/3526/3526 3527/3527/3527 3528/3528/3528
v 1.3707013 9.652626 7.9721355
vt 576 864
vn -0.0705482 -6.2717242 -0.2247944
v 1.9439826 9.6690979 7.5739646
vt 607 864
vn 0.1559818 -6.2734199 -0.060296
v 2.739068 9.6838598 7.4582844
vt 607 895
vn 3.2465966 -3.2607012 -0.0588962
v 2.027647 9.6130495 8.5344868
vt 576 895
vn 0.9860267 -5.3767109 -2.0440443
f 3529/3529/3529 3530/3530/3530 3531/3531/3531 3532/3532/3532
v 1.6545081 8.9046593 10.7722378
vt 608 864
vn 0.5208012 0.0571364 4.4320421
v 1.4226304 8.9795189 10.5438871
vt 639 864
vn -4.6721787 -0.1428125 4.1318302
v 1.1998558 8.2195101 10.4065247
vt 639 895
vn -5.1934929 0.688625 3.3619006
v 1.470961 8.4145737 10.7041836
vt 608 895
vn -3.5221868 0.7751808 4.8516822
f 3533/3533/3533 3534/3534/3534 3535/3535/3535 3536/3536/3536
v 1.5731976 -1.048045 7.9538274
vt 640 864
vn 4.0247221 -1.4328854 4.4127836
v 1.4051425 -1.4755504 7.867106
vt 671 864
vn 3.6995358 -2.4453807 4.4300804
v 1.9002632 -1.1498021 7.5429368
vt 671 895
vn 4.3342648 -1.7552335 4.1775789
v 1.9765977 -0.7680916 7.5704994
vt 640 895
vn 4.8503957 -0.6226225 3.7909606
f 3537/3537/3537 3538/3538/3538 3539/3539/3539 3540/3540/3540
v 0.1293611 -1.9630965 8.0485649
vt 672 864
vn -2.0200453 -3.5056314 4.5748925
v 0.3224648 -2.0212975 8.2164021
vt 703 864
vn -0.4296789 -2.4752638 3.5217578
v 0.5403359 -2.0000944 8.0331774
vt 703 895
vn 2.760581 -3.1293075 4.6279655
v 0.3685624 -1.7719582 8.3264523
vt 672 895
vn 0.5192498 -2.5763426 4.7575684
f 3541/3541/3541 3542/3542/3542 3543/3543/3543 3544/3544/3544
v -1.0258549 2.6546121 5.2601352
vt 704 864
vn -3.7841768 -1.3545774 -4.7786584
v -0.8810748 3.3598185 5.0888715
vt 735 864
vn -3.382333 0.2573652 -5.2506022
v -0.4990519 3.642421 4.8627152
vt 735 895
vn -3.282546 0.9667239 -5.2256093
v -0.6337277 3.1243432 4.8602276
vt 704 895
vn -3.2922337 -0.1269557 -5.1035275
f 3545/3545/3545 3546/3546/3546 3547/3547/3547 3548/3548/3548
v -0.5596338 -1.6414132 8.0602722
vt 736 864
vn -2.2701626 -2.7827191 5.0891733
v -0.6948797 -1.967615 7.7723093
vt 767 864
vn -2.723351 -3.4585593 4.4018955
v -0.4389219 -2.3145313 7.5923452
vt 767 895
vn -1.9469794 -4.4002914 3.94489
v -0.1982963 -2.0553088 7.9505944
vt 736 895
vn -1.3982229 -3.627516 4.7505498
f 3549/3549/3549 3550/3550/3550 3551/3551/3551 3552/3552/3552
v 1.5756335 9.2219744 5.8841043
vt 768 864
vn 2.8513675 -2.6030352 -3.956084
v 1.8109777 9.2482901 6.0158143
vt 799 864
vn 4.5031219 -3.4626563 -1.6406703
v 1.7382145 9.0523577 6.5402384
vt 799 895
vn 5.3267374 0.0545316 1.77853
v 1.7505621 9.0892534 6.0849609
vt 768 895
vn 5.2492304 -1.91783 -2.0844464
f 3553/3553/3553 3554/3554/3554 3555/3555/3555 3556/3556/3556
v -0.7645516 2.733459 7.9045601
vt 800 864
vn -2.7882063 0.3689084 5.5751543
v -0.9007212 2.0731456 7.9431534
vt 831 864
vn -3.4214721 0.570557 5.1966338
v -0.5328038 1.7046527 8.1711397
vt 831 895
vn -2.4676223 0.3424181 5.7186337
v -0.5834776 2.1470964 8.121047
vt 800 895
vn -2.3955667 0.7606915 5.6542368
f 3557/3557/3557 3558/3558/3558 3559/3559/3559 3560/3560/3560
v 2.4684331 10.4274874 5.4897914
vt 832 864
vn 4.9045525 -0.6767769 -0.0875528
v 2.7542865 9.8955517 5.0091553
vt 863 864
vn 2.3993726 -0.5421277 -1.8579425
v 2.4334784 9.7072916 4.9898734
vt 863 895
vn 0.6562477 -2.7500319 -2.8940775
v 2.642184 10.1255007 5.0132904
vt 832 895
vn 2.2869916 1.9474897 -2.7987518
f 3561/3561/3561 3562/3562/3562 3563/3563/3563 3564/3564/3564
v -1.6149651 -0.2806806 7.3723121
vt 864 864
vn -5.7122197 0.2316604 0.3908033
v -1.5995666 -0.7388551 7.331471
vt 895 864
vn -5.3302917 -0.8936278 -0.326634
v -1.4551014 -0.3733066 7.7363782
vt 895 895
vn -5.2352467 0.1879357 3.141293
v -1.3031965 -0.0448947 7.8788333
vt 864 895
vn -5.0020905 0.8111993 3.6689665
f 3565/3565/3565 3566/3566/3566 3567/3567/3567 3568/3568/3568
v -1.1936022 7.8760519 6.9059567
vt 896 864
vn -3.4548869 0.1691352 5.0099311
v -1.3083642 7.1920466 6.8142157
vt 927 864
vn -4.4259415 0.2340508 4.3877125
v -1.0044596 7.5263705 7.0367675
vt 927 895
vn -1.4964275 0.2610066 5.6580901
v -0.8014895 8.0357037 7.0034304
vt 896 895
vn 1.7252208 0.1796633 5.3419838
f 3569/3569/3569 3570/3570/3570 3571/3571/3571 3572/3572/3572
v -1.6478422 5.7903638 6.5032783
vt 928 864
vn -5.653378 0.8351051 1.6037071
v -1.2620075 5.486517 7.1067023
vt 959 864
vn -4.9633365 1.9218045 3.1707451
v -0.892659 6.0074282 7.2691894
vt 959 895
vn -1.5822488 1.9036695 5.3386555
v -1.2270828 6.0351944 6.9885073
vt 928 895
vn -4.4101667 0.7908964 4.3691163
f 3573/3573/3573 3574/3574/3574 3575/3575/3575 3576/3576/3576
v -1.464416 9.0957222 5.766304
vt 960 864
vn -3.7880883 -3.3797112 -3.4197748
v -1.3072579 9.137598 5.4664235
vt 991 864
vn -0.0125584 -1.3849193 -2.2232347
v -1.4306961 9.3216124 5.5008874
vt 991 895
vn -2.5968153 -3.9458437 -3.9499793
v -1.1136544 9.1727552 5.564456
vt 960 895
vn 0.3313871 -3.8936377 -4.779582
f 3577/3577/3577 3578/3578/3578 3579/3579/3579 3580/3580/3580
v -0.5537177 -1.1793394 5.1779699
vt 992 864
vn -3.5196738 -1.9026171 -2.0845795
v -0.1339166 -1.0843452 4.8703456
vt 1023 864
vn -2.2063594 0.8148447 -4.9952145
v -0.1307013 -1.3436469 5.1282716
vt 1023 895
vn -0.4849483 -0.0814815 -2.0566597
v -0.37614 -1.3944002 4.9856915
vt 992 895
vn -1.3636818 -1.6853163 -1.2948239
f 3581/3581/3581 3582/3582/3582 3583/3583/3583 3584/3584/3584
v -0.4333994 9.2071657 9.8003101
vt 0 896
vn 5.8054824 -1.5954679 -0.2380118
v -0.2901676 9.590086 9.7916622
vt 31 896
vn 4.0116014 -4.4051704 -0.2120917
v -0.4305431 9.5870934 10.30723
vt 31 927
vn 2.6451082 -4.826581 1.6875436
v -0.5853232 9.30758 10.3265638
vt 0 927
vn 4.8831515 -1.3612778 3.3932395
f 3585/3585/3585 3586/3586/3586 3587/3587/3587 3588/3588/3588
v 1.4583799 9.0611343 5.7471519
vt 32 896
vn 2.4464931 0.3052062 -4.6687775
v 1.1690669 8.673481 5.7597446
vt 63 896
vn 0.5142588 -0.6306475 -5.9327259
v 1.1352725 9.1230478 5.68891
vt 63 927
vn 0.1482681 -2.759295 -5.0828447
v 1.5756335 9.2219744 5.8841043
vt 32 927
vn 2.8513675 -2.6030352 -3.956084
f 3589/3589/3589 3590/3590/3590 3591/3591/3591 3592/3592/3592
v 1.614204 9.2436981 10.8448153
vt 64 896
vn -0.042694 0.6251829 2.6851773
v 1.6545081 8.9046593 10.7722378
vt 95 896
vn 0.5208012 0.0571364 4.4320421
v 2.1277735 8.9047947 10.2088995
vt 95 927
vn 5.2633553 0.1967844 3.1880956
v 1.8637838 9.3014441 10.4364872
vt 64 927
vn 4.4176502 -1.0712456 3.7545331
f 3593/3593/3593 3594/3594/3594 3595/3595/3595 3596/3596/3596
v -0.7735083 -2.1827884 6.8465829
vt 96 896
vn -4.2299237 -0.7464724 -2.8063321
v -0.8880043 -1.8791348 6.5816884
vt 127 896
vn -5.8850598 -1.240225 -1.1321852
v -0.8024246 -2.0234263 5.9993415
vt 127 927
vn -4.0098777 -1.5095774 -2.1517155
v -0.6632663 -2.3856189 6.5453362
vt 96 927
vn -4.3487463 -3.2856717 -2.4775155
f 3597/3597/3597 3598/3598/3598 3599/3599/3599 3600/3600/3600
v -2.389179 10.0429659 7.0727453
vt 128 896
vn -5.8135171 1.6129109 0.1479813
v -2.3455255 9.6739101 7.7498221
vt 159 896
vn -3.2322302 -3.3618081 0.0720229
v -2.374244 10.004591 8.4781199
vt 159 927
vn -5.7104678 1.3417491 0.3746917
v -2.3657115 10.0343847 7.7170877
vt 128 927
vn -5.8454208 1.4627328 0.1865121
f 3601/3601/3601 3602/3602/3602 3603/3603/3603 3604/3604/3604
v 1.0599459 5.3065166 11.4759569
vt 160 896
vn 0.8197986 -1.2241209 5.7963486
v 2.1207356 6.1021657 11.1518259
vt 191 896
vn 3.479676 0.6438718 4.702558
v 1.64491 6.2935638 11.3365841
vt 191 927
vn 1.3613468 1.7702959 5.4203458
v 1.4889481 5.696034 11.4309616
vt 160 927
vn 1.4169426 -0.1428038 5.8740697
f 3605/3605/3605 3606/3606/3606 3607/3607/3607 3608/3608/3608
v -1.2187011 -1.8783623 7.3724442
vt 192 896
vn -3.1623831 -2.2906938 4.7069325
v -1.2318172 -2.3884845 7.1660166
vt 223 896
vn -2.616601 -3.0199802 1.1284925
v -1.0116974 -2.3056417 7.2650547
vt 223 927
vn -1.9721097 -3.12391 4.9845872
v -0.9594899 -2.0457401 7.5236945
vt 192 927
vn -3.3348131 -3.2758586 4.092267
f 3609/3609/3609 3610/3610/3610 3611/3611/3611 3612/3612/3612
v 0.4578815 9.6751881 5.2505727
vt 224 896
vn -0.8634167 -5.6197596 -2.3246369
v -0.3730374 9.6715164 5.286447
vt 255 896
vn 2.060693 -4.911027 -2.1013441
v -0.6208786 9.7075348 5.0894232
vt 255 927
vn 0.4049763 -2.1025109 -5.2545943
v 0.1509862 9.7346964 5.0512204
vt 224 927
vn -0.0128471 -2.7342186 -3.9763525
f 3613/3613/3613 3614/3614/3614 3615/3615/3615 3616/3616/3616
v -0.8248637 7.6353459 9.2566252
vt 256 896
vn 2.5748975 2.1926622 -4.8487673
v -1.4675272 7.6837769 9.3091917
vt 287 896
vn -2.166954 3.2333519 -4.5468388
v -1.1538546 8.5230532 9.3454523
vt 287 927
vn -0.0777688 -0.8900447 -5.7229829
v -0.5981789 8.6624746 9.5662079
vt 256 927
vn 4.5258589 -0.2928806 -3.7051811
f 3617/3617/3617 3618/3618/3618 3619/3619/3619 3620/3620/3620
v 2.71644 10.9898043 6.8579626
vt 288 896
vn 5.242713 -2.6677444 -0.5336816
v 2.4640999 10.7524261 7.4049788
vt 319 896
vn 4.5063467 -0.1145662 0.0360584
v 2.6164451 10.5836248 7.364922
vt 319 927
vn 4.3342762 -0.3565798 -0.0269334
v 2.4861958 10.7444792 6.6898198
vt 288 927
vn 5.0952067 -0.0590736 -0.394064
f 3621/3621/3621 3622/3622/3622 3623/3623/3623 3624/3624/3624
v -1.0502152 -1.2111788 6.1165175
vt 320 896
vn -2.6523023 -2.5888519 -0.282175
v -0.8701866 -1.0456959 5.7126155
vt 351 896
vn -4.1748548 -1.855942 -2.553412
v -0.6379573 -1.3075832 6.0491157
vt 351 927
vn -3.9401178 -2.2466285 -2.5718496
v -1.1409019 -1.0111458 6.4409757
vt 320 927
vn -5.4701905 -1.5991478 -1.5404168
f 3625/3625/3625 3626/3626/3626 3627/3627/3627 3628/3628/3628
v 1.8900769 -1.0089505 6.8241234
vt 352 896
vn 5.9333568 -0.1411169 -1.6916665
v 1.9275669 -1.0878932 6.9910297
vt 383 896
vn 4.9095612 -0.3407529 -3.2006505
v 1.8969065 -1.3026146 6.9009051
vt 383 927
vn 5.0706244 -0.3452204 -3.6125793
v 1.8058797 -1.1584716 6.7105446
vt 352 927
vn 5.6561079 -1.2448403 -2.19818
f 3629/3629/3629 3630/3630/3630 3631/3631/3631 3632/3632/3632
v 2.3982751 6.7401972 8.3472595
vt 384 896
vn -0.0249389 2.1570299 -4.9376283
v 2.7638106 6.4174733 8.346489
vt 415 896
vn 2.740427 0.9611902 -4.5391808
v 2.3878357 5.8343811 8.2780771
vt 415 927
vn -0.1113843 -1.7094145 -4.927382
v 1.8354954 5.9885211 8.4386625
vt 384 927
vn -2.9355896 -1.1340969 -4.4800549
f 3633/3633/3633 3634/3634/3634 3635/3635/3635 3636/3636/3636
v 0.5085245 9.2533312 6.2686396
vt 416 896
vn -5.515882 -2.4882925 -0.4957566
v 0.5939207 9.3000984 6.6945052
vt 447 896
vn -4.6817713 -2.5651679 2.9683051
v 0.4360122 9.6624279 6.9211044
vt 447 927
vn -1.59507 -5.3823981 1.3797646
v 0.2204607 9.6524744 6.2787981
vt 416 927
vn -2.2891099 -5.3337989 0.0525583
f 3637/3637/3637 3638/3638/3638 3639/3639/3639 3640/3640/3640
v -1.3083642 7.1920466 6.8142157
vt 448 896
vn -4.4259415 0.2340508 4.3877125
v -0.9892552 6.7377157 7.0815978
vt 479 896
vn -1.5057777 0.7418464 5.7521758
v -0.7293493 7.2173991 7.0136733
vt 479 927
vn 2.5114219 0.5455445 5.4643192
v -1.0044596 7.5263705 7.0367675
vt 448 927
vn -1.4964275 0.2610066 5.6580901
f 3641/3641/3641 3642/3642/3642 3643/3643/3643 3644/3644/3644
v -0.453526 8.2163687 6.1696272
vt 480 896
vn 5.457027 0.2905065 -2.2113364
v -0.2527322 7.0459571 6.3037581
vt 511 896
vn 5.7751565 0.9882213 -0.398723
v -0.1400393 6.0382028 6.0991654
vt 511 927
vn 1.7490149 3.0161119 -3.6389143
v -0.4719974 7.0685849 5.8695879
vt 480 927
vn 4.4074526 0.8329158 -4.0924168
f 3645/3645/3645 3646/3646/3646 3647/3647/3647 3648/3648/3648
v 0.5746207 8.6825209 6.2233591
vt 512 896
vn -5.7466712 -0.1542217 -0.7788576
v 0.5221684 7.4388018 6.2723918
vt 543 896
vn -5.8534927 0.5395494 -0.4341276
v 0.6277723 8.1038465 6.5792923
vt 543 927
vn -5.0414267 0.3393207 3.1210654
v 0.7405542 8.6403589 6.6979284
vt 512 927
vn -4.7529974 -0.4374526 3.7511599
f 3649/3649/3649 3650/3650/3650 3651/3651/3651 3652/3652/3652
v -1.0653387 10.146102 5.1497765
vt 544 896
vn 0.2588091 2.347908 -5.6441298
v -1.1307811 10.4534607 5.3918943
vt 575 896
vn 0.4272544 0.3428605 -4.7200494
v 0.2191307 10.5640764 5.1632395
vt 575 927
vn -0.0066299 -0.8793529 -4.8607121
v -0.0814279 10.4106922 5.3226976
vt 544 927
vn -0.0054868 -0.4436722 -4.6734233
f 3653/3653/3653 3654/3654/3654 3655/3655/3655 3656/3656/3656
v -1.3384447 5.4247599 11.2772923
vt 576 896
vn -2.6112754 -1.0505109 5.3775511
v -0.7182596 5.4071798 11.4687557
vt 607 896
vn -0.9552231 -0.4019079 6.0614829
v -0.172938 5.719347 11.4405823
vt 607 927
vn 0.070641 1.4099579 6.0734401
v -0.7535881 6.3570552 11.4531088
vt 576 927
vn 0.1158636 1.6532385 5.2353082
f 3657/3657/3657 3658/3658/3658 3659/3659/3659 3660/3660/3660
v 1.6653414 3.5142775 7.577424
vt 608 896
vn 4.3677473 -0.6115099 4.4209538
v 2.0229521 3.631577 7.1755524
vt 639 896
vn 5.2834158 0.2905213 3.2260873
v 1.7007601 4.5443125 7.6560855
vt 639 927
vn 5.9112806 0.3275608 1.8005992
v 1.4690241 3.9482136 7.9391232
vt 608 927
vn 4.9034166 -2.0386505 3.1251621
f 3661/3661/3661 3662/3662/3662 3663/3663/3663 3664/3664/3664
v 1.8890086 -0.3652249 6.7191553
vt 640 896
vn 5.6686797 -0.5887309 -2.0856605
v 2.0484791 0.1598503 6.8741245
vt 671 896
vn 5.5653372 0.3068371 -2.7778041
v 2.2452257 -0.1317795 7.2132392
vt 671 927
vn 5.0769215 0.3637425 0.0930577
v 2.0388021 -0.327347 6.9452019
vt 640 927
vn 5.0937691 -0.136887 -3.6264129
f 3665/3665/3665 3666/3666/3666 3667/3667/3667 3668/3668/3668
v -0.364071 9.3821621 6.0001798
vt 672 896
vn 4.9734383 -3.7259846 -0.6939453
v -0.1713277 9.6756954 5.9362836
vt 703 896
vn 2.1912525 -5.0539021 -0.4563844
v -0.2111288 9.6584282 6.6273379
vt 703 927
vn 2.4245653 -4.9865727 0.6149707
v -0.3515609 9.3514986 6.2243505
vt 672 927
vn 5.6524658 -2.4791574 -0.3561953
f 3669/3669/3669 3670/3670/3670 3671/3671/3671 3672/3672/3672
v -0.2527322 7.0459571 6.3037581
vt 704 896
vn 5.7751565 0.9882213 -0.398723
v -0.453526 8.2163687 6.1696272
vt 735 896
vn 5.457027 0.2905065 -2.2113364
v -0.3717157 9.0582743 6.3707633
vt 735 927
vn 5.8767557 -0.2569476 0.0563544
v -0.4768795 8.2453394 6.656878
vt 704 927
vn 5.3819427 0.1967286 2.5711935
f 3673/3673/3673 3674/3674/3674 3675/3675/3675 3676/3676/3676
v -0.9386582 0.4800442 8.1719427
vt 736 896
vn -3.46984 0.8916986 4.996604
v -0.5293183 0.5765483 8.3513918
vt 767 896
vn -2.4249728 1.1044817 5.6526179
v -0.3206217 0.9376569 8.351449
vt 767 927
vn -2.2366414 1.342864 5.6961865
v -0.8318812 0.8518867 8.1280022
vt 736 927
vn -3.32059 1.6899335 4.9940419
f 3677/3677/3677 3678/3678/3678 3679/3679/3679 3680/3680/3680
v 2.1703277 0.4303749 7.2698779
vt 768 896
vn 4.7474637 1.585324 0.7242641
v 2.2452257 -0.1317795 7.2132392
vt 799 896
vn 5.0769215 0.3637425 0.0930577
v 2.0484791 0.1598503 6.8741245
vt 799 927
vn 5.5653372 0.3068371 -2.7778041
v 2.0540755 0.4657335 6.9137173
vt 768 927
vn 5.3605194 0.6899251 -2.5709591
f 3681/3681/3681 3682/3682/3682 3683/3683/3683 3684/3684/3684
v -0.8280192 8.584527 10.6582174
vt 800 896
vn 4.3684421 0.5285163 4.4113865
v -1.0618259 8.665822 10.80443
vt 831 896
vn -0.5790937 0.2265253 5.2910013
v -1.2494122 8.1640263 10.7049074
vt 831 927
vn -3.7301366 0.711486 4.9754858
v -0.9745372 8.1740179 10.8571215
vt 800 927
vn 0.7100646 0.8058112 5.1375966
f 3685/3685/3685 3686/3686/3686 3687/3687/3687 3688/3688/3688
v 1.7495652 -1.5985535 6.761035
vt 832 896
vn 5.1050549 -0.8959483 -3.470448
v 1.8839529 -1.6786504 6.9619255
vt 863 896
vn 5.114459 -0.9211079 -3.4164369
v 1.7953528 -2.1716671 6.7891612
vt 863 927
vn 3.1349297 -1.8395039 -2.4939117
v 1.496455 -2.1932118 6.692246
vt 832 927
vn 4.4468751 -2.1343689 -3.1400254
f 3689/3689/3689 3690/3690/3690 3691/3691/3691 3692/3692/3692
v 1.6924539 9.6261673 7.0094481
vt 864 896
vn 1.7390356 -4.9679804 2.1527886
v 2.1469436 9.6621571 6.5103092
vt 895 896
vn 0.8572376 -6.1868773 0.0905563
v 1.9439826 9.6690979 7.5739646
vt 895 927
vn 0.1559818 -6.2734199 -0.060296
v 1.2796018 9.6348257 7.26474
vt 864 927
vn 0.3785393 -5.9070621 1.5452164
f 3693/3693/3693 3694/3694/3694 3695/3695/3695 3696/3696/3696
v 0.8124229 -0.3640853 5.2878165
vt 896 896
vn 1.9473077 -2.1747482 -2.7900202
v 0.9399669 -0.031468 5.4653616
vt 927 896
vn 4.1601391 1.7026976 -3.8857918
v 0.6905646 -0.4644384 5.598177
vt 927 927
vn 2.8016779 -3.6007123 -3.4037068
v 0.4650186 -0.353432 5.2453833
vt 896 927
vn 0.5592277 -3.5420339 -4.4253469
f 3697/3697/3697 3698/3698/3698 3699/3699/3699 3700/3700/3700
v 1.5689868 -1.9042776 6.1746602
vt 928 896
vn 5.2444658 -1.1287961 -1.4353834
v 1.3479837 -2.0411384 5.8039603
vt 959 896
vn 3.6089916 -2.3817484 -3.1630144
v 0.8940693 -2.0938752 5.6536551
vt 959 927
vn 0.0001281 -2.6683071 -4.779829
v 1.2357076 -1.7361577 5.5981312
vt 928 927
vn 2.5069251 -0.0058051 -4.2411733
f 3701/3701/3701 3702/3702/3702 3703/3703/3703 3704/3704/3704
v -1.2932153 1.9278194 5.9074445
vt 960 896
vn -4.5395341 -2.7089942 -3.3022654
v -1.8716853 2.6699269 6.2343702
vt 991 896
vn -5.438261 -1.3938055 -1.5347779
v -1.8579268 3.5414398 5.8340578
vt 991 927
vn -5.1080089 -0.1308811 -2.5839615
v -1.4184257 2.5742478 5.6437435
vt 960 927
vn -4.4733405 -1.7577533 -3.924794
f 3705/3705/3705 3706/3706/3706 3707/3707/3707 3708/3708/3708
v 0.8988553 -1.2940068 4.897398
vt 992 896
vn 3.0158353 -1.817013 -3.6619129
v 0.6768399 -1.1621737 4.80335
vt 1023 896
vn 1.5057498 1.0095204 -5.5874767
v 0.2465568 -0.9175953 4.8645229
vt 1023 927
vn -0.456844 2.2514651 -5.6662016
v 0.8162653 -0.9321076 4.9391103
vt 992 927
vn 2.3230147 2.5058475 -4.9248371
f 3709/3709/3709 3710/3710/3710 3711/3711/3711 3712/3712/3712
v -0.9741753 9.1171474 9.1051807
vt 0 928
vn 1.7111099 -4.3469033 -4.0433149
v -1.3697149 8.9357634 9.250783
vt 31 928
vn -1.4952652 -3.6716464 -4.5702472
v -1.6856735 9.0684738 9.38235
vt 31 959
vn -4.625967 -3.3139822 -2.0981743
v -1.3934928 9.0534449 9.0979795
vt 0 959
vn -1.1514165 -4.6297359 -3.5629945
f 3713/3713/3713 3714/3714/3714 3715/3715/3715 3716/3716/3716
v -1.8588185 9.2983837 6.3130641
vt 32 928
vn -4.0071034 -3.0171666 1.0398033
v -1.7045646 9.3704729 5.6161098
vt 63 928
vn -4.0161061 -3.5034595 -2.4279847
v -1.464416 9.0957222 5.766304
vt 63 959
vn -3.7880883 -3.3797112 -3.4197748
v -1.6854883 9.1485987 6.2623639
vt 32 959
vn -5.3149495 -2.669574 0.5602809
f 3717/3717/3717 3718/3718/3718 3719/3719/3719 3720/3720/3720
v 1.6924539 9.6261673 7.0094481
vt 64 928
vn 1.7390356 -4.9679804 2.1527886
v 1.861766 9.5757189 6.627039
vt 95 928
vn 4.2604227 -3.2214282 1.7390944
v 2.0209684 9.6496305 5.9833879
vt 95 959
vn 2.7936082 -4.8009648 -0.5135505
v 2.1469436 9.6621571 6.5103092
vt 64 959
vn 0.8572376 -6.1868773 0.0905563
f 3721/3721/3721 3722/3722/3722 3723/3723/3723 3724/3724/3724
v -1.2351441 -1.1447117 6.9266734
vt 96 928
vn -4.8991303 -0.8336018 -3.542563
v -1.4237187 -1.3805952 7.1366415
vt 127 928
vn -4.9883003 -0.1895874 -3.2149229
v -1.4742858 -1.135759 7.4354291
vt 127 959
vn -5.5437441 -0.7861619 1.6565214
v -1.4214175 -0.9662228 7.0751219
vt 96 959
vn -4.8420863 -0.5339109 -3.5135968
f 3725/3725/3725 3726/3726/3726 3727/3727/3727 3728/3728/3728
v 2.9682677 5.9813695 8.5368605
vt 128 928
vn 4.5000558 -1.016587 -2.8419292
v 2.7569957 5.6981459 8.4565001
vt 159 928
vn 2.6115475 -2.8172925 -3.5188944
v 2.3878357 5.8343811 8.2780771
vt 159 959
vn -0.1113843 -1.7094145 -4.927382
v 2.7638106 6.4174733 8.346489
vt 128 959
vn 2.740427 0.9611902 -4.5391808
f 3729/3729/3729 3730/3730/3730 3731/3731/3731 3732/3732/3732
v -1.2308538 0.4038499 7.8959956
vt 160 928
vn -4.6491814 0.6893381 4.1315265
v -1.5560189 0.1103846 7.5055881
vt 191 928
vn -5.5742464 0.4830293 1.5976021
v -1.6149651 -0.2806806 7.3723121
vt 191 959
vn -5.7122197 0.2316604 0.3908033
v -1.3031965 -0.0448947 7.8788333
vt 160 959
vn -5.0020905 0.8111993 3.6689665
f 3733/3733/3733 3734/3734/3734 3735/3735/3735 3736/3736/3736
v 1.3501085 7.0312924 7.0113769
vt 192 928
vn 2.0309515 0.3664667 5.1388845
v 1.6796459 7.1562839 6.575644
vt 223 928
vn 5.5505562 0.5483052 2.6445882
v 1.3947681 7.566606 6.927969
vt 223 959
vn 3.2910094 0.3186805 4.9511805
v 1.1396034 7.3441401 7.0124331
vt 192 959
vn -0.807534 0.3257559 5.8183708
f 3737/3737/3737 3738/3738/3738 3739/3739/3739 3740/3740/3740
v 0.640698 0.5559661 8.4355183
vt 224 928
vn 2.5879712 0.9302506 5.5387464
v 0.8837773 0.9162911 8.3062
vt 255 928
vn 2.9417577 0.8115298 5.4545455
v 0.5938598 1.1847203 8.4284649
vt 255 959
vn 1.8527051 2.3656912 4.9070683
v 0.5351284 0.8363273 8.4811764
vt 224 959
vn 2.1406035 0.5690229 5.778739
f 3741/3741/3741 3742/3742/3742 3743/3743/3743 3744/3744/3744
v 1.6252351 0.7632064 6.7004547
vt 256 928
vn 3.4927595 0.5990512 -4.2089348
v 1.4986247 1.0862128 6.3598804
vt 287 928
vn 4.4622793 -2.4849198 -3.5519855
v 1.9466616 1.5161902 6.5769529
vt 287 959
vn 5.2250791 -2.4057603 -2.0248623
v 1.7723013 1.0884132 6.7738495
vt 256 959
vn 3.9526365 -0.9378833 -3.9841659
f 3745/3745/3745 3746/3746/3746 3747/3747/3747 3748/3748/3748
v -2.3513043 10.1335888 6.4703016
vt 288 928
vn -5.659586 2.3946309 0.2310929
v -2.1459713 10.4238253 6.4460011
vt 319 928
vn -4.4723597 -0.5900269 0.1286851
v -2.1909523 10.4511518 5.3252163
vt 319 959
vn -3.4567223 -0.2185169 -3.548866
v -2.3336396 10.2625933 5.7580814
vt 288 959
vn -5.3487511 2.9600854 0.3046555
f 3749/3749/3749 3750/3750/3750 3751/3751/3751 3752/3752/3752
v -1.2351441 -1.1447117 6.9266734
vt 320 928
vn -4.8991303 -0.8336018 -3.542563
v -1.1409019 -1.0111458 6.4409757
vt 351 928
vn -5.4701905 -1.5991478 -1.5404168
v -0.6379573 -1.3075832 6.0491157
vt 351 959
vn -3.9401178 -2.2466285 -2.5718496
v -0.9802535 -1.4148511 6.7062325
vt 320 959
vn -4.7665796 -1.7493064 -3.2227201
f 3753/3753/3753 3754/3754/3754 3755/3755/3755 3756/3756/3756
v 1.3249042 7.1191936 8.9365215
vt 352 928
vn -3.3350484 1.417017 -4.4034305
v 2.3982751 6.7401972 8.3472595
vt 383 928
vn -0.0249389 2.1570299 -4.9376283
v 1.8354954 5.9885211 8.4386625
vt 383 959
vn -2.9355896 -1.1340969 -4.4800549
v 1.0868367 6.403605 9.2048731
vt 352 959
vn -1.1607244 2.8194234 -3.4269857
f 3757/3757/3757 3758/3758/3758 3759/3759/3759 3760/3760/3760
v 1.0488949 2.9535499 4.8839684
vt 384 928
vn 2.9909182 -0.4782904 -5.2776318
v 1.3049167 2.4833667 5.1612458
vt 415 928
vn 3.6457529 -1.6056418 -4.6817079
v 1.2739623 1.9804562 5.3861847
vt 415 959
vn 3.5172293 -2.5526259 -4.4484668
v 0.8620512 2.1514463 5.0363021
vt 384 959
vn 2.4298825 -2.2777784 -5.2217045
f 3761/3761/3761 3762/3762/3762 3763/3763/3763 3764/3764/3764
v -0.2901676 9.590086 9.7916622
vt 416 928
vn 4.0116014 -4.4051704 -0.2120917
v -0.4333994 9.2071657 9.8003101
vt 447 928
vn 5.8054824 -1.5954679 -0.2380118
v -0.7462617 8.9640598 9.3542118
vt 447 959
vn 3.4044507 -2.2950706 -4.4404893
v -0.5815852 9.2015457 9.3555832
vt 416 959
vn 4.5786085 -3.4299779 -2.206413
f 3765/3765/3765 3766/3766/3766 3767/3767/3767 3768/3768/3768
v -1.6115783 6.2267656 8.2366791
vt 448 928
vn 1.5605452 -0.3642344 -5.0046811
v -1.0311229 5.5557895 8.9969006
vt 479 928
vn -1.8379428 -0.326755 -2.7977018
v -1.8047059 5.1882334 9.0085325
vt 479 959
vn -0.5885809 -4.7651539 -2.4931972
v -1.9449686 5.7450042 8.3217554
vt 448 959
vn -0.6688774 -2.2792857 -4.0425858
f 3769/3769/3769 3770/3770/3770 3771/3771/3771 3772/3772/3772
v 2.6453688 11.2439146 6.295351
vt 480 928
vn 3.0597572 3.5533485 -0.3881719
v 2.6468494 11.2435379 8.1074123
vt 511 928
vn 3.1148231 3.5393357 0.1316857
v 2.7140052 10.9984865 7.4814391
vt 511 959
vn 5.3227201 -2.0525503 0.2722756
v 2.751991 11.1305952 6.9259443
vt 480 959
vn 5.2912951 1.2824922 -0.2046138
f 3773/3773/3773 3774/3774/3774 3775/3775/3775 3776/3776/3776
v 2.4264205 10.790307 5.2273993
vt 512 928
vn 3.5758722 0.0277636 -4.0336413
v 2.6760898 11.1655521 5.4515924
vt 543 928
vn 3.2541108 1.1468128 -1.0603923
v 2.6478891 11.0331087 6.3067393
vt 543 959
vn 5.7639341 -1.9906055 -0.5726041
v 2.4848893 10.7706537 5.9899688
vt 512 959
vn 5.5449281 -0.1341558 0.097325
f 3777/3777/3777 3778/3778/3778 3779/3779/3779 3780/3780/3780
v 2.7875972 9.6783333 8.2369566
vt 544 928
vn 3.3777688 -2.7266772 -0.0024118
v 2.027647 9.6130495 8.5344868
vt 575 928
vn 0.9860267 -5.3767109 -2.0440443
v 2.739068 9.6838598 7.4582844
vt 575 959
vn 3.2465966 -3.2607012 -0.0588962
v 2.7570465 10.0122547 8.0929031
vt 544 959
vn 5.571959 2.1332023 -0.0124173
f 3781/3781/3781 3782/3782/3782 3783/3783/3783 3784/3784/3784
v -0.5293183 0.5765483 8.3513918
vt 576 928
vn -2.4249728 1.1044817 5.6526179
v -0.0969948 0.7615269 8.5022278
vt 607 928
vn -0.9858615 1.1526654 5.4672074
v 0.197573 0.8561366 8.4704599
vt 607 959
vn -1.1533995 0.5247422 5.8738585
v -0.3206217 0.9376569 8.351449
vt 576 959
vn -2.2366414 1.342864 5.6961865
f 3785/3785/3785 3786/3786/3786 3787/3787/3787 3788/3788/3788
v -0.5128239 9.2181759 6.7730579
vt 608 928
vn 4.7382474 -1.3905895 3.5230994
v -0.4527687 9.6362877 6.9970369
vt 639 928
vn 1.8888086 -4.9829421 1.7824028
v -0.7848545 9.5563469 7.0879884
vt 639 959
vn 1.0345184 -4.1852565 3.444665
v -0.9870054 9.126667 7.0954294
vt 608 959
vn 0.1012444 -0.4927056 5.4533639
f 3789/3789/3789 3790/3790/3790 3791/3791/3791 3792/3792/3792
v -1.0674857 7.077527 10.8738565
vt 640 928
vn -1.0783471 0.410025 4.9366026
v -1.2748207 7.2069197 10.9105721
vt 671 928
vn -2.0887573 -1.2370528 4.7004294
v -1.5039607 7.3509002 10.6967258
vt 671 959
vn -3.6559777 1.5122541 4.8740058
v -1.7185326 7.1400337 10.6151886
vt 640 959
vn -3.4974771 -0.5485775 3.9737272
f 3793/3793/3793 3794/3794/3794 3795/3795/3795 3796/3796/3796
v -1.1538546 8.5230532 9.3454523
vt 672 928
vn -0.0777688 -0.8900447 -5.7229829
v -1.4675272 7.6837769 9.3091917
vt 703 928
vn -2.166954 3.2333519 -4.5468388
v -1.8517867 7.5301313 9.6358824
vt 703 959
vn -5.212945 2.9350543 -1.0057502
v -1.558568 8.5391893 9.6273689
vt 672 959
vn -4.9644728 -0.5816025 -3.4244225
f 3797/3797/3797 3798/3798/3798 3799/3799/3799 3800/3800/3800
v 0.197573 0.8561366 8.4704599
vt 704 928
vn -1.1533995 0.5247422 5.8738585
v -0.0969948 0.7615269 8.5022278
vt 735 928
vn -0.9858615 1.1526654 5.4672074
v -0.5293183 0.5765483 8.3513918
vt 735 959
vn -2.4249728 1.1044817 5.6526179
v 0.131071 0.5068895 8.5106688
vt 704 959
vn -1.9456134 0.5957783 5.7312651
f 3801/3801/3801 3802/3802/3802 3803/3803/3803 3804/3804/3804
v -0.2615512 -0.7754563 8.4774914
vt 736 928
vn -1.7960021 -0.9522947 5.8222146
v 0.091033 -0.6043884 8.580184
vt 767 928
vn -1.366987 -0.3431538 6.0585136
v 0.2315299 -0.1889162 8.6375132
vt 767 959
vn -0.1171236 -0.1085095 6.0542736
v -0.2107034 -0.4854413 8.4937353
vt 736 959
vn -1.7293668 -0.6674303 5.9571805
f 3805/3805/3805 3806/3806/3806 3807/3807/3807 3808/3808/3808
v 0.5562208 10.1565199 10.751193
vt 768 928
vn 0.1546247 -0.1951472 6.2705917
v 0.6614017 9.6907463 10.7021313
vt 799 928
vn 0.0736775 -3.5511284 3.1227837
v 1.0015219 9.7375374 10.7205858
vt 799 959
vn 0.008331 -3.0545919 4.2728453
v 1.4133464 10.3653994 10.7429714
vt 768 959
vn 0.2399225 0.1454961 6.257638
f 3809/3809/3809 3810/3810/3810 3811/3811/3811 3812/3812/3812
v 0.8851747 -2.0248067 7.8854108
vt 800 928
vn 2.4104741 -3.4937105 4.4640737
v 1.2622963 -1.8757921 7.7505622
vt 831 928
vn 3.1208916 -3.1833007 4.3330374
v 1.0673643 -1.6402568 8.0120621
vt 831 959
vn 2.7225261 -2.7802391 4.9014645
v 0.6119051 -1.7397609 8.1436405
vt 800 959
vn 2.8202188 -3.0167058 4.6134443
f 3813/3813/3813 3814/3814/3814 3815/3815/3815 3816/3816/3816
v 0.1545463 9.6921329 9.5613937
vt 832 928
vn -0.4522038 -6.2547445 0.2419435
v 0.7903621 9.6716537 9.2572803
vt 863 928
vn -2.6197088 -4.3311925 -0.1888965
v 0.8115607 9.6933651 9.968277
vt 863 959
vn -2.6169882 -4.5516934 0.9656029
v 0.0910722 9.7125959 10.083271
vt 832 959
vn 0.6997601 -6.149694 -0.2232749
f 3817/3817/3817 3818/3818/3818 3819/3819/3819 3820/3820/3820
v -1.6552821 1.7268108 6.9413581
vt 864 928
vn -5.5574026 -1.5444213 0.5453253
v -1.7937911 2.3467178 6.8733883
vt 895 928
vn -5.7641153 -1.0188448 1.2801946
v -1.8716853 2.6699269 6.2343702
vt 895 959
vn -5.438261 -1.3938055 -1.5347779
v -1.5583048 1.6912619 6.6121373
vt 864 959
vn -5.3301797 -2.4784501 -1.9481717
f 3821/3821/3821 3822/3822/3822 3823/3823/3823 3824/3824/3824
v 0.1054404 9.632679 10.7236853
vt 896 928
vn 0.326997 -3.4501648 2.7588964
v 0.0910722 9.7125959 10.083271
vt 927 928
vn 0.6997601 -6.149694 -0.2232749
v 0.8115607 9.6933651 9.968277
vt 927 959
vn -2.6169882 -4.5516934 0.9656029
v 0.6614017 9.6907463 10.7021313
vt 896 959
vn 0.0736775 -3.5511284 3.1227837
f 3825/3825/3825 3826/3826/3826 3827/3827/3827 3828/3828/3828
v 2.7479188 6.8557677 8.6138716
vt 928 928
vn 3.7206657 3.276937 -2.9270535
v 3.0408945 6.5114121 8.818099
vt 959 928
vn 5.2880678 1.619025 -1.3542998
v 2.9682677 5.9813695 8.5368605
vt 959 959
vn 4.5000558 -1.016587 -2.8419292
v 2.7638106 6.4174733 8.346489
vt 928 959
vn 2.740427 0.9611902 -4.5391808
f 3829/3829/3829 3830/3830/3830 3831/3831/3831 3832/3832/3832
v -1.0116974 -2.3056417 7.2650547
vt 960 928
vn -1.9721097 -3.12391 4.9845872
v -0.8563975 -2.5159919 7.162909
vt 991 928
vn -2.1500001 -3.4515412 3.6537662
v -0.6871943 -2.4638488 7.2460985
vt 991 959
vn -1.5237991 -4.0238957 4.4002037
v -0.4389219 -2.3145313 7.5923452
vt 960 959
vn -1.9469794 -4.4002914 3.94489
f 3833/3833/3833 3834/3834/3834 3835/3835/3835 3836/3836/3836
v 1.6937864 4.62536 10.6303501
vt 992 928
vn 3.0836051 -4.793283 2.0606239
v 2.1193776 4.9169364 10.2223959
vt 1023 928
vn 3.8755739 -4.8934107 0.3313534
v 2.5016968 5.1696897 10.1213961
vt 1023 959
vn 4.204895 -4.1240821 0.924921
v 2.0666349 5.0160508 10.8631926
vt 992 959
vn 3.5552342 -3.4246783 2.9962575
f 3837/3837/3837 3838/3838/3838 3839/3839/3839 3840/3840/3840
v -2.1915586 10.3712387 7.1826315
vt 0 960
vn -5.7198939 0.7812891 0.2815378
v -2.1459713 10.4238253 6.4460011
vt 31 960
vn -4.4723597 -0.5900269 0.1286851
v -2.389179 10.0429659 7.0727453
vt 31 991
vn -5.8135171 1.6129109 0.1479813
v -2.1571815 10.4209909 7.5721645
vt 0 991
vn -4.9890413 -0.7257475 0.2239134
f 3841/3841/3841 3842/3842/3842 3843/3843/3843 3844/3844/3844
v -2.2996731 10.5667105 7.7387967
vt 32 960
vn -4.6905355 -0.2145839 0.046561
v -2.1678884 10.7336321 7.5415764
vt 63 960
vn -4.7957101 -0.0388334 -0.0133276
v -2.1844833 10.7296839 6.5513515
vt 63 991
vn -4.947885 0.7693557 -0.0094517
v -2.3278267 10.5824432 6.5470357
vt 32 991
vn -4.5108252 -0.1110022 0.0838156
f 3845/3845/3845 3846/3846/3846 3847/3847/3847 3848/3848/3848
v 1.0673643 -1.6402568 8.0120621
vt 64 960
vn 2.7225261 -2.7802391 4.9014645
v 1.4051425 -1.4755504 7.867106
vt 95 960
vn 3.6995358 -2.4453807 4.4300804
v 1.5731976 -1.048045 7.9538274
vt 95 991
vn 4.0247221 -1.4328854 4.4127836
v 1.2060742 -1.2712266 8.1400671
vt 64 991
vn 3.0431395 -2.1986206 4.9230824
f 3849/3849/3849 3850/3850/3850 3851/3851/3851 3852/3852/3852
v -0.292598 9.7286282 9.0273685
vt 96 960
vn 2.0358574 -5.1485004 -0.5797781
v -0.2901676 9.590086 9.7916622
vt 127 960
vn 4.0116014 -4.4051704 -0.2120917
v -0.5815852 9.2015457 9.3555832
vt 127 991
vn 4.5786085 -3.4299779 -2.206413
v -0.5203976 9.4228077 9.001194
vt 96 991
vn 3.7909737 -4.0102882 -2.1883392
f 3853/3853/3853 3854/3854/3854 3855/3855/3855 3856/3856/3856
v -1.2318172 -2.3884845 7.1660166
vt 128 960
vn -2.616601 -3.0199802 1.1284925
v -0.8736831 -2.3639419 6.9093943
vt 159 960
vn -3.5759528 -1.6862506 -4.3481975
v -0.8563975 -2.5159919 7.162909
vt 159 991
vn -2.1500001 -3.4515412 3.6537662
v -1.0854026 -2.6216412 7.107698
vt 128 991
vn -0.6115108 -1.5581275 -0.0683322
f 3857/3857/3857 3858/3858/3858 3859/3859/3859 3860/3860/3860
v 0.1234915 6.5070224 8.9591265
vt 160 960
vn -2.3249419 5.4225206 -1.8187951
v -0.6796842 6.1258168 9.02318
vt 191 960
vn 0.1650196 2.6255929 -3.2222357
v -0.6069999 6.9241633 9.1633787
vt 191 991
vn 4.5588183 1.0430042 -3.9712384
v -0.3071267 6.4758983 9.5172892
vt 160 991
vn 0.6974087 2.8842268 -2.7858305
f 3861/3861/3861 3862/3862/3862 3863/3863/3863 3864/3864/3864
v -1.6740961 8.3214512 9.9950943
vt 192 960
vn -6.0782409 0.741044 0.5460804
v -1.5805739 8.0357399 10.4197817
vt 223 960
vn -5.0258064 1.1085787 3.3823464
v -1.2307475 8.7897644 10.6642323
vt 223 991
vn -3.9679987 0.3924905 4.8374791
v -1.5009187 8.8957758 10.3920546
vt 192 991
vn -4.9458928 -0.4798009 3.6928663
f 3865/3865/3865 3866/3866/3866 3867/3867/3867 3868/3868/3868
v 2.295728 -0.5071592 7.2428427
vt 224 960
vn 4.1790886 -0.5544248 0.2161328
v 2.1225512 -0.7895964 7.0362821
vt 255 960
vn 4.8482113 -1.1343552 -2.5900517
v 1.8890086 -0.3652249 6.7191553
vt 255 991
vn 5.6686797 -0.5887309 -2.0856605
v 2.0388021 -0.327347 6.9452019
vt 224 991
vn 5.0937691 -0.136887 -3.6264129
f 3869/3869/3869 3870/3870/3870 3871/3871/3871 3872/3872/3872
v -1.2351441 -1.1447117 6.9266734
vt 256 960
vn -4.8991303 -0.8336018 -3.542563
v -1.4214175 -0.9662228 7.0751219
vt 287 960
vn -4.8420863 -0.5339109 -3.5135968
v -1.4244915 -0.6652537 7.0782385
vt 287 991
vn -4.8197594 -0.9119445 -3.8727677
v -1.3683766 -0.3304695 6.921886
vt 256 991
vn -5.2693672 -0.5760315 -3.2339082
f 3873/3873/3873 3874/3874/3874 3875/3875/3875 3876/3876/3876
v 1.2060742 -1.2712266 8.1400671
vt 288 960
vn 3.0431395 -2.1986206 4.9230824
v 1.5731976 -1.048045 7.9538274
vt 319 960
vn 4.0247221 -1.4328854 4.4127836
v 1.3670162 -0.7672268 8.1576138
vt 319 991
vn 3.5951326 -0.6016166 5.0614262
v 1.1138725 -1.0120759 8.2784882
vt 288 991
vn 2.7863045 -1.234921 5.3901925
f 3877/3877/3877 3878/3878/3878 3879/3879/3879 3880/3880/3880
v 0.0867386 -2.6444335 6.446373
vt 320 960
vn -2.3687842 -4.5255551 -3.3346362
v -0.2170011 -2.7079532 6.6788311
vt 351 960
vn -1.7519672 -4.4993048 -3.8600349
v -0.4438263 -2.7875116 7.0190849
vt 351 991
vn -1.1024172 -5.2584019 2.2267075
v -0.4280065 -2.50966 6.5531201
vt 320 991
vn -1.8584417 -4.5523224 -3.5067506
f 3881/3881/3881 3882/3882/3882 3883/3883/3883 3884/3884/3884
v 1.6855316 8.6721039 6.3448939
vt 352 960
vn 5.8620338 -0.8558646 0.2830827
v 1.3917459 8.1124668 6.9124794
vt 383 960
vn 3.6426554 0.0451286 4.6254635
v 1.3947681 7.566606 6.927969
vt 383 991
vn 3.2910094 0.3186805 4.9511805
v 1.6796459 7.1562839 6.575644
vt 352 991
vn 5.5505562 0.5483052 2.6445882
f 3885/3885/3885 3886/3886/3886 3887/3887/3887 3888/3888/3888
v -0.4719974 7.0685849 5.8695879
vt 384 960
vn 4.4074526 0.8329158 -4.0924168
v -0.5066888 6.143816 5.6668625
vt 415 960
vn 3.4775267 1.0095404 -4.9279079
v -0.8014017 6.1614299 5.5516667
vt 415 991
vn 0.4479024 0.9049633 -5.9238629
v -0.8058481 6.8591022 5.643723
vt 384 991
vn 0.939312 0.6667811 -5.8257513
f 3889/3889/3889 3890/3890/3890 3891/3891/3891 3892/3892/3892
v 1.2052482 3.7372944 5.0458412
vt 416 960
vn 2.5568986 0.8000829 -5.6437478
v 1.6926731 3.8023508 5.2143116
vt 447 960
vn 3.1070576 0.4568711 -5.0011616
v 1.4306035 2.9011769 5.1812916
vt 447 991
vn 3.8502409 -0.8494465 -4.82866
v 0.960896 3.4793823 4.870791
vt 416 991
vn 2.9894929 0.5387328 -5.4462562
f 3893/3893/3893 3894/3894/3894 3895/3895/3895 3896/3896/3896
v -2.3455255 9.6739101 7.7498221
vt 448 960
vn -3.2322302 -3.3618081 0.0720229
v -1.1563927 9.6775455 8.2806435
vt 479 960
vn 0.0455229 -6.2721052 -0.032991
v -1.4165095 9.639658 8.6773758
vt 479 991
vn -0.3824878 -4.0546713 -3.3260775
v -1.661285 9.6356497 8.8161707
vt 448 991
vn -1.8119786 -3.6605389 -2.6660669
f 3897/3897/3897 3898/3898/3898 3899/3899/3899 3900/3900/3900
v 1.9094548 10.7207556 5.2448516
vt 480 960
vn -0.2016248 1.2863333 -5.2499075
v 1.3956472 10.5871496 5.153018
vt 511 960
vn 0.1059052 -0.966148 -5.2978368
v 0.6361413 10.7350883 5.2453589
vt 511 991
vn -0.4447865 1.2230963 -5.806242
v 1.3940232 10.8168049 5.2262139
vt 480 991
vn 0.0726219 -0.1798919 -6.0105314
f 3901/3901/3901 3902/3902/3902 3903/3903/3903 3904/3904/3904
v -0.2111288 9.6584282 6.6273379
vt 512 960
vn 2.4245653 -4.9865727 0.6149707
v -0.1713277 9.6756954 5.9362836
vt 543 960
vn 2.1912525 -5.0539021 -0.4563844
v 0.418326 9.6086483 5.8016462
vt 543 991
vn -2.8949084 -4.996139 -1.0742218
v 0.2204607 9.6524744 6.2787981
vt 512 991
vn -2.2891099 -5.3337989 0.0525583
f 3905/3905/3905 3906/3906/3906 3907/3907/3907 3908/3908/3908
v -1.7943202 9.5774755 10.7596321
vt 544 960
vn -0.4502278 -3.0634665 3.5853498
v -2.2423317 9.5951481 10.4187441
vt 575 960
vn -3.4301951 -2.7782352 1.0611094
v -2.3297055 9.6155701 9.8078003
vt 575 991
vn -4.544405 -2.7627492 0.3759262
v -1.9097611 9.5186224 10.2895088
vt 544 991
vn -2.7301779 -4.9591622 1.7687477
f 3909/3909/3909 3910/3910/3910 3911/3911/3911 3912/3912/3912
v -1.9555386 9.6183643 6.3415842
vt 576 960
vn -3.2226276 -4.5730014 0.5889609
v -1.8405075 9.5992355 5.7155704
vt 607 960
vn -3.2793112 -4.4368625 -1.1000155
v -1.7045646 9.3704729 5.6161098
vt 607 991
vn -4.0161061 -3.5034595 -2.4279847
v -1.8588185 9.2983837 6.3130641
vt 576 991
vn -4.0071034 -3.0171666 1.0398033
f 3913/3913/3913 3914/3914/3914 3915/3915/3915 3916/3916/3916
v 1.5818887 0.9647077 7.8094735
vt 608 960
vn 4.3859143 2.4746637 3.2436285
v 1.7508558 1.0295582 7.3285022
vt 639 960
vn 4.1662002 1.4722935 3.406357
v 1.2645837 1.2491651 7.9577398
vt 639 991
vn 3.8802543 1.0306517 4.7431464
v 1.3888021 0.9444687 7.9786372
vt 608 991
vn 3.6570263 2.0167203 4.6916232
f 3917/3917/3917 3918/3918/3918 3919/3919/3919 3920/3920/3920
v -0.7262635 7.5532265 5.7594571
vt 640 960
vn 2.6854658 0.821678 -5.3629951
v -0.8710191 8.3866062 5.788528
vt 671 960
vn 1.7483236 -0.1149284 -5.6563783
v -0.5989407 8.8113184 5.9123569
vt 671 991
vn 4.6698194 -0.7588757 -3.9162691
v -0.453526 8.2163687 6.1696272
vt 640 991
vn 5.457027 0.2905065 -2.2113364
f 3921/3921/3921 3922/3922/3922 3923/3923/3923 3924/3924/3924
v 1.1401659 -2.3231974 7.3811817
vt 672 960
vn 2.4313376 -4.1542354 4.0204434
v 1.6335874 -2.1651003 7.2225089
vt 703 960
vn 3.1800406 -3.6402967 3.9471719
v 1.9364496 -1.8923683 7.1905069
vt 703 991
vn 4.4636307 -2.024142 1.4634535
v 1.674921 -1.7784606 7.4765296
vt 672 991
vn 3.8276353 -2.4511197 4.2731705
f 3925/3925/3925 3926/3926/3926 3927/3927/3927 3928/3928/3928
v -2.3657115 10.0343847 7.7170877
vt 704 960
vn -5.8454208 1.4627328 0.1865121
v -2.374244 10.004591 8.4781199
vt 735 960
vn -5.7104678 1.3417491 0.3746917
v -2.2744122 10.1421089 8.8109436
vt 735 991
vn -5.7328725 2.3419013 0.2035503
v -2.2428086 10.2204647 8.1622257
vt 704 991
vn -5.1769052 3.5499067 0.0023546
f 3929/3929/3929 3930/3930/3930 3931/3931/3931 3932/3932/3932
v 1.0921702 -0.4304393 6.0087914
vt 736 960
vn -0.1034992 0.0792279 -1.8309892
v 0.5584534 -0.8400118 5.5560622
vt 767 960
vn -0.1792037 2.9378138 -1.6081966
v 0.0945862 -0.876982 5.4627609
vt 767 991
vn 0.2008002 3.5446491 -0.9947082
v 0.6905646 -0.4644384 5.598177
vt 736 991
vn 2.8016779 -3.6007123 -3.4037068
f 3933/3933/3933 3934/3934/3934 3935/3935/3935 3936/3936/3936
v -0.9073601 -1.9434416 6.8880744
vt 768 960
vn -2.1272793 -1.5206029 -3.6784565
v -0.7735083 -2.1827884 6.8465829
vt 799 960
vn -4.2299237 -0.7464724 -2.8063321
v -0.6632663 -2.3856189 6.5453362
vt 799 991
vn -4.3487463 -3.2856717 -2.4775155
v -0.8736831 -2.3639419 6.9093943
vt 768 991
vn -3.5759528 -1.6862506 -4.3481975
f 3937/3937/3937 3938/3938/3938 3939/3939/3939 3940/3940/3940
v 1.3956472 10.5871496 5.153018
vt 800 960
vn 0.1059052 -0.966148 -5.2978368
v 2.2388237 10.5505943 5.0559773
vt 831 960
vn 0.4935037 -0.5430937 -3.6300759
v 2.4508705 10.4222088 5.2482748
vt 831 991
vn 3.9150681 1.6627856 -3.4415514
v 1.421774 10.4175138 5.3287106
vt 800 991
vn -0.0380286 -0.2940138 -4.3165288
f 3941/3941/3941 3942/3942/3942 3943/3943/3943 3944/3944/3944
v 2.131808 -1.4516894 7.1331162
vt 832 960
vn 4.1405334 -1.0289912 -0.5037495
v 1.9364496 -1.8923683 7.1905069
vt 863 960
vn 4.4636307 -2.024142 1.4634535
v 1.7953528 -2.1716671 6.7891612
vt 863 991
vn 3.1349297 -1.8395039 -2.4939117
v 1.8839529 -1.6786504 6.9619255
vt 832 991
vn 5.114459 -0.9211079 -3.4164369
f 3945/3945/3945 3946/3946/3946 3947/3947/3947 3948/3948/3948
v 0.3048024 -3.0197473 6.6527624
vt 864 960
vn -0.8747485 -4.7800865 -3.3222818
v 0.5448304 -3.2815356 7.0756831
vt 895 960
vn 1.3646517 -2.9767165 0.3858085
v 0.1581303 -3.1588364 7.3361793
vt 895 991
vn -1.225451 -2.9711583 2.4176903
v -0.0237539 -3.0872927 6.9574409
vt 864 991
vn -2.8631866 -4.2617383 -0.6605225
f 3949/3949/3949 3950/3950/3950 3951/3951/3951 3952/3952/3952
v -1.0003899 9.4001589 8.8582191
vt 896 960
vn 0.6493219 -3.8276634 -4.6777163
v -0.7281585 9.3136902 9.036377
vt 927 960
vn 2.0548716 -5.0333047 -3.0599134
v -0.9741753 9.1171474 9.1051807
vt 927 991
vn 1.7111099 -4.3469033 -4.0433149
v -1.2912626 9.2387905 8.8740177
vt 896 991
vn 0.4604082 -4.6514297 -3.9211369
f 3953/3953/3953 3954/3954/3954 3955/3955/3955 3956/3956/3956
v 0.4133098 9.6623001 8.0760765
vt 928 960
vn -0.0019081 -6.2768435 0.1947693
v -0.1961326 9.6679726 8.1446753
vt 959 960
vn 0.099672 -6.2775512 0.2119949
v -0.5092713 9.6540346 7.7603951
vt 959 991
vn 0.1276505 -6.2730331 0.2688394
v 0.2862116 9.6646376 7.4927473
vt 928 991
vn -0.0146699 -6.2814994 0.0254503
f 3957/3957/3957 3958/3958/3958 3959/3959/3959 3960/3960/3960
v 2.60075 10.2069435 9.2327309
vt 960 960
vn 5.9845886 1.4572521 0.2777516
v 2.7707596 9.721509 8.9013767
vt 991 960
vn 4.0785704 -2.105417 0.2340901
v 2.7875972 9.6783333 8.2369566
vt 991 991
vn 3.3777688 -2.7266772 -0.0024118
v 2.7264566 9.9746828 8.8115988
vt 960 991
vn 5.7293177 2.1683261 0.353292
f 3961/3961/3961 3962/3962/3962 3963/3963/3963 3964/3964/3964
v 2.0209684 9.6496305 5.9833879
vt 992 960
vn 2.7936082 -4.8009648 -0.5135505
v 1.8109777 9.2482901 6.0158143
vt 1023 960
vn 4.5031219 -3.4626563 -1.6406703
v 1.811965 9.4074802 5.6499887
vt 1023 991
vn 2.2491241 -2.3992651 -2.9386528
v 1.6764359 9.6491089 5.4652085
vt 992 991
vn 1.6801196 -4.6781821 -2.6589601
f 3965/3965/3965 3966/3966/3966 3967/3967/3967 3968/3968/3968
v -0.9380537 9.5008602 10.6340351
vt 0 992
vn 1.4869531 -1.9499049 4.9878411
v -0.7721389 9.2343512 10.4893818
vt 31 992
vn 4.6672215 0.5152168 4.0157475
v -0.6573805 9.0912304 10.39921
vt 31 1023
vn 5.0494423 0.1858452 3.548121
v -0.5853232 9.30758 10.3265638
vt 0 1023
vn 4.8831515 -1.3612778 3.3932395
f 3969/3969/3969 3970/3970/3970 3971/3971/3971 3972/3972/3972
v -0.8563899 5.4697676 5.4221344
vt 32 992
vn -0.1881696 0.628562 -5.8094897
v -0.8014017 6.1614299 5.5516667
vt 63 992
vn 0.4479024 0.9049633 -5.9238629
v -0.5066888 6.143816 5.6668625
vt 63 1023
vn 3.4775267 1.0095404 -4.9279079
v -0.2867411 5.5355349 5.6592112
vt 32 1023
vn 1.2267461 2.4300461 -5.4222274
f 3973/3973/3973 3974/3974/3974 3975/3975/3975 3976/3976/3976
v 1.7828457 11.1498623 5.1241546
vt 64 992
vn -0.0299917 1.0178345 -5.564117
v 1.3940232 10.8168049 5.2262139
vt 95 992
vn 0.0726219 -0.1798919 -6.0105314
v 0.6361413 10.7350883 5.2453589
vt 95 1023
vn -0.4447865 1.2230963 -5.806242
v 1.0102755 11.0251389 5.1492429
vt 64 1023
vn -0.1884916 -0.4505951 -6.0299888
f 3977/3977/3977 3978/3978/3978 3979/3979/3979 3980/3980/3980
v 0.6289862 9.8106089 5.0387745
vt 96 992
vn -0.2587776 -1.5378453 -5.1254354
v 0.9131269 9.6787405 5.1035728
vt 127 992
vn -0.1381631 -3.1009948 -4.9072909
v 0.4578815 9.6751881 5.2505727
vt 127 1023
vn -0.8634167 -5.6197596 -2.3246369
v 0.1509862 9.7346964 5.0512204
vt 96 1023
vn -0.0128471 -2.7342186 -3.9763525
f 3981/3981/3981 3982/3982/3982 3983/3983/3983 3984/3984/3984
v 1.3318908 9.5333643 5.4720297
vt 128 992
vn 1.3644822 -3.4282289 -3.770592
v 1.4997673 9.2973719 5.4266887
vt 159 992
vn -0.0396718 -1.4549903 -1.3326349
v 1.5756335 9.2219744 5.8841043
vt 159 1023
vn 2.8513675 -2.6030352 -3.956084
v 1.1352725 9.1230478 5.68891
vt 128 1023
vn 0.1482681 -2.759295 -5.0828447
f 3985/3985/3985 3986/3986/3986 3987/3987/3987 3988/3988/3988
v 0.2235546 6.7861915 10.7126064
vt 160 992
vn -0.5596006 5.2205601 3.0804729
v 0.1117783 6.9576163 10.0052633
vt 191 992
vn -0.8675978 5.4747519 -0.9021751
v -0.0405518 6.8771801 10.485486
vt 191 1023
vn 1.8269002 5.445365 1.8338068
v -0.0869374 6.3594532 11.1174679
vt 160 1023
vn 0.8459584 3.6103296 4.8231378
f 3989/3989/3989 3990/3990/3990 3991/3991/3991 3992/3992/3992
v 2.3951421 10.4538717 8.7462893
vt 192 992
vn 4.2760949 -0.6742337 -0.173905
v 2.7570465 10.0122547 8.0929031
vt 223 992
vn 5.571959 2.1332023 -0.0124173
v 2.5269501 10.2737236 7.5892291
vt 223 1023
vn 5.152072 3.5012264 0.0499052
v 2.437186 10.4201927 7.8837714
vt 192 1023
vn 4.6567101 -0.4474545 -0.0025285
f 3993/3993/3993 3994/3994/3994 3995/3995/3995 3996/3996/3996
v 2.6453688 11.2439146 6.295351
vt 224 992
vn 3.0597572 3.5533485 -0.3881719
v 1.403482 11.243824 10.6195965
vt 255 992
vn 0.4062445 4.0723462 2.9630799
v 2.645376 11.2439251 9.087471
vt 255 1023
vn 3.0870714 3.1219182 0.4998778
v 2.6468494 11.2435379 8.1074123
vt 224 1023
vn 3.1148231 3.5393357 0.1316857
f 3997/3997/3997 3998/3998/3998 3999/3999/3999 4000/4000/4000
